2026-02-12 00:00:01 INFO  [main] o.s.b.a.h.H2ConsoleAutoConfiguration - H2 console available at '/h2-console'. Database available at 'jdbc:h2:mem:testdb'
2026-02-12 00:00:01 INFO  [main] o.s.b.t.m.w.SpringBootMockServletContext - Initializing Spring TestDispatcherServlet ''
2026-02-12 00:00:01 INFO  [main] o.s.t.w.s.TestDispatcherServlet - Initializing Servlet ''
2026-02-12 00:00:01 INFO  [main] o.s.t.w.s.TestDispatcherServlet - Completed initialization in 6 ms
2026-02-12 00:00:01 INFO  [main] c.M.O.i.OrderIntegrationTest - Started OrderIntegrationTest in 13.061 seconds (process running for 16.689)
2026-02-12 00:00:03 INFO  [main] c.M.O.controller.OrderController - POST /order request received 
2026-02-12 00:00:03 INFO  [main] c.M.O.service.OrderService - Create order request was received for user id=2, and amount=2522 
2026-02-12 00:00:03 INFO  [main] c.M.O.service.OrderService - Order Cerated successfully with userId=2, and amount=2522
2026-02-12 00:00:03 INFO  [main] c.M.O.controller.OrderController - POST / Create order successfully with orderId=null 
2026-02-12 00:00:04 INFO  [SpringApplicationShutdownHook] o.s.o.j.LocalContainerEntityManagerFactoryBean - Closing JPA EntityManagerFactory for persistence unit 'default'
2026-02-12 00:00:04 INFO  [SpringApplicationShutdownHook] com.zaxxer.hikari.HikariDataSource - HikariPool-1 - Shutdown initiated...
2026-02-12 00:00:04 INFO  [SpringApplicationShutdownHook] com.zaxxer.hikari.HikariDataSource - HikariPool-1 - Shutdown completed.
2026-02-12 00:01:04 INFO  [main] c.M.O.i.OrderIntegrationTest - Starting OrderIntegrationTest using Java 23.0.2 with PID 1160 (started by firoz in D:\Microservice projects\Microservices-First-Project\order-service)
2026-02-12 00:01:04 INFO  [main] c.M.O.i.OrderIntegrationTest - The following 1 profile is active: "test"
2026-02-12 00:01:07 INFO  [main] o.s.d.r.c.RepositoryConfigurationDelegate - Bootstrapping Spring Data JPA repositories in DEFAULT mode.
2026-02-12 00:01:07 INFO  [main] o.s.d.r.c.RepositoryConfigurationDelegate - Finished Spring Data repository scanning in 164 ms. Found 1 JPA repository interface.
2026-02-12 00:01:08 INFO  [main] o.h.jpa.internal.util.LogHelper - HHH000204: Processing PersistenceUnitInfo [name: default]
2026-02-12 00:01:08 INFO  [main] org.hibernate.Version - HHH000412: Hibernate ORM core version 6.6.41.Final
2026-02-12 00:01:08 INFO  [main] o.h.c.i.RegionFactoryInitiator - HHH000026: Second-level cache disabled
2026-02-12 00:01:10 INFO  [main] o.s.o.j.p.SpringPersistenceUnitInfo - No LoadTimeWeaver setup: ignoring JPA class transformer
2026-02-12 00:01:10 INFO  [main] com.zaxxer.hikari.HikariDataSource - HikariPool-1 - Starting...
2026-02-12 00:01:10 INFO  [main] com.zaxxer.hikari.pool.HikariPool - HikariPool-1 - Added connection conn0: url=jdbc:h2:mem:testdb user=SA
2026-02-12 00:01:10 INFO  [main] com.zaxxer.hikari.HikariDataSource - HikariPool-1 - Start completed.
2026-02-12 00:01:10 INFO  [main] o.hibernate.orm.connections.pooling - HHH10001005: Database info:
	Database JDBC URL [Connecting through datasource 'HikariDataSource (HikariPool-1)']
	Database driver: undefined/unknown
	Database version: 2.3.232
	Autocommit mode: undefined/unknown
	Isolation level: undefined/unknown
	Minimum pool size: undefined/unknown
	Maximum pool size: undefined/unknown
2026-02-12 00:01:13 INFO  [main] o.h.e.t.j.p.i.JtaPlatformInitiator - HHH000489: No JTA platform available (set 'hibernate.transaction.jta.platform' to enable JTA platform integration)
2026-02-12 00:01:13 INFO  [main] o.s.o.j.LocalContainerEntityManagerFactoryBean - Initialized JPA EntityManagerFactory for persistence unit 'default'
2026-02-12 00:01:13 INFO  [main] c.M.O.OrderServiceApplication - Order Service Application started successfully
2026-02-12 00:01:14 WARN  [main] o.s.b.a.o.j.JpaBaseConfiguration$JpaWebConfiguration - spring.jpa.open-in-view is enabled by default. Therefore, database queries may be performed during view rendering. Explicitly configure spring.jpa.open-in-view to disable this warning
2026-02-12 00:01:15 INFO  [main] o.s.b.a.h.H2ConsoleAutoConfiguration - H2 console available at '/h2-console'. Database available at 'jdbc:h2:mem:testdb'
2026-02-12 00:01:15 INFO  [main] o.s.b.t.m.w.SpringBootMockServletContext - Initializing Spring TestDispatcherServlet ''
2026-02-12 00:01:15 INFO  [main] o.s.t.w.s.TestDispatcherServlet - Initializing Servlet ''
2026-02-12 00:01:15 INFO  [main] o.s.t.w.s.TestDispatcherServlet - Completed initialization in 2 ms
2026-02-12 00:01:15 INFO  [main] c.M.O.i.OrderIntegrationTest - Started OrderIntegrationTest in 13.231 seconds (process running for 17.289)
2026-02-12 00:01:17 INFO  [main] c.M.O.controller.OrderController - POST /order request received 
2026-02-12 00:01:17 INFO  [main] c.M.O.service.OrderService - Create order request was received for user id=1, and amount=2522 
2026-02-12 00:01:17 INFO  [main] c.M.O.service.OrderService - Order Cerated successfully with userId=1, and amount=2522
2026-02-12 00:01:17 INFO  [main] c.M.O.controller.OrderController - POST / Create order successfully with orderId=null 
2026-02-12 00:01:17 INFO  [SpringApplicationShutdownHook] o.s.o.j.LocalContainerEntityManagerFactoryBean - Closing JPA EntityManagerFactory for persistence unit 'default'
2026-02-12 00:01:17 INFO  [SpringApplicationShutdownHook] com.zaxxer.hikari.HikariDataSource - HikariPool-1 - Shutdown initiated...
2026-02-12 00:01:17 INFO  [SpringApplicationShutdownHook] com.zaxxer.hikari.HikariDataSource - HikariPool-1 - Shutdown completed.
2026-02-12 00:02:21 INFO  [main] c.M.O.i.OrderIntegrationTest - Starting OrderIntegrationTest using Java 23.0.2 with PID 12464 (started by firoz in D:\Microservice projects\Microservices-First-Project\order-service)
2026-02-12 00:02:21 INFO  [main] c.M.O.i.OrderIntegrationTest - The following 1 profile is active: "test"
2026-02-12 00:02:25 INFO  [main] o.s.d.r.c.RepositoryConfigurationDelegate - Bootstrapping Spring Data JPA repositories in DEFAULT mode.
2026-02-12 00:02:25 INFO  [main] o.s.d.r.c.RepositoryConfigurationDelegate - Finished Spring Data repository scanning in 173 ms. Found 1 JPA repository interface.
2026-02-12 00:02:26 INFO  [main] o.h.jpa.internal.util.LogHelper - HHH000204: Processing PersistenceUnitInfo [name: default]
2026-02-12 00:02:26 INFO  [main] org.hibernate.Version - HHH000412: Hibernate ORM core version 6.6.41.Final
2026-02-12 00:02:27 INFO  [main] o.h.c.i.RegionFactoryInitiator - HHH000026: Second-level cache disabled
2026-02-12 00:02:28 INFO  [main] o.s.o.j.p.SpringPersistenceUnitInfo - No LoadTimeWeaver setup: ignoring JPA class transformer
2026-02-12 00:02:28 INFO  [main] com.zaxxer.hikari.HikariDataSource - HikariPool-1 - Starting...
2026-02-12 00:02:29 INFO  [main] com.zaxxer.hikari.pool.HikariPool - HikariPool-1 - Added connection conn0: url=jdbc:h2:mem:testdb user=SA
2026-02-12 00:02:29 INFO  [main] com.zaxxer.hikari.HikariDataSource - HikariPool-1 - Start completed.
2026-02-12 00:02:29 INFO  [main] o.hibernate.orm.connections.pooling - HHH10001005: Database info:
	Database JDBC URL [Connecting through datasource 'HikariDataSource (HikariPool-1)']
	Database driver: undefined/unknown
	Database version: 2.3.232
	Autocommit mode: undefined/unknown
	Isolation level: undefined/unknown
	Minimum pool size: undefined/unknown
	Maximum pool size: undefined/unknown
2026-02-12 00:02:31 INFO  [main] o.h.e.t.j.p.i.JtaPlatformInitiator - HHH000489: No JTA platform available (set 'hibernate.transaction.jta.platform' to enable JTA platform integration)
2026-02-12 00:02:32 INFO  [main] o.s.o.j.LocalContainerEntityManagerFactoryBean - Initialized JPA EntityManagerFactory for persistence unit 'default'
2026-02-12 00:02:32 INFO  [main] c.M.O.OrderServiceApplication - Order Service Application started successfully
2026-02-12 00:02:33 WARN  [main] o.s.b.a.o.j.JpaBaseConfiguration$JpaWebConfiguration - spring.jpa.open-in-view is enabled by default. Therefore, database queries may be performed during view rendering. Explicitly configure spring.jpa.open-in-view to disable this warning
2026-02-12 00:02:34 INFO  [main] o.s.b.a.h.H2ConsoleAutoConfiguration - H2 console available at '/h2-console'. Database available at 'jdbc:h2:mem:testdb'
2026-02-12 00:02:34 INFO  [main] o.s.b.t.m.w.SpringBootMockServletContext - Initializing Spring TestDispatcherServlet ''
2026-02-12 00:02:34 INFO  [main] o.s.t.w.s.TestDispatcherServlet - Initializing Servlet ''
2026-02-12 00:02:34 INFO  [main] o.s.t.w.s.TestDispatcherServlet - Completed initialization in 5 ms
2026-02-12 00:02:34 INFO  [main] c.M.O.i.OrderIntegrationTest - Started OrderIntegrationTest in 14.27 seconds (process running for 18.556)
2026-02-12 00:02:36 INFO  [main] c.M.O.controller.OrderController - POST /order request received 
2026-02-12 00:02:36 INFO  [main] c.M.O.service.OrderService - Create order request was received for user id=1, and amount=2522 
2026-02-12 00:02:36 INFO  [main] c.M.O.service.OrderService - Order Cerated successfully with userId=1, and amount=2522
2026-02-12 00:02:36 INFO  [main] c.M.O.controller.OrderController - POST / Create order successfully with orderId=null 
2026-02-12 00:02:36 INFO  [SpringApplicationShutdownHook] o.s.o.j.LocalContainerEntityManagerFactoryBean - Closing JPA EntityManagerFactory for persistence unit 'default'
2026-02-12 00:02:36 INFO  [SpringApplicationShutdownHook] com.zaxxer.hikari.HikariDataSource - HikariPool-1 - Shutdown initiated...
2026-02-12 00:02:36 INFO  [SpringApplicationShutdownHook] com.zaxxer.hikari.HikariDataSource - HikariPool-1 - Shutdown completed.
2026-02-12 00:08:52 INFO  [main] c.M.O.i.OrderIntegrationTest - Starting OrderIntegrationTest using Java 23.0.2 with PID 9312 (started by firoz in D:\Microservice projects\Microservices-First-Project\order-service)
2026-02-12 00:08:52 INFO  [main] c.M.O.i.OrderIntegrationTest - The following 1 profile is active: "test"
2026-02-12 00:08:55 INFO  [main] o.s.d.r.c.RepositoryConfigurationDelegate - Bootstrapping Spring Data JPA repositories in DEFAULT mode.
2026-02-12 00:08:55 INFO  [main] o.s.d.r.c.RepositoryConfigurationDelegate - Finished Spring Data repository scanning in 196 ms. Found 1 JPA repository interface.
2026-02-12 00:08:56 INFO  [main] o.h.jpa.internal.util.LogHelper - HHH000204: Processing PersistenceUnitInfo [name: default]
2026-02-12 00:08:56 INFO  [main] org.hibernate.Version - HHH000412: Hibernate ORM core version 6.6.41.Final
2026-02-12 00:08:56 INFO  [main] o.h.c.i.RegionFactoryInitiator - HHH000026: Second-level cache disabled
2026-02-12 00:08:58 INFO  [main] o.s.o.j.p.SpringPersistenceUnitInfo - No LoadTimeWeaver setup: ignoring JPA class transformer
2026-02-12 00:08:58 INFO  [main] com.zaxxer.hikari.HikariDataSource - HikariPool-1 - Starting...
2026-02-12 00:08:59 INFO  [main] com.zaxxer.hikari.pool.HikariPool - HikariPool-1 - Added connection conn0: url=jdbc:h2:mem:testdb user=SA
2026-02-12 00:08:59 INFO  [main] com.zaxxer.hikari.HikariDataSource - HikariPool-1 - Start completed.
2026-02-12 00:08:59 INFO  [main] o.hibernate.orm.connections.pooling - HHH10001005: Database info:
	Database JDBC URL [Connecting through datasource 'HikariDataSource (HikariPool-1)']
	Database driver: undefined/unknown
	Database version: 2.3.232
	Autocommit mode: undefined/unknown
	Isolation level: undefined/unknown
	Minimum pool size: undefined/unknown
	Maximum pool size: undefined/unknown
2026-02-12 00:09:02 INFO  [main] o.h.e.t.j.p.i.JtaPlatformInitiator - HHH000489: No JTA platform available (set 'hibernate.transaction.jta.platform' to enable JTA platform integration)
2026-02-12 00:09:02 INFO  [main] o.s.o.j.LocalContainerEntityManagerFactoryBean - Initialized JPA EntityManagerFactory for persistence unit 'default'
2026-02-12 00:09:02 INFO  [main] c.M.O.OrderServiceApplication - Order Service Application started successfully
2026-02-12 00:09:04 WARN  [main] o.s.b.a.o.j.JpaBaseConfiguration$JpaWebConfiguration - spring.jpa.open-in-view is enabled by default. Therefore, database queries may be performed during view rendering. Explicitly configure spring.jpa.open-in-view to disable this warning
2026-02-12 00:09:05 INFO  [main] o.s.b.a.h.H2ConsoleAutoConfiguration - H2 console available at '/h2-console'. Database available at 'jdbc:h2:mem:testdb'
2026-02-12 00:09:05 INFO  [main] o.s.b.t.m.w.SpringBootMockServletContext - Initializing Spring TestDispatcherServlet ''
2026-02-12 00:09:05 INFO  [main] o.s.t.w.s.TestDispatcherServlet - Initializing Servlet ''
2026-02-12 00:09:05 INFO  [main] o.s.t.w.s.TestDispatcherServlet - Completed initialization in 2 ms
2026-02-12 00:09:05 INFO  [main] c.M.O.i.OrderIntegrationTest - Started OrderIntegrationTest in 15.024 seconds (process running for 19.334)
2026-02-12 00:09:08 INFO  [main] c.M.O.controller.OrderController - POST /order request received 
2026-02-12 00:09:08 INFO  [main] c.M.O.service.OrderService - Create order request was received for user id=1, and amount=2522 
2026-02-12 00:09:08 INFO  [main] c.M.O.service.OrderService - Order Cerated successfully with userId=1, and amount=2522
2026-02-12 00:09:08 INFO  [main] c.M.O.controller.OrderController - POST / Create order successfully with orderId=null 
2026-02-12 00:09:08 INFO  [SpringApplicationShutdownHook] o.s.o.j.LocalContainerEntityManagerFactoryBean - Closing JPA EntityManagerFactory for persistence unit 'default'
2026-02-12 00:09:08 INFO  [SpringApplicationShutdownHook] com.zaxxer.hikari.HikariDataSource - HikariPool-1 - Shutdown initiated...
2026-02-12 00:09:08 INFO  [SpringApplicationShutdownHook] com.zaxxer.hikari.HikariDataSource - HikariPool-1 - Shutdown completed.
2026-02-12 00:10:07 INFO  [main] c.M.O.i.OrderIntegrationTest - Starting OrderIntegrationTest using Java 23.0.2 with PID 8656 (started by firoz in D:\Microservice projects\Microservices-First-Project\order-service)
2026-02-12 00:10:07 INFO  [main] c.M.O.i.OrderIntegrationTest - The following 1 profile is active: "test"
2026-02-12 00:10:11 INFO  [main] o.s.d.r.c.RepositoryConfigurationDelegate - Bootstrapping Spring Data JPA repositories in DEFAULT mode.
2026-02-12 00:10:11 INFO  [main] o.s.d.r.c.RepositoryConfigurationDelegate - Finished Spring Data repository scanning in 233 ms. Found 1 JPA repository interface.
2026-02-12 00:10:13 INFO  [main] o.h.jpa.internal.util.LogHelper - HHH000204: Processing PersistenceUnitInfo [name: default]
2026-02-12 00:10:13 INFO  [main] org.hibernate.Version - HHH000412: Hibernate ORM core version 6.6.41.Final
2026-02-12 00:10:13 INFO  [main] o.h.c.i.RegionFactoryInitiator - HHH000026: Second-level cache disabled
2026-02-12 00:10:14 INFO  [main] o.s.o.j.p.SpringPersistenceUnitInfo - No LoadTimeWeaver setup: ignoring JPA class transformer
2026-02-12 00:10:14 INFO  [main] com.zaxxer.hikari.HikariDataSource - HikariPool-1 - Starting...
2026-02-12 00:10:15 INFO  [main] com.zaxxer.hikari.pool.HikariPool - HikariPool-1 - Added connection conn0: url=jdbc:h2:mem:testdb user=SA
2026-02-12 00:10:15 INFO  [main] com.zaxxer.hikari.HikariDataSource - HikariPool-1 - Start completed.
2026-02-12 00:10:15 INFO  [main] o.hibernate.orm.connections.pooling - HHH10001005: Database info:
	Database JDBC URL [Connecting through datasource 'HikariDataSource (HikariPool-1)']
	Database driver: undefined/unknown
	Database version: 2.3.232
	Autocommit mode: undefined/unknown
	Isolation level: undefined/unknown
	Minimum pool size: undefined/unknown
	Maximum pool size: undefined/unknown
2026-02-12 00:10:17 INFO  [main] o.h.e.t.j.p.i.JtaPlatformInitiator - HHH000489: No JTA platform available (set 'hibernate.transaction.jta.platform' to enable JTA platform integration)
2026-02-12 00:10:17 INFO  [main] o.s.o.j.LocalContainerEntityManagerFactoryBean - Initialized JPA EntityManagerFactory for persistence unit 'default'
2026-02-12 00:10:17 INFO  [main] c.M.O.OrderServiceApplication - Order Service Application started successfully
2026-02-12 00:10:19 WARN  [main] o.s.b.a.o.j.JpaBaseConfiguration$JpaWebConfiguration - spring.jpa.open-in-view is enabled by default. Therefore, database queries may be performed during view rendering. Explicitly configure spring.jpa.open-in-view to disable this warning
2026-02-12 00:10:21 INFO  [main] o.s.b.a.h.H2ConsoleAutoConfiguration - H2 console available at '/h2-console'. Database available at 'jdbc:h2:mem:testdb'
2026-02-12 00:10:21 INFO  [main] o.s.b.t.m.w.SpringBootMockServletContext - Initializing Spring TestDispatcherServlet ''
2026-02-12 00:10:21 INFO  [main] o.s.t.w.s.TestDispatcherServlet - Initializing Servlet ''
2026-02-12 00:10:21 INFO  [main] o.s.t.w.s.TestDispatcherServlet - Completed initialization in 2 ms
2026-02-12 00:10:21 INFO  [main] c.M.O.i.OrderIntegrationTest - Started OrderIntegrationTest in 15.438 seconds (process running for 19.547)
2026-02-12 00:10:23 INFO  [main] c.M.O.controller.OrderController - POST /order request received 
2026-02-12 00:10:23 INFO  [main] c.M.O.service.OrderService - Create order request was received for user id=1, and amount=2522 
2026-02-12 00:10:23 INFO  [main] c.M.O.service.OrderService - Order Cerated successfully with userId=1, and amount=2522
2026-02-12 00:10:23 INFO  [main] c.M.O.controller.OrderController - POST / Create order successfully with orderId=null 
2026-02-12 00:10:23 INFO  [SpringApplicationShutdownHook] o.s.o.j.LocalContainerEntityManagerFactoryBean - Closing JPA EntityManagerFactory for persistence unit 'default'
2026-02-12 00:10:23 INFO  [SpringApplicationShutdownHook] com.zaxxer.hikari.HikariDataSource - HikariPool-1 - Shutdown initiated...
2026-02-12 00:10:23 INFO  [SpringApplicationShutdownHook] com.zaxxer.hikari.HikariDataSource - HikariPool-1 - Shutdown completed.
2026-02-12 00:15:06 INFO  [main] c.M.O.i.OrderIntegrationTest - Starting OrderIntegrationTest using Java 23.0.2 with PID 18104 (started by firoz in D:\Microservice projects\Microservices-First-Project\order-service)
2026-02-12 00:15:06 INFO  [main] c.M.O.i.OrderIntegrationTest - The following 1 profile is active: "test"
2026-02-12 00:15:10 INFO  [main] o.s.d.r.c.RepositoryConfigurationDelegate - Bootstrapping Spring Data JPA repositories in DEFAULT mode.
2026-02-12 00:15:10 INFO  [main] o.s.d.r.c.RepositoryConfigurationDelegate - Finished Spring Data repository scanning in 229 ms. Found 1 JPA repository interface.
2026-02-12 00:15:12 INFO  [main] o.h.jpa.internal.util.LogHelper - HHH000204: Processing PersistenceUnitInfo [name: default]
2026-02-12 00:15:12 INFO  [main] org.hibernate.Version - HHH000412: Hibernate ORM core version 6.6.41.Final
2026-02-12 00:15:12 INFO  [main] o.h.c.i.RegionFactoryInitiator - HHH000026: Second-level cache disabled
2026-02-12 00:15:13 INFO  [main] o.s.o.j.p.SpringPersistenceUnitInfo - No LoadTimeWeaver setup: ignoring JPA class transformer
2026-02-12 00:15:14 INFO  [main] com.zaxxer.hikari.HikariDataSource - HikariPool-1 - Starting...
2026-02-12 00:15:14 INFO  [main] com.zaxxer.hikari.pool.HikariPool - HikariPool-1 - Added connection conn0: url=jdbc:h2:mem:testdb user=SA
2026-02-12 00:15:14 INFO  [main] com.zaxxer.hikari.HikariDataSource - HikariPool-1 - Start completed.
2026-02-12 00:15:14 INFO  [main] o.hibernate.orm.connections.pooling - HHH10001005: Database info:
	Database JDBC URL [Connecting through datasource 'HikariDataSource (HikariPool-1)']
	Database driver: undefined/unknown
	Database version: 2.3.232
	Autocommit mode: undefined/unknown
	Isolation level: undefined/unknown
	Minimum pool size: undefined/unknown
	Maximum pool size: undefined/unknown
2026-02-12 00:15:17 INFO  [main] o.h.e.t.j.p.i.JtaPlatformInitiator - HHH000489: No JTA platform available (set 'hibernate.transaction.jta.platform' to enable JTA platform integration)
2026-02-12 00:15:17 INFO  [main] o.s.o.j.LocalContainerEntityManagerFactoryBean - Initialized JPA EntityManagerFactory for persistence unit 'default'
2026-02-12 00:15:17 INFO  [main] c.M.O.OrderServiceApplication - Order Service Application started successfully
2026-02-12 00:15:18 WARN  [main] o.s.b.a.o.j.JpaBaseConfiguration$JpaWebConfiguration - spring.jpa.open-in-view is enabled by default. Therefore, database queries may be performed during view rendering. Explicitly configure spring.jpa.open-in-view to disable this warning
2026-02-12 00:15:19 INFO  [main] o.s.b.a.h.H2ConsoleAutoConfiguration - H2 console available at '/h2-console'. Database available at 'jdbc:h2:mem:testdb'
2026-02-12 00:15:20 INFO  [main] o.s.b.t.m.w.SpringBootMockServletContext - Initializing Spring TestDispatcherServlet ''
2026-02-12 00:15:20 INFO  [main] o.s.t.w.s.TestDispatcherServlet - Initializing Servlet ''
2026-02-12 00:15:20 INFO  [main] o.s.t.w.s.TestDispatcherServlet - Completed initialization in 3 ms
2026-02-12 00:15:20 INFO  [main] c.M.O.i.OrderIntegrationTest - Started OrderIntegrationTest in 15.404 seconds (process running for 20.276)
2026-02-12 00:15:22 INFO  [main] c.M.O.controller.OrderController - POST /order request received 
2026-02-12 00:15:22 INFO  [main] c.M.O.service.OrderService - Create order request was received for user id=1, and amount=2522 
2026-02-12 00:15:22 INFO  [main] c.M.O.service.OrderService - Order Cerated successfully with userId=1, and amount=2522
2026-02-12 00:15:22 INFO  [main] c.M.O.controller.OrderController - POST / Create order successfully with orderId=null 
2026-02-12 00:15:23 INFO  [SpringApplicationShutdownHook] o.s.o.j.LocalContainerEntityManagerFactoryBean - Closing JPA EntityManagerFactory for persistence unit 'default'
2026-02-12 00:15:23 INFO  [SpringApplicationShutdownHook] com.zaxxer.hikari.HikariDataSource - HikariPool-1 - Shutdown initiated...
2026-02-12 00:15:23 INFO  [SpringApplicationShutdownHook] com.zaxxer.hikari.HikariDataSource - HikariPool-1 - Shutdown completed.
2026-02-12 00:25:16 INFO  [main] c.M.O.controller.OrderControllerTest - Starting OrderControllerTest using Java 23.0.2 with PID 11052 (started by firoz in D:\Microservice projects\Microservices-First-Project\order-service)
2026-02-12 00:25:16 INFO  [main] c.M.O.controller.OrderControllerTest - No active profile set, falling back to 1 default profile: "default"
2026-02-12 00:25:22 INFO  [main] c.M.O.OrderServiceApplication - Order Service Application started successfully
2026-02-12 00:25:23 INFO  [main] o.s.b.t.m.w.SpringBootMockServletContext - Initializing Spring TestDispatcherServlet ''
2026-02-12 00:25:23 INFO  [main] o.s.t.w.s.TestDispatcherServlet - Initializing Servlet ''
2026-02-12 00:25:23 INFO  [main] o.s.t.w.s.TestDispatcherServlet - Completed initialization in 3 ms
2026-02-12 00:25:23 INFO  [main] c.M.O.controller.OrderControllerTest - Started OrderControllerTest in 8.615 seconds (process running for 12.904)
2026-02-12 00:25:24 WARN  [main] c.M.O.e.GlobalExceptionHandler - Validation Error: [userId: User Id must not be null]
2026-02-12 00:25:25 INFO  [main] c.M.O.controller.OrderController - GET /All Orders fetched
2026-02-12 00:25:25 INFO  [main] c.M.O.controller.OrderController - GET /2 Orders successfully fetched
2026-02-12 00:25:25 INFO  [main] c.M.O.controller.OrderController - POST /order request received 
2026-02-12 00:25:25 INFO  [main] c.M.O.controller.OrderController - POST / Create order successfully with orderId=1 
2026-02-12 00:25:25 INFO  [main] c.M.O.controller.OrderController - DELETE /order request Delete with id 1
2026-02-12 00:25:25 INFO  [main] c.M.O.controller.OrderController - DELETE /Delete order successfully with id=Deleted successfully 
2026-02-12 00:25:25 INFO  [main] c.M.O.controller.OrderController - PUT /order request Updated with id 1
2026-02-12 00:25:25 INFO  [main] c.M.O.controller.OrderController - PUT /Update order successfully with id=1 
2026-02-12 00:25:25 INFO  [main] c.M.O.controller.OrderController - GET /order request fetch by id=1
2026-02-12 00:25:25 WARN  [main] c.M.O.e.GlobalExceptionHandler - Order Not Found Exception: Order with id=1 not found
2026-02-12 00:25:25 INFO  [main] c.M.O.controller.OrderController - GET /order request fetch by id=1
2026-02-12 00:25:25 INFO  [main] c.M.O.controller.OrderController - GET /Order successfully fetched with id=1 
2026-02-12 00:25:26 INFO  [main] c.M.O.controller.OrderController - PUT /order request Updated with id 1
2026-02-12 00:25:26 WARN  [main] c.M.O.e.GlobalExceptionHandler - Order Not Found Exception: Order with id=1 not found
2026-02-12 00:25:26 INFO  [main] o.s.t.c.s.AnnotationConfigContextLoaderUtils - Could not detect default configuration classes for test class [com.MFP.OrderService.integration.OrderIntegrationTest]: OrderIntegrationTest does not declare any static, non-private, non-final, nested classes annotated with @Configuration.
2026-02-12 00:25:26 INFO  [main] o.s.b.t.c.SpringBootTestContextBootstrapper - Found @SpringBootConfiguration com.MFP.OrderService.OrderServiceApplication for test class com.MFP.OrderService.integration.OrderIntegrationTest
2026-02-12 00:25:26 INFO  [main] o.s.b.d.r.RestartApplicationListener - Restart disabled due to context in which it is running
2026-02-12 00:25:26 INFO  [main] c.M.O.i.OrderIntegrationTest - Starting OrderIntegrationTest using Java 23.0.2 with PID 11052 (started by firoz in D:\Microservice projects\Microservices-First-Project\order-service)
2026-02-12 00:25:26 INFO  [main] c.M.O.i.OrderIntegrationTest - The following 1 profile is active: "test"
2026-02-12 00:25:27 INFO  [main] o.s.d.r.c.RepositoryConfigurationDelegate - Bootstrapping Spring Data JPA repositories in DEFAULT mode.
2026-02-12 00:25:27 INFO  [main] o.s.d.r.c.RepositoryConfigurationDelegate - Finished Spring Data repository scanning in 156 ms. Found 1 JPA repository interface.
2026-02-12 00:25:29 INFO  [main] o.h.jpa.internal.util.LogHelper - HHH000204: Processing PersistenceUnitInfo [name: default]
2026-02-12 00:25:29 INFO  [main] org.hibernate.Version - HHH000412: Hibernate ORM core version 6.6.41.Final
2026-02-12 00:25:29 INFO  [main] o.h.c.i.RegionFactoryInitiator - HHH000026: Second-level cache disabled
2026-02-12 00:25:29 INFO  [main] o.s.o.j.p.SpringPersistenceUnitInfo - No LoadTimeWeaver setup: ignoring JPA class transformer
2026-02-12 00:25:29 INFO  [main] com.zaxxer.hikari.HikariDataSource - HikariPool-1 - Starting...
2026-02-12 00:25:30 INFO  [main] com.zaxxer.hikari.pool.HikariPool - HikariPool-1 - Added connection conn0: url=jdbc:h2:mem:testdb user=SA
2026-02-12 00:25:30 INFO  [main] com.zaxxer.hikari.HikariDataSource - HikariPool-1 - Start completed.
2026-02-12 00:25:30 INFO  [main] o.hibernate.orm.connections.pooling - HHH10001005: Database info:
	Database JDBC URL [Connecting through datasource 'HikariDataSource (HikariPool-1)']
	Database driver: undefined/unknown
	Database version: 2.3.232
	Autocommit mode: undefined/unknown
	Isolation level: undefined/unknown
	Minimum pool size: undefined/unknown
	Maximum pool size: undefined/unknown
2026-02-12 00:25:32 INFO  [main] o.h.e.t.j.p.i.JtaPlatformInitiator - HHH000489: No JTA platform available (set 'hibernate.transaction.jta.platform' to enable JTA platform integration)
2026-02-12 00:25:32 INFO  [main] o.s.o.j.LocalContainerEntityManagerFactoryBean - Initialized JPA EntityManagerFactory for persistence unit 'default'
2026-02-12 00:25:32 INFO  [main] c.M.O.OrderServiceApplication - Order Service Application started successfully
2026-02-12 00:25:33 WARN  [main] o.s.b.a.o.j.JpaBaseConfiguration$JpaWebConfiguration - spring.jpa.open-in-view is enabled by default. Therefore, database queries may be performed during view rendering. Explicitly configure spring.jpa.open-in-view to disable this warning
2026-02-12 00:25:33 INFO  [main] o.s.b.a.h.H2ConsoleAutoConfiguration - H2 console available at '/h2-console'. Database available at 'jdbc:h2:mem:testdb'
2026-02-12 00:25:33 INFO  [main] o.s.b.t.m.w.SpringBootMockServletContext - Initializing Spring TestDispatcherServlet ''
2026-02-12 00:25:33 INFO  [main] o.s.t.w.s.TestDispatcherServlet - Initializing Servlet ''
2026-02-12 00:25:33 INFO  [main] o.s.t.w.s.TestDispatcherServlet - Completed initialization in 1 ms
2026-02-12 00:25:33 INFO  [main] c.M.O.i.OrderIntegrationTest - Started OrderIntegrationTest in 7.573 seconds (process running for 22.886)
2026-02-12 00:25:34 INFO  [main] c.M.O.controller.OrderController - POST /order request received 
2026-02-12 00:25:34 INFO  [main] c.M.O.service.OrderService - Create order request was received for user id=1, and amount=2522 
2026-02-12 00:25:34 INFO  [main] c.M.O.service.OrderService - Order Cerated successfully with userId=1, and amount=2522
2026-02-12 00:25:34 INFO  [main] c.M.O.controller.OrderController - POST / Create order successfully with orderId=1 
2026-02-12 00:25:34 INFO  [main] o.s.t.c.s.AnnotationConfigContextLoaderUtils - Could not detect default configuration classes for test class [com.MFP.OrderService.OrderServiceApplicationTests]: OrderServiceApplicationTests does not declare any static, non-private, non-final, nested classes annotated with @Configuration.
2026-02-12 00:25:34 INFO  [main] o.s.b.t.c.SpringBootTestContextBootstrapper - Found @SpringBootConfiguration com.MFP.OrderService.OrderServiceApplication for test class com.MFP.OrderService.OrderServiceApplicationTests
2026-02-12 00:25:34 INFO  [main] o.s.b.d.r.RestartApplicationListener - Restart disabled due to context in which it is running
2026-02-12 00:25:34 INFO  [main] c.M.O.OrderServiceApplicationTests - Starting OrderServiceApplicationTests using Java 23.0.2 with PID 11052 (started by firoz in D:\Microservice projects\Microservices-First-Project\order-service)
2026-02-12 00:25:34 INFO  [main] c.M.O.OrderServiceApplicationTests - No active profile set, falling back to 1 default profile: "default"
2026-02-12 00:25:35 INFO  [main] o.s.d.r.c.RepositoryConfigurationDelegate - Bootstrapping Spring Data JPA repositories in DEFAULT mode.
2026-02-12 00:25:35 INFO  [main] o.s.d.r.c.RepositoryConfigurationDelegate - Finished Spring Data repository scanning in 24 ms. Found 1 JPA repository interface.
2026-02-12 00:25:35 INFO  [main] o.h.jpa.internal.util.LogHelper - HHH000204: Processing PersistenceUnitInfo [name: default]
2026-02-12 00:25:35 INFO  [main] o.h.c.i.RegionFactoryInitiator - HHH000026: Second-level cache disabled
2026-02-12 00:25:35 INFO  [main] o.s.o.j.p.SpringPersistenceUnitInfo - No LoadTimeWeaver setup: ignoring JPA class transformer
2026-02-12 00:25:35 INFO  [main] com.zaxxer.hikari.HikariDataSource - HikariPool-2 - Starting...
2026-02-12 00:25:36 INFO  [main] com.zaxxer.hikari.pool.HikariPool - HikariPool-2 - Added connection com.mysql.cj.jdbc.ConnectionImpl@2779acb2
2026-02-12 00:25:36 INFO  [main] com.zaxxer.hikari.HikariDataSource - HikariPool-2 - Start completed.
2026-02-12 00:25:37 INFO  [main] o.hibernate.orm.connections.pooling - HHH10001005: Database info:
	Database JDBC URL [Connecting through datasource 'HikariDataSource (HikariPool-2)']
	Database driver: undefined/unknown
	Database version: 8.0.44
	Autocommit mode: undefined/unknown
	Isolation level: undefined/unknown
	Minimum pool size: undefined/unknown
	Maximum pool size: undefined/unknown
2026-02-12 00:25:37 INFO  [main] o.h.e.t.j.p.i.JtaPlatformInitiator - HHH000489: No JTA platform available (set 'hibernate.transaction.jta.platform' to enable JTA platform integration)
2026-02-12 00:25:37 INFO  [main] o.s.o.j.LocalContainerEntityManagerFactoryBean - Initialized JPA EntityManagerFactory for persistence unit 'default'
2026-02-12 00:25:37 INFO  [main] c.M.O.OrderServiceApplication - Order Service Application started successfully
2026-02-12 00:25:37 WARN  [main] o.s.b.a.o.j.JpaBaseConfiguration$JpaWebConfiguration - spring.jpa.open-in-view is enabled by default. Therefore, database queries may be performed during view rendering. Explicitly configure spring.jpa.open-in-view to disable this warning
2026-02-12 00:25:38 INFO  [main] c.M.O.OrderServiceApplicationTests - Started OrderServiceApplicationTests in 3.79 seconds (process running for 27.155)
2026-02-12 00:25:38 INFO  [main] o.s.t.c.s.AnnotationConfigContextLoaderUtils - Could not detect default configuration classes for test class [com.MFP.OrderService.repository.OrderRepositoryTest]: OrderRepositoryTest does not declare any static, non-private, non-final, nested classes annotated with @Configuration.
2026-02-12 00:25:38 INFO  [main] o.s.b.t.c.SpringBootTestContextBootstrapper - Found @SpringBootConfiguration com.MFP.OrderService.OrderServiceApplication for test class com.MFP.OrderService.repository.OrderRepositoryTest
2026-02-12 00:25:38 INFO  [main] o.s.b.d.r.RestartApplicationListener - Restart disabled due to context in which it is running
2026-02-12 00:25:38 INFO  [main] c.M.O.repository.OrderRepositoryTest - Starting OrderRepositoryTest using Java 23.0.2 with PID 11052 (started by firoz in D:\Microservice projects\Microservices-First-Project\order-service)
2026-02-12 00:25:38 INFO  [main] c.M.O.repository.OrderRepositoryTest - The following 1 profile is active: "test"
2026-02-12 00:25:38 INFO  [main] o.s.d.r.c.RepositoryConfigurationDelegate - Bootstrapping Spring Data JPA repositories in DEFAULT mode.
2026-02-12 00:25:38 INFO  [main] o.s.d.r.c.RepositoryConfigurationDelegate - Finished Spring Data repository scanning in 71 ms. Found 1 JPA repository interface.
2026-02-12 00:25:38 INFO  [main] o.s.b.t.a.j.TestDatabaseAutoConfiguration$EmbeddedDataSourceBeanFactoryPostProcessor - Replacing 'dataSource' DataSource bean with embedded version
2026-02-12 00:25:38 INFO  [main] o.s.j.d.e.EmbeddedDatabaseFactory - Starting embedded database: url='jdbc:h2:mem:3b081457-1956-4510-9c21-2fd0ab9c7ffd;DB_CLOSE_DELAY=-1;DB_CLOSE_ON_EXIT=false', username='sa'
2026-02-12 00:25:38 INFO  [main] o.h.jpa.internal.util.LogHelper - HHH000204: Processing PersistenceUnitInfo [name: default]
2026-02-12 00:25:38 INFO  [main] o.h.c.i.RegionFactoryInitiator - HHH000026: Second-level cache disabled
2026-02-12 00:25:38 INFO  [main] o.s.o.j.p.SpringPersistenceUnitInfo - No LoadTimeWeaver setup: ignoring JPA class transformer
2026-02-12 00:25:38 INFO  [main] o.hibernate.orm.connections.pooling - HHH10001005: Database info:
	Database JDBC URL [Connecting through datasource 'org.springframework.jdbc.datasource.embedded.EmbeddedDatabaseFactory$EmbeddedDataSourceProxy@4d687300']
	Database driver: undefined/unknown
	Database version: 2.3.232
	Autocommit mode: undefined/unknown
	Isolation level: undefined/unknown
	Minimum pool size: undefined/unknown
	Maximum pool size: undefined/unknown
2026-02-12 00:25:39 INFO  [main] o.h.e.t.j.p.i.JtaPlatformInitiator - HHH000489: No JTA platform available (set 'hibernate.transaction.jta.platform' to enable JTA platform integration)
2026-02-12 00:25:39 INFO  [main] o.s.o.j.LocalContainerEntityManagerFactoryBean - Initialized JPA EntityManagerFactory for persistence unit 'default'
2026-02-12 00:25:39 INFO  [main] c.M.O.OrderServiceApplication - Order Service Application started successfully
2026-02-12 00:25:39 INFO  [main] c.M.O.repository.OrderRepositoryTest - Started OrderRepositoryTest in 0.749 seconds (process running for 28.077)
2026-02-12 00:25:41 INFO  [main] c.M.O.service.OrderService - Delete order with id=1
2026-02-12 00:25:41 INFO  [main] c.M.O.service.OrderService - Order deleted successfully with orderId=1
2026-02-12 00:25:41 INFO  [main] c.M.O.service.OrderService - Delete order with id=1
2026-02-12 00:25:41 WARN  [main] c.M.O.service.OrderService - For deleting Order with id=1 not found
2026-02-12 00:25:41 WARN  [main] c.M.O.service.OrderService - Order with id=1 not found
2026-02-12 00:25:41 INFO  [main] c.M.O.service.OrderService - Fetched 2 Orders successfully
2026-02-12 00:25:41 INFO  [main] c.M.O.service.OrderService - Updating order with id=1
2026-02-12 00:25:41 WARN  [main] c.M.O.service.OrderService - Attempt to update cancelled order with status=Cancelled
2026-02-12 00:25:41 INFO  [main] c.M.O.service.OrderService - Updating order with id=1
2026-02-12 00:25:41 INFO  [main] c.M.O.service.OrderService - Order updated successfully with orderId= 1, new status= Created
2026-02-12 00:25:41 INFO  [main] c.M.O.service.OrderService - Updating order with id=1
2026-02-12 00:25:41 WARN  [main] c.M.O.service.OrderService -  For update Order with id=1 not found
2026-02-12 00:25:41 INFO  [main] c.M.O.service.OrderService - Updating order with id=1
2026-02-12 00:25:41 WARN  [main] c.M.O.service.OrderService - Trying to update the amount with zero 
2026-02-12 00:25:41 INFO  [main] c.M.O.service.OrderService - Create order request was received for user id=1, and amount=3000 
2026-02-12 00:25:41 INFO  [main] c.M.O.service.OrderService - Order Cerated successfully with userId=100, and amount=3000
2026-02-12 00:25:41 INFO  [SpringApplicationShutdownHook] o.s.o.j.LocalContainerEntityManagerFactoryBean - Closing JPA EntityManagerFactory for persistence unit 'default'
2026-02-12 00:25:41 INFO  [SpringApplicationShutdownHook] com.zaxxer.hikari.HikariDataSource - HikariPool-1 - Shutdown initiated...
2026-02-12 00:25:41 INFO  [SpringApplicationShutdownHook] com.zaxxer.hikari.HikariDataSource - HikariPool-1 - Shutdown completed.
2026-02-12 00:25:41 INFO  [SpringApplicationShutdownHook] o.s.o.j.LocalContainerEntityManagerFactoryBean - Closing JPA EntityManagerFactory for persistence unit 'default'
2026-02-12 00:25:41 INFO  [SpringApplicationShutdownHook] com.zaxxer.hikari.HikariDataSource - HikariPool-2 - Shutdown initiated...
2026-02-12 00:25:41 INFO  [SpringApplicationShutdownHook] com.zaxxer.hikari.HikariDataSource - HikariPool-2 - Shutdown completed.
2026-02-12 00:25:41 INFO  [SpringApplicationShutdownHook] o.s.o.j.LocalContainerEntityManagerFactoryBean - Closing JPA EntityManagerFactory for persistence unit 'default'
2026-02-12 00:26:39 INFO  [main] c.M.O.controller.OrderControllerTest - Starting OrderControllerTest using Java 23.0.2 with PID 13292 (started by firoz in D:\Microservice projects\Microservices-First-Project\order-service)
2026-02-12 00:26:39 INFO  [main] c.M.O.controller.OrderControllerTest - No active profile set, falling back to 1 default profile: "default"
2026-02-12 00:26:44 INFO  [main] c.M.O.OrderServiceApplication - Order Service Application started successfully
2026-02-12 00:26:46 INFO  [main] o.s.b.t.m.w.SpringBootMockServletContext - Initializing Spring TestDispatcherServlet ''
2026-02-12 00:26:46 INFO  [main] o.s.t.w.s.TestDispatcherServlet - Initializing Servlet ''
2026-02-12 00:26:46 INFO  [main] o.s.t.w.s.TestDispatcherServlet - Completed initialization in 2 ms
2026-02-12 00:26:46 INFO  [main] c.M.O.controller.OrderControllerTest - Started OrderControllerTest in 8.161 seconds (process running for 11.646)
2026-02-12 00:26:47 WARN  [main] c.M.O.e.GlobalExceptionHandler - Validation Error: [userId: User Id must not be null]
2026-02-12 00:26:47 INFO  [main] c.M.O.controller.OrderController - GET /All Orders fetched
2026-02-12 00:26:47 INFO  [main] c.M.O.controller.OrderController - GET /2 Orders successfully fetched
2026-02-12 00:26:47 INFO  [main] c.M.O.controller.OrderController - POST /order request received 
2026-02-12 00:26:47 INFO  [main] c.M.O.controller.OrderController - POST / Create order successfully with orderId=1 
2026-02-12 00:26:47 INFO  [main] c.M.O.controller.OrderController - DELETE /order request Delete with id 1
2026-02-12 00:26:47 INFO  [main] c.M.O.controller.OrderController - DELETE /Delete order successfully with id=Deleted successfully 
2026-02-12 00:26:48 INFO  [main] c.M.O.controller.OrderController - PUT /order request Updated with id 1
2026-02-12 00:26:48 INFO  [main] c.M.O.controller.OrderController - PUT /Update order successfully with id=1 
2026-02-12 00:26:48 INFO  [main] c.M.O.controller.OrderController - GET /order request fetch by id=1
2026-02-12 00:26:48 WARN  [main] c.M.O.e.GlobalExceptionHandler - Order Not Found Exception: Order with id=1 not found
2026-02-12 00:26:48 INFO  [main] c.M.O.controller.OrderController - GET /order request fetch by id=1
2026-02-12 00:26:48 INFO  [main] c.M.O.controller.OrderController - GET /Order successfully fetched with id=1 
2026-02-12 00:26:48 INFO  [main] c.M.O.controller.OrderController - PUT /order request Updated with id 1
2026-02-12 00:26:48 WARN  [main] c.M.O.e.GlobalExceptionHandler - Order Not Found Exception: Order with id=1 not found
2026-02-12 00:26:48 INFO  [main] o.s.t.c.s.AnnotationConfigContextLoaderUtils - Could not detect default configuration classes for test class [com.MFP.OrderService.integration.OrderIntegrationTest]: OrderIntegrationTest does not declare any static, non-private, non-final, nested classes annotated with @Configuration.
2026-02-12 00:26:48 INFO  [main] o.s.b.t.c.SpringBootTestContextBootstrapper - Found @SpringBootConfiguration com.MFP.OrderService.OrderServiceApplication for test class com.MFP.OrderService.integration.OrderIntegrationTest
2026-02-12 00:26:48 INFO  [main] o.s.b.d.r.RestartApplicationListener - Restart disabled due to context in which it is running
2026-02-12 00:26:48 INFO  [main] c.M.O.i.OrderIntegrationTest - Starting OrderIntegrationTest using Java 23.0.2 with PID 13292 (started by firoz in D:\Microservice projects\Microservices-First-Project\order-service)
2026-02-12 00:26:48 INFO  [main] c.M.O.i.OrderIntegrationTest - The following 1 profile is active: "test"
2026-02-12 00:26:49 INFO  [main] o.s.d.r.c.RepositoryConfigurationDelegate - Bootstrapping Spring Data JPA repositories in DEFAULT mode.
2026-02-12 00:26:50 INFO  [main] o.s.d.r.c.RepositoryConfigurationDelegate - Finished Spring Data repository scanning in 156 ms. Found 1 JPA repository interface.
2026-02-12 00:26:51 INFO  [main] o.h.jpa.internal.util.LogHelper - HHH000204: Processing PersistenceUnitInfo [name: default]
2026-02-12 00:26:51 INFO  [main] org.hibernate.Version - HHH000412: Hibernate ORM core version 6.6.41.Final
2026-02-12 00:26:51 INFO  [main] o.h.c.i.RegionFactoryInitiator - HHH000026: Second-level cache disabled
2026-02-12 00:26:51 INFO  [main] o.s.o.j.p.SpringPersistenceUnitInfo - No LoadTimeWeaver setup: ignoring JPA class transformer
2026-02-12 00:26:52 INFO  [main] com.zaxxer.hikari.HikariDataSource - HikariPool-1 - Starting...
2026-02-12 00:26:52 INFO  [main] com.zaxxer.hikari.pool.HikariPool - HikariPool-1 - Added connection conn0: url=jdbc:h2:mem:testdb user=SA
2026-02-12 00:26:52 INFO  [main] com.zaxxer.hikari.HikariDataSource - HikariPool-1 - Start completed.
2026-02-12 00:26:52 INFO  [main] o.hibernate.orm.connections.pooling - HHH10001005: Database info:
	Database JDBC URL [Connecting through datasource 'HikariDataSource (HikariPool-1)']
	Database driver: undefined/unknown
	Database version: 2.3.232
	Autocommit mode: undefined/unknown
	Isolation level: undefined/unknown
	Minimum pool size: undefined/unknown
	Maximum pool size: undefined/unknown
2026-02-12 00:26:54 INFO  [main] o.h.e.t.j.p.i.JtaPlatformInitiator - HHH000489: No JTA platform available (set 'hibernate.transaction.jta.platform' to enable JTA platform integration)
2026-02-12 00:26:54 INFO  [main] o.s.o.j.LocalContainerEntityManagerFactoryBean - Initialized JPA EntityManagerFactory for persistence unit 'default'
2026-02-12 00:26:54 INFO  [main] c.M.O.OrderServiceApplication - Order Service Application started successfully
2026-02-12 00:26:56 WARN  [main] o.s.b.a.o.j.JpaBaseConfiguration$JpaWebConfiguration - spring.jpa.open-in-view is enabled by default. Therefore, database queries may be performed during view rendering. Explicitly configure spring.jpa.open-in-view to disable this warning
2026-02-12 00:26:56 INFO  [main] o.s.b.a.h.H2ConsoleAutoConfiguration - H2 console available at '/h2-console'. Database available at 'jdbc:h2:mem:testdb'
2026-02-12 00:26:56 INFO  [main] o.s.b.t.m.w.SpringBootMockServletContext - Initializing Spring TestDispatcherServlet ''
2026-02-12 00:26:56 INFO  [main] o.s.t.w.s.TestDispatcherServlet - Initializing Servlet ''
2026-02-12 00:26:56 INFO  [main] o.s.t.w.s.TestDispatcherServlet - Completed initialization in 1 ms
2026-02-12 00:26:56 INFO  [main] c.M.O.i.OrderIntegrationTest - Started OrderIntegrationTest in 7.809 seconds (process running for 21.613)
2026-02-12 00:26:56 INFO  [main] c.M.O.controller.OrderController - POST /order request received 
2026-02-12 00:26:56 INFO  [main] c.M.O.service.OrderService - Create order request was received for user id=1, and amount=2522 
2026-02-12 00:26:56 INFO  [main] c.M.O.service.OrderService - Order Cerated successfully with userId=1, and amount=2522
2026-02-12 00:26:56 INFO  [main] c.M.O.controller.OrderController - POST / Create order successfully with orderId=1 
2026-02-12 00:26:56 INFO  [main] o.s.t.c.s.AnnotationConfigContextLoaderUtils - Could not detect default configuration classes for test class [com.MFP.OrderService.OrderServiceApplicationTests]: OrderServiceApplicationTests does not declare any static, non-private, non-final, nested classes annotated with @Configuration.
2026-02-12 00:26:56 INFO  [main] o.s.b.t.c.SpringBootTestContextBootstrapper - Found @SpringBootConfiguration com.MFP.OrderService.OrderServiceApplication for test class com.MFP.OrderService.OrderServiceApplicationTests
2026-02-12 00:26:56 INFO  [main] o.s.b.d.r.RestartApplicationListener - Restart disabled due to context in which it is running
2026-02-12 00:26:57 INFO  [main] c.M.O.OrderServiceApplicationTests - Starting OrderServiceApplicationTests using Java 23.0.2 with PID 13292 (started by firoz in D:\Microservice projects\Microservices-First-Project\order-service)
2026-02-12 00:26:57 INFO  [main] c.M.O.OrderServiceApplicationTests - No active profile set, falling back to 1 default profile: "default"
2026-02-12 00:26:57 INFO  [main] o.s.d.r.c.RepositoryConfigurationDelegate - Bootstrapping Spring Data JPA repositories in DEFAULT mode.
2026-02-12 00:26:57 INFO  [main] o.s.d.r.c.RepositoryConfigurationDelegate - Finished Spring Data repository scanning in 22 ms. Found 1 JPA repository interface.
2026-02-12 00:26:57 INFO  [main] o.h.jpa.internal.util.LogHelper - HHH000204: Processing PersistenceUnitInfo [name: default]
2026-02-12 00:26:57 INFO  [main] o.h.c.i.RegionFactoryInitiator - HHH000026: Second-level cache disabled
2026-02-12 00:26:58 INFO  [main] o.s.o.j.p.SpringPersistenceUnitInfo - No LoadTimeWeaver setup: ignoring JPA class transformer
2026-02-12 00:26:58 INFO  [main] com.zaxxer.hikari.HikariDataSource - HikariPool-2 - Starting...
2026-02-12 00:26:59 INFO  [main] com.zaxxer.hikari.pool.HikariPool - HikariPool-2 - Added connection com.mysql.cj.jdbc.ConnectionImpl@4d8e6daa
2026-02-12 00:26:59 INFO  [main] com.zaxxer.hikari.HikariDataSource - HikariPool-2 - Start completed.
2026-02-12 00:26:59 INFO  [main] o.hibernate.orm.connections.pooling - HHH10001005: Database info:
	Database JDBC URL [Connecting through datasource 'HikariDataSource (HikariPool-2)']
	Database driver: undefined/unknown
	Database version: 8.0.44
	Autocommit mode: undefined/unknown
	Isolation level: undefined/unknown
	Minimum pool size: undefined/unknown
	Maximum pool size: undefined/unknown
2026-02-12 00:26:59 INFO  [main] o.h.e.t.j.p.i.JtaPlatformInitiator - HHH000489: No JTA platform available (set 'hibernate.transaction.jta.platform' to enable JTA platform integration)
2026-02-12 00:26:59 INFO  [main] o.s.o.j.LocalContainerEntityManagerFactoryBean - Initialized JPA EntityManagerFactory for persistence unit 'default'
2026-02-12 00:26:59 INFO  [main] c.M.O.OrderServiceApplication - Order Service Application started successfully
2026-02-12 00:26:59 WARN  [main] o.s.b.a.o.j.JpaBaseConfiguration$JpaWebConfiguration - spring.jpa.open-in-view is enabled by default. Therefore, database queries may be performed during view rendering. Explicitly configure spring.jpa.open-in-view to disable this warning
2026-02-12 00:27:00 INFO  [main] c.M.O.OrderServiceApplicationTests - Started OrderServiceApplicationTests in 3.29 seconds (process running for 25.425)
2026-02-12 00:27:00 INFO  [main] o.s.t.c.s.AnnotationConfigContextLoaderUtils - Could not detect default configuration classes for test class [com.MFP.OrderService.repository.OrderRepositoryTest]: OrderRepositoryTest does not declare any static, non-private, non-final, nested classes annotated with @Configuration.
2026-02-12 00:27:00 INFO  [main] o.s.b.t.c.SpringBootTestContextBootstrapper - Found @SpringBootConfiguration com.MFP.OrderService.OrderServiceApplication for test class com.MFP.OrderService.repository.OrderRepositoryTest
2026-02-12 00:27:00 INFO  [main] o.s.b.d.r.RestartApplicationListener - Restart disabled due to context in which it is running
2026-02-12 00:27:00 INFO  [main] c.M.O.repository.OrderRepositoryTest - Starting OrderRepositoryTest using Java 23.0.2 with PID 13292 (started by firoz in D:\Microservice projects\Microservices-First-Project\order-service)
2026-02-12 00:27:00 INFO  [main] c.M.O.repository.OrderRepositoryTest - The following 1 profile is active: "test"
2026-02-12 00:27:00 INFO  [main] o.s.d.r.c.RepositoryConfigurationDelegate - Bootstrapping Spring Data JPA repositories in DEFAULT mode.
2026-02-12 00:27:00 INFO  [main] o.s.d.r.c.RepositoryConfigurationDelegate - Finished Spring Data repository scanning in 26 ms. Found 1 JPA repository interface.
2026-02-12 00:27:01 INFO  [main] o.s.b.t.a.j.TestDatabaseAutoConfiguration$EmbeddedDataSourceBeanFactoryPostProcessor - Replacing 'dataSource' DataSource bean with embedded version
2026-02-12 00:27:01 INFO  [main] o.s.j.d.e.EmbeddedDatabaseFactory - Starting embedded database: url='jdbc:h2:mem:2330c70b-4b44-4d8e-873d-e813be663088;DB_CLOSE_DELAY=-1;DB_CLOSE_ON_EXIT=false', username='sa'
2026-02-12 00:27:01 INFO  [main] o.h.jpa.internal.util.LogHelper - HHH000204: Processing PersistenceUnitInfo [name: default]
2026-02-12 00:27:01 INFO  [main] o.h.c.i.RegionFactoryInitiator - HHH000026: Second-level cache disabled
2026-02-12 00:27:01 INFO  [main] o.s.o.j.p.SpringPersistenceUnitInfo - No LoadTimeWeaver setup: ignoring JPA class transformer
2026-02-12 00:27:01 INFO  [main] o.hibernate.orm.connections.pooling - HHH10001005: Database info:
	Database JDBC URL [Connecting through datasource 'org.springframework.jdbc.datasource.embedded.EmbeddedDatabaseFactory$EmbeddedDataSourceProxy@2149532d']
	Database driver: undefined/unknown
	Database version: 2.3.232
	Autocommit mode: undefined/unknown
	Isolation level: undefined/unknown
	Minimum pool size: undefined/unknown
	Maximum pool size: undefined/unknown
2026-02-12 00:27:01 INFO  [main] o.h.e.t.j.p.i.JtaPlatformInitiator - HHH000489: No JTA platform available (set 'hibernate.transaction.jta.platform' to enable JTA platform integration)
2026-02-12 00:27:01 INFO  [main] o.s.o.j.LocalContainerEntityManagerFactoryBean - Initialized JPA EntityManagerFactory for persistence unit 'default'
2026-02-12 00:27:01 INFO  [main] c.M.O.OrderServiceApplication - Order Service Application started successfully
2026-02-12 00:27:01 INFO  [main] c.M.O.repository.OrderRepositoryTest - Started OrderRepositoryTest in 0.859 seconds (process running for 26.636)
2026-02-12 00:27:03 INFO  [main] c.M.O.service.OrderService - Delete order with id=1
2026-02-12 00:27:03 INFO  [main] c.M.O.service.OrderService - Order deleted successfully with orderId=1
2026-02-12 00:27:03 INFO  [main] c.M.O.service.OrderService - Delete order with id=1
2026-02-12 00:27:03 WARN  [main] c.M.O.service.OrderService - For deleting Order with id=1 not found
2026-02-12 00:27:03 WARN  [main] c.M.O.service.OrderService - Order with id=1 not found
2026-02-12 00:27:03 INFO  [main] c.M.O.service.OrderService - Fetched 2 Orders successfully
2026-02-12 00:27:03 INFO  [main] c.M.O.service.OrderService - Updating order with id=1
2026-02-12 00:27:03 WARN  [main] c.M.O.service.OrderService - Attempt to update cancelled order with status=Cancelled
2026-02-12 00:27:03 INFO  [main] c.M.O.service.OrderService - Updating order with id=1
2026-02-12 00:27:03 INFO  [main] c.M.O.service.OrderService - Order updated successfully with orderId= 1, new status= Created
2026-02-12 00:27:03 INFO  [main] c.M.O.service.OrderService - Updating order with id=1
2026-02-12 00:27:03 WARN  [main] c.M.O.service.OrderService -  For update Order with id=1 not found
2026-02-12 00:27:03 INFO  [main] c.M.O.service.OrderService - Updating order with id=1
2026-02-12 00:27:03 WARN  [main] c.M.O.service.OrderService - Trying to update the amount with zero 
2026-02-12 00:27:03 INFO  [main] c.M.O.service.OrderService - Create order request was received for user id=1, and amount=3000 
2026-02-12 00:27:03 INFO  [main] c.M.O.service.OrderService - Order Cerated successfully with userId=100, and amount=3000
2026-02-12 00:27:04 INFO  [SpringApplicationShutdownHook] o.s.o.j.LocalContainerEntityManagerFactoryBean - Closing JPA EntityManagerFactory for persistence unit 'default'
2026-02-12 00:27:04 INFO  [SpringApplicationShutdownHook] com.zaxxer.hikari.HikariDataSource - HikariPool-1 - Shutdown initiated...
2026-02-12 00:27:04 INFO  [SpringApplicationShutdownHook] com.zaxxer.hikari.HikariDataSource - HikariPool-1 - Shutdown completed.
2026-02-12 00:27:04 INFO  [SpringApplicationShutdownHook] o.s.o.j.LocalContainerEntityManagerFactoryBean - Closing JPA EntityManagerFactory for persistence unit 'default'
2026-02-12 00:27:04 INFO  [SpringApplicationShutdownHook] com.zaxxer.hikari.HikariDataSource - HikariPool-2 - Shutdown initiated...
2026-02-12 00:27:04 INFO  [SpringApplicationShutdownHook] com.zaxxer.hikari.HikariDataSource - HikariPool-2 - Shutdown completed.
2026-02-12 00:27:04 INFO  [SpringApplicationShutdownHook] o.s.o.j.LocalContainerEntityManagerFactoryBean - Closing JPA EntityManagerFactory for persistence unit 'default'
2026-02-12 00:28:11 INFO  [main] c.M.O.i.OrderIntegrationTest - Starting OrderIntegrationTest using Java 23.0.2 with PID 11168 (started by firoz in D:\Microservice projects\Microservices-First-Project\order-service)
2026-02-12 00:28:11 INFO  [main] c.M.O.i.OrderIntegrationTest - The following 1 profile is active: "test"
2026-02-12 00:28:14 INFO  [main] o.s.d.r.c.RepositoryConfigurationDelegate - Bootstrapping Spring Data JPA repositories in DEFAULT mode.
2026-02-12 00:28:15 INFO  [main] o.s.d.r.c.RepositoryConfigurationDelegate - Finished Spring Data repository scanning in 228 ms. Found 1 JPA repository interface.
2026-02-12 00:28:16 INFO  [main] o.h.jpa.internal.util.LogHelper - HHH000204: Processing PersistenceUnitInfo [name: default]
2026-02-12 00:28:17 INFO  [main] org.hibernate.Version - HHH000412: Hibernate ORM core version 6.6.41.Final
2026-02-12 00:28:17 INFO  [main] o.h.c.i.RegionFactoryInitiator - HHH000026: Second-level cache disabled
2026-02-12 00:28:18 INFO  [main] o.s.o.j.p.SpringPersistenceUnitInfo - No LoadTimeWeaver setup: ignoring JPA class transformer
2026-02-12 00:28:18 INFO  [main] com.zaxxer.hikari.HikariDataSource - HikariPool-1 - Starting...
2026-02-12 00:28:19 INFO  [main] com.zaxxer.hikari.pool.HikariPool - HikariPool-1 - Added connection conn0: url=jdbc:h2:mem:testdb user=SA
2026-02-12 00:28:19 INFO  [main] com.zaxxer.hikari.HikariDataSource - HikariPool-1 - Start completed.
2026-02-12 00:28:19 INFO  [main] o.hibernate.orm.connections.pooling - HHH10001005: Database info:
	Database JDBC URL [Connecting through datasource 'HikariDataSource (HikariPool-1)']
	Database driver: undefined/unknown
	Database version: 2.3.232
	Autocommit mode: undefined/unknown
	Isolation level: undefined/unknown
	Minimum pool size: undefined/unknown
	Maximum pool size: undefined/unknown
2026-02-12 00:28:22 INFO  [main] o.h.e.t.j.p.i.JtaPlatformInitiator - HHH000489: No JTA platform available (set 'hibernate.transaction.jta.platform' to enable JTA platform integration)
2026-02-12 00:28:22 INFO  [main] o.s.o.j.LocalContainerEntityManagerFactoryBean - Initialized JPA EntityManagerFactory for persistence unit 'default'
2026-02-12 00:28:22 INFO  [main] c.M.O.OrderServiceApplication - Order Service Application started successfully
2026-02-12 00:28:23 WARN  [main] o.s.b.a.o.j.JpaBaseConfiguration$JpaWebConfiguration - spring.jpa.open-in-view is enabled by default. Therefore, database queries may be performed during view rendering. Explicitly configure spring.jpa.open-in-view to disable this warning
2026-02-12 00:28:24 INFO  [main] o.s.b.a.h.H2ConsoleAutoConfiguration - H2 console available at '/h2-console'. Database available at 'jdbc:h2:mem:testdb'
2026-02-12 00:28:24 INFO  [main] o.s.b.t.m.w.SpringBootMockServletContext - Initializing Spring TestDispatcherServlet ''
2026-02-12 00:28:24 INFO  [main] o.s.t.w.s.TestDispatcherServlet - Initializing Servlet ''
2026-02-12 00:28:24 INFO  [main] o.s.t.w.s.TestDispatcherServlet - Completed initialization in 3 ms
2026-02-12 00:28:24 INFO  [main] c.M.O.i.OrderIntegrationTest - Started OrderIntegrationTest in 15.173 seconds (process running for 19.113)
2026-02-12 00:28:26 INFO  [main] c.M.O.controller.OrderController - POST /order request received 
2026-02-12 00:28:26 INFO  [main] c.M.O.service.OrderService - Create order request was received for user id=1, and amount=2522 
2026-02-12 00:28:26 INFO  [main] c.M.O.service.OrderService - Order Cerated successfully with userId=1, and amount=2522
2026-02-12 00:28:26 INFO  [main] c.M.O.controller.OrderController - POST / Create order successfully with orderId=1 
2026-02-12 00:28:26 INFO  [SpringApplicationShutdownHook] o.s.o.j.LocalContainerEntityManagerFactoryBean - Closing JPA EntityManagerFactory for persistence unit 'default'
2026-02-12 00:28:26 INFO  [SpringApplicationShutdownHook] com.zaxxer.hikari.HikariDataSource - HikariPool-1 - Shutdown initiated...
2026-02-12 00:28:26 INFO  [SpringApplicationShutdownHook] com.zaxxer.hikari.HikariDataSource - HikariPool-1 - Shutdown completed.
2026-02-12 00:29:44 INFO  [main] c.M.O.controller.OrderControllerTest - Starting OrderControllerTest using Java 23.0.2 with PID 14472 (started by firoz in D:\Microservice projects\Microservices-First-Project\order-service)
2026-02-12 00:29:44 INFO  [main] c.M.O.controller.OrderControllerTest - No active profile set, falling back to 1 default profile: "default"
2026-02-12 00:29:50 INFO  [main] c.M.O.OrderServiceApplication - Order Service Application started successfully
2026-02-12 00:29:52 INFO  [main] o.s.b.t.m.w.SpringBootMockServletContext - Initializing Spring TestDispatcherServlet ''
2026-02-12 00:29:52 INFO  [main] o.s.t.w.s.TestDispatcherServlet - Initializing Servlet ''
2026-02-12 00:29:52 INFO  [main] o.s.t.w.s.TestDispatcherServlet - Completed initialization in 4 ms
2026-02-12 00:29:52 INFO  [main] c.M.O.controller.OrderControllerTest - Started OrderControllerTest in 9.77 seconds (process running for 14.698)
2026-02-12 00:29:54 WARN  [main] c.M.O.e.GlobalExceptionHandler - Validation Error: [userId: User Id must not be null]
2026-02-12 00:29:54 INFO  [main] c.M.O.controller.OrderController - GET /All Orders fetched
2026-02-12 00:29:54 INFO  [main] c.M.O.controller.OrderController - GET /2 Orders successfully fetched
2026-02-12 00:29:54 INFO  [main] c.M.O.controller.OrderController - POST /order request received 
2026-02-12 00:29:54 INFO  [main] c.M.O.controller.OrderController - POST / Create order successfully with orderId=1 
2026-02-12 00:29:54 INFO  [main] c.M.O.controller.OrderController - DELETE /order request Delete with id 1
2026-02-12 00:29:54 INFO  [main] c.M.O.controller.OrderController - DELETE /Delete order successfully with id=Deleted successfully 
2026-02-12 00:29:55 INFO  [main] c.M.O.controller.OrderController - PUT /order request Updated with id 1
2026-02-12 00:29:55 INFO  [main] c.M.O.controller.OrderController - PUT /Update order successfully with id=1 
2026-02-12 00:29:55 INFO  [main] c.M.O.controller.OrderController - GET /order request fetch by id=1
2026-02-12 00:29:55 WARN  [main] c.M.O.e.GlobalExceptionHandler - Order Not Found Exception: Order with id=1 not found
2026-02-12 00:29:55 INFO  [main] c.M.O.controller.OrderController - GET /order request fetch by id=1
2026-02-12 00:29:55 INFO  [main] c.M.O.controller.OrderController - GET /Order successfully fetched with id=1 
2026-02-12 00:29:55 INFO  [main] c.M.O.controller.OrderController - PUT /order request Updated with id 1
2026-02-12 00:29:55 WARN  [main] c.M.O.e.GlobalExceptionHandler - Order Not Found Exception: Order with id=1 not found
2026-02-12 00:29:55 INFO  [main] o.s.t.c.s.AnnotationConfigContextLoaderUtils - Could not detect default configuration classes for test class [com.MFP.OrderService.integration.OrderIntegrationTest]: OrderIntegrationTest does not declare any static, non-private, non-final, nested classes annotated with @Configuration.
2026-02-12 00:29:55 INFO  [main] o.s.b.t.c.SpringBootTestContextBootstrapper - Found @SpringBootConfiguration com.MFP.OrderService.OrderServiceApplication for test class com.MFP.OrderService.integration.OrderIntegrationTest
2026-02-12 00:29:55 INFO  [main] o.s.b.d.r.RestartApplicationListener - Restart disabled due to context in which it is running
2026-02-12 00:29:55 INFO  [main] c.M.O.i.OrderIntegrationTest - Starting OrderIntegrationTest using Java 23.0.2 with PID 14472 (started by firoz in D:\Microservice projects\Microservices-First-Project\order-service)
2026-02-12 00:29:55 INFO  [main] c.M.O.i.OrderIntegrationTest - The following 1 profile is active: "test"
2026-02-12 00:29:57 INFO  [main] o.s.d.r.c.RepositoryConfigurationDelegate - Bootstrapping Spring Data JPA repositories in DEFAULT mode.
2026-02-12 00:29:58 INFO  [main] o.s.d.r.c.RepositoryConfigurationDelegate - Finished Spring Data repository scanning in 230 ms. Found 1 JPA repository interface.
2026-02-12 00:29:59 INFO  [main] o.h.jpa.internal.util.LogHelper - HHH000204: Processing PersistenceUnitInfo [name: default]
2026-02-12 00:29:59 INFO  [main] org.hibernate.Version - HHH000412: Hibernate ORM core version 6.6.41.Final
2026-02-12 00:29:59 INFO  [main] o.h.c.i.RegionFactoryInitiator - HHH000026: Second-level cache disabled
2026-02-12 00:30:00 INFO  [main] o.s.o.j.p.SpringPersistenceUnitInfo - No LoadTimeWeaver setup: ignoring JPA class transformer
2026-02-12 00:30:00 INFO  [main] com.zaxxer.hikari.HikariDataSource - HikariPool-1 - Starting...
2026-02-12 00:30:01 INFO  [main] com.zaxxer.hikari.pool.HikariPool - HikariPool-1 - Added connection conn0: url=jdbc:h2:mem:testdb user=SA
2026-02-12 00:30:01 INFO  [main] com.zaxxer.hikari.HikariDataSource - HikariPool-1 - Start completed.
2026-02-12 00:30:01 INFO  [main] o.hibernate.orm.connections.pooling - HHH10001005: Database info:
	Database JDBC URL [Connecting through datasource 'HikariDataSource (HikariPool-1)']
	Database driver: undefined/unknown
	Database version: 2.3.232
	Autocommit mode: undefined/unknown
	Isolation level: undefined/unknown
	Minimum pool size: undefined/unknown
	Maximum pool size: undefined/unknown
2026-02-12 00:30:03 INFO  [main] o.h.e.t.j.p.i.JtaPlatformInitiator - HHH000489: No JTA platform available (set 'hibernate.transaction.jta.platform' to enable JTA platform integration)
2026-02-12 00:30:03 INFO  [main] o.s.o.j.LocalContainerEntityManagerFactoryBean - Initialized JPA EntityManagerFactory for persistence unit 'default'
2026-02-12 00:30:03 INFO  [main] c.M.O.OrderServiceApplication - Order Service Application started successfully
2026-02-12 00:30:05 WARN  [main] o.s.b.a.o.j.JpaBaseConfiguration$JpaWebConfiguration - spring.jpa.open-in-view is enabled by default. Therefore, database queries may be performed during view rendering. Explicitly configure spring.jpa.open-in-view to disable this warning
2026-02-12 00:30:06 INFO  [main] o.s.b.a.h.H2ConsoleAutoConfiguration - H2 console available at '/h2-console'. Database available at 'jdbc:h2:mem:testdb'
2026-02-12 00:30:06 INFO  [main] o.s.b.t.m.w.SpringBootMockServletContext - Initializing Spring TestDispatcherServlet ''
2026-02-12 00:30:06 INFO  [main] o.s.t.w.s.TestDispatcherServlet - Initializing Servlet ''
2026-02-12 00:30:06 INFO  [main] o.s.t.w.s.TestDispatcherServlet - Completed initialization in 1 ms
2026-02-12 00:30:06 INFO  [main] c.M.O.i.OrderIntegrationTest - Started OrderIntegrationTest in 10.623 seconds (process running for 28.285)
2026-02-12 00:30:06 INFO  [main] c.M.O.controller.OrderController - POST /order request received 
2026-02-12 00:30:06 INFO  [main] c.M.O.service.OrderService - Create order request was received for user id=1, and amount=2522 
2026-02-12 00:30:07 INFO  [main] c.M.O.service.OrderService - Order Cerated successfully with userId=1, and amount=2522
2026-02-12 00:30:07 INFO  [main] c.M.O.controller.OrderController - POST / Create order successfully with orderId=1 
2026-02-12 00:30:07 INFO  [main] o.s.t.c.s.AnnotationConfigContextLoaderUtils - Could not detect default configuration classes for test class [com.MFP.OrderService.OrderServiceApplicationTests]: OrderServiceApplicationTests does not declare any static, non-private, non-final, nested classes annotated with @Configuration.
2026-02-12 00:30:07 INFO  [main] o.s.b.t.c.SpringBootTestContextBootstrapper - Found @SpringBootConfiguration com.MFP.OrderService.OrderServiceApplication for test class com.MFP.OrderService.OrderServiceApplicationTests
2026-02-12 00:30:07 INFO  [main] o.s.b.d.r.RestartApplicationListener - Restart disabled due to context in which it is running
2026-02-12 00:30:07 INFO  [main] c.M.O.OrderServiceApplicationTests - Starting OrderServiceApplicationTests using Java 23.0.2 with PID 14472 (started by firoz in D:\Microservice projects\Microservices-First-Project\order-service)
2026-02-12 00:30:07 INFO  [main] c.M.O.OrderServiceApplicationTests - No active profile set, falling back to 1 default profile: "default"
2026-02-12 00:30:08 INFO  [main] o.s.d.r.c.RepositoryConfigurationDelegate - Bootstrapping Spring Data JPA repositories in DEFAULT mode.
2026-02-12 00:30:08 INFO  [main] o.s.d.r.c.RepositoryConfigurationDelegate - Finished Spring Data repository scanning in 49 ms. Found 1 JPA repository interface.
2026-02-12 00:30:08 INFO  [main] o.h.jpa.internal.util.LogHelper - HHH000204: Processing PersistenceUnitInfo [name: default]
2026-02-12 00:30:08 INFO  [main] o.h.c.i.RegionFactoryInitiator - HHH000026: Second-level cache disabled
2026-02-12 00:30:08 INFO  [main] o.s.o.j.p.SpringPersistenceUnitInfo - No LoadTimeWeaver setup: ignoring JPA class transformer
2026-02-12 00:30:08 INFO  [main] com.zaxxer.hikari.HikariDataSource - HikariPool-2 - Starting...
2026-02-12 00:30:10 INFO  [main] com.zaxxer.hikari.pool.HikariPool - HikariPool-2 - Added connection com.mysql.cj.jdbc.ConnectionImpl@7cb8109
2026-02-12 00:30:10 INFO  [main] com.zaxxer.hikari.HikariDataSource - HikariPool-2 - Start completed.
2026-02-12 00:30:10 INFO  [main] o.hibernate.orm.connections.pooling - HHH10001005: Database info:
	Database JDBC URL [Connecting through datasource 'HikariDataSource (HikariPool-2)']
	Database driver: undefined/unknown
	Database version: 8.0.44
	Autocommit mode: undefined/unknown
	Isolation level: undefined/unknown
	Minimum pool size: undefined/unknown
	Maximum pool size: undefined/unknown
2026-02-12 00:30:11 INFO  [main] o.h.e.t.j.p.i.JtaPlatformInitiator - HHH000489: No JTA platform available (set 'hibernate.transaction.jta.platform' to enable JTA platform integration)
2026-02-12 00:30:11 INFO  [main] o.s.o.j.LocalContainerEntityManagerFactoryBean - Initialized JPA EntityManagerFactory for persistence unit 'default'
2026-02-12 00:30:11 INFO  [main] c.M.O.OrderServiceApplication - Order Service Application started successfully
2026-02-12 00:30:11 WARN  [main] o.s.b.a.o.j.JpaBaseConfiguration$JpaWebConfiguration - spring.jpa.open-in-view is enabled by default. Therefore, database queries may be performed during view rendering. Explicitly configure spring.jpa.open-in-view to disable this warning
2026-02-12 00:30:12 INFO  [main] c.M.O.OrderServiceApplicationTests - Started OrderServiceApplicationTests in 4.768 seconds (process running for 33.936)
2026-02-12 00:30:12 INFO  [main] o.s.t.c.s.AnnotationConfigContextLoaderUtils - Could not detect default configuration classes for test class [com.MFP.OrderService.repository.OrderRepositoryTest]: OrderRepositoryTest does not declare any static, non-private, non-final, nested classes annotated with @Configuration.
2026-02-12 00:30:12 INFO  [main] o.s.b.t.c.SpringBootTestContextBootstrapper - Found @SpringBootConfiguration com.MFP.OrderService.OrderServiceApplication for test class com.MFP.OrderService.repository.OrderRepositoryTest
2026-02-12 00:30:12 INFO  [main] o.s.b.d.r.RestartApplicationListener - Restart disabled due to context in which it is running
2026-02-12 00:30:12 INFO  [main] c.M.O.repository.OrderRepositoryTest - Starting OrderRepositoryTest using Java 23.0.2 with PID 14472 (started by firoz in D:\Microservice projects\Microservices-First-Project\order-service)
2026-02-12 00:30:12 INFO  [main] c.M.O.repository.OrderRepositoryTest - The following 1 profile is active: "test"
2026-02-12 00:30:12 INFO  [main] o.s.d.r.c.RepositoryConfigurationDelegate - Bootstrapping Spring Data JPA repositories in DEFAULT mode.
2026-02-12 00:30:13 INFO  [main] o.s.d.r.c.RepositoryConfigurationDelegate - Finished Spring Data repository scanning in 57 ms. Found 1 JPA repository interface.
2026-02-12 00:30:13 INFO  [main] o.s.b.t.a.j.TestDatabaseAutoConfiguration$EmbeddedDataSourceBeanFactoryPostProcessor - Replacing 'dataSource' DataSource bean with embedded version
2026-02-12 00:30:13 INFO  [main] o.s.j.d.e.EmbeddedDatabaseFactory - Starting embedded database: url='jdbc:h2:mem:5eb69776-b1db-473b-9ef0-5fe854e896bd;DB_CLOSE_DELAY=-1;DB_CLOSE_ON_EXIT=false', username='sa'
2026-02-12 00:30:13 INFO  [main] o.h.jpa.internal.util.LogHelper - HHH000204: Processing PersistenceUnitInfo [name: default]
2026-02-12 00:30:13 INFO  [main] o.h.c.i.RegionFactoryInitiator - HHH000026: Second-level cache disabled
2026-02-12 00:30:13 INFO  [main] o.s.o.j.p.SpringPersistenceUnitInfo - No LoadTimeWeaver setup: ignoring JPA class transformer
2026-02-12 00:30:13 INFO  [main] o.hibernate.orm.connections.pooling - HHH10001005: Database info:
	Database JDBC URL [Connecting through datasource 'org.springframework.jdbc.datasource.embedded.EmbeddedDatabaseFactory$EmbeddedDataSourceProxy@48f9f1d6']
	Database driver: undefined/unknown
	Database version: 2.3.232
	Autocommit mode: undefined/unknown
	Isolation level: undefined/unknown
	Minimum pool size: undefined/unknown
	Maximum pool size: undefined/unknown
2026-02-12 00:30:13 INFO  [main] o.h.e.t.j.p.i.JtaPlatformInitiator - HHH000489: No JTA platform available (set 'hibernate.transaction.jta.platform' to enable JTA platform integration)
2026-02-12 00:30:13 INFO  [main] o.s.o.j.LocalContainerEntityManagerFactoryBean - Initialized JPA EntityManagerFactory for persistence unit 'default'
2026-02-12 00:30:13 INFO  [main] c.M.O.OrderServiceApplication - Order Service Application started successfully
2026-02-12 00:30:13 INFO  [main] c.M.O.repository.OrderRepositoryTest - Started OrderRepositoryTest in 1.356 seconds (process running for 35.512)
2026-02-12 00:30:16 INFO  [main] c.M.O.service.OrderService - Delete order with id=1
2026-02-12 00:30:16 INFO  [main] c.M.O.service.OrderService - Order deleted successfully with orderId=1
2026-02-12 00:30:16 INFO  [main] c.M.O.service.OrderService - Delete order with id=1
2026-02-12 00:30:16 WARN  [main] c.M.O.service.OrderService - For deleting Order with id=1 not found
2026-02-12 00:30:16 WARN  [main] c.M.O.service.OrderService - Order with id=1 not found
2026-02-12 00:30:16 INFO  [main] c.M.O.service.OrderService - Fetched 2 Orders successfully
2026-02-12 00:30:16 INFO  [main] c.M.O.service.OrderService - Updating order with id=1
2026-02-12 00:30:16 WARN  [main] c.M.O.service.OrderService - Attempt to update cancelled order with status=Cancelled
2026-02-12 00:30:16 INFO  [main] c.M.O.service.OrderService - Updating order with id=1
2026-02-12 00:30:16 INFO  [main] c.M.O.service.OrderService - Order updated successfully with orderId= 1, new status= Created
2026-02-12 00:30:16 INFO  [main] c.M.O.service.OrderService - Updating order with id=1
2026-02-12 00:30:16 WARN  [main] c.M.O.service.OrderService -  For update Order with id=1 not found
2026-02-12 00:30:16 INFO  [main] c.M.O.service.OrderService - Updating order with id=1
2026-02-12 00:30:16 WARN  [main] c.M.O.service.OrderService - Trying to update the amount with zero 
2026-02-12 00:30:16 INFO  [main] c.M.O.service.OrderService - Create order request was received for user id=1, and amount=3000 
2026-02-12 00:30:16 INFO  [main] c.M.O.service.OrderService - Order Cerated successfully with userId=100, and amount=3000
2026-02-12 00:30:16 INFO  [SpringApplicationShutdownHook] o.s.o.j.LocalContainerEntityManagerFactoryBean - Closing JPA EntityManagerFactory for persistence unit 'default'
2026-02-12 00:30:16 INFO  [SpringApplicationShutdownHook] com.zaxxer.hikari.HikariDataSource - HikariPool-1 - Shutdown initiated...
2026-02-12 00:30:16 INFO  [SpringApplicationShutdownHook] com.zaxxer.hikari.HikariDataSource - HikariPool-1 - Shutdown completed.
2026-02-12 00:30:16 INFO  [SpringApplicationShutdownHook] o.s.o.j.LocalContainerEntityManagerFactoryBean - Closing JPA EntityManagerFactory for persistence unit 'default'
2026-02-12 00:30:16 INFO  [SpringApplicationShutdownHook] com.zaxxer.hikari.HikariDataSource - HikariPool-2 - Shutdown initiated...
2026-02-12 00:30:16 INFO  [SpringApplicationShutdownHook] com.zaxxer.hikari.HikariDataSource - HikariPool-2 - Shutdown completed.
2026-02-12 00:30:16 INFO  [SpringApplicationShutdownHook] o.s.o.j.LocalContainerEntityManagerFactoryBean - Closing JPA EntityManagerFactory for persistence unit 'default'
2026-02-12 13:38:10 INFO  [main] c.M.O.i.OrderIntegrationTest - Starting OrderIntegrationTest using Java 23.0.2 with PID 4416 (started by firoz in D:\Microservice projects\Microservices-First-Project\order-service)
2026-02-12 13:38:10 INFO  [main] c.M.O.i.OrderIntegrationTest - The following 1 profile is active: "test"
2026-02-12 13:38:14 INFO  [main] o.s.d.r.c.RepositoryConfigurationDelegate - Bootstrapping Spring Data JPA repositories in DEFAULT mode.
2026-02-12 13:38:14 INFO  [main] o.s.d.r.c.RepositoryConfigurationDelegate - Finished Spring Data repository scanning in 173 ms. Found 1 JPA repository interface.
2026-02-12 13:38:15 INFO  [main] o.h.jpa.internal.util.LogHelper - HHH000204: Processing PersistenceUnitInfo [name: default]
2026-02-12 13:38:15 INFO  [main] org.hibernate.Version - HHH000412: Hibernate ORM core version 6.6.41.Final
2026-02-12 13:38:16 INFO  [main] o.h.c.i.RegionFactoryInitiator - HHH000026: Second-level cache disabled
2026-02-12 13:38:17 INFO  [main] o.s.o.j.p.SpringPersistenceUnitInfo - No LoadTimeWeaver setup: ignoring JPA class transformer
2026-02-12 13:38:17 INFO  [main] com.zaxxer.hikari.HikariDataSource - HikariPool-1 - Starting...
2026-02-12 13:38:18 INFO  [main] com.zaxxer.hikari.pool.HikariPool - HikariPool-1 - Added connection conn0: url=jdbc:h2:mem:testdb user=SA
2026-02-12 13:38:18 INFO  [main] com.zaxxer.hikari.HikariDataSource - HikariPool-1 - Start completed.
2026-02-12 13:38:18 INFO  [main] o.hibernate.orm.connections.pooling - HHH10001005: Database info:
	Database JDBC URL [Connecting through datasource 'HikariDataSource (HikariPool-1)']
	Database driver: undefined/unknown
	Database version: 2.3.232
	Autocommit mode: undefined/unknown
	Isolation level: undefined/unknown
	Minimum pool size: undefined/unknown
	Maximum pool size: undefined/unknown
2026-02-12 13:38:20 INFO  [main] o.h.e.t.j.p.i.JtaPlatformInitiator - HHH000489: No JTA platform available (set 'hibernate.transaction.jta.platform' to enable JTA platform integration)
2026-02-12 13:38:21 INFO  [main] o.s.o.j.LocalContainerEntityManagerFactoryBean - Initialized JPA EntityManagerFactory for persistence unit 'default'
2026-02-12 13:38:21 INFO  [main] c.M.O.OrderServiceApplication - Order Service Application started successfully
2026-02-12 13:38:22 WARN  [main] o.s.b.a.o.j.JpaBaseConfiguration$JpaWebConfiguration - spring.jpa.open-in-view is enabled by default. Therefore, database queries may be performed during view rendering. Explicitly configure spring.jpa.open-in-view to disable this warning
2026-02-12 13:38:23 INFO  [main] o.s.b.a.h.H2ConsoleAutoConfiguration - H2 console available at '/h2-console'. Database available at 'jdbc:h2:mem:testdb'
2026-02-12 13:38:23 INFO  [main] o.s.b.t.m.w.SpringBootMockServletContext - Initializing Spring TestDispatcherServlet ''
2026-02-12 13:38:23 INFO  [main] o.s.t.w.s.TestDispatcherServlet - Initializing Servlet ''
2026-02-12 13:38:23 INFO  [main] o.s.t.w.s.TestDispatcherServlet - Completed initialization in 2 ms
2026-02-12 13:38:23 INFO  [main] c.M.O.i.OrderIntegrationTest - Started OrderIntegrationTest in 14.381 seconds (process running for 19.144)
2026-02-12 13:38:25 INFO  [main] c.M.O.controller.OrderController - POST /order request received 
2026-02-12 13:38:25 INFO  [main] c.M.O.service.OrderService - Create order request was received for user id=2, and amount=2586 
2026-02-12 13:38:25 INFO  [main] c.M.O.service.OrderService - Order Cerated successfully with userId=2, and amount=2586
2026-02-12 13:38:25 INFO  [main] c.M.O.controller.OrderController - POST / Create order successfully with orderId=1 
2026-02-12 13:38:25 WARN  [main] c.M.O.e.GlobalExceptionHandler - Unhandled Exception: No static resource order/v1/1.
2026-02-12 13:38:25 INFO  [SpringApplicationShutdownHook] o.s.o.j.LocalContainerEntityManagerFactoryBean - Closing JPA EntityManagerFactory for persistence unit 'default'
2026-02-12 13:38:26 INFO  [SpringApplicationShutdownHook] com.zaxxer.hikari.HikariDataSource - HikariPool-1 - Shutdown initiated...
2026-02-12 13:38:26 INFO  [SpringApplicationShutdownHook] com.zaxxer.hikari.HikariDataSource - HikariPool-1 - Shutdown completed.
2026-02-12 13:46:04 INFO  [main] c.M.O.i.OrderIntegrationTest - Starting OrderIntegrationTest using Java 23.0.2 with PID 18872 (started by firoz in D:\Microservice projects\Microservices-First-Project\order-service)
2026-02-12 13:46:04 INFO  [main] c.M.O.i.OrderIntegrationTest - The following 1 profile is active: "test"
2026-02-12 13:46:07 INFO  [main] o.s.d.r.c.RepositoryConfigurationDelegate - Bootstrapping Spring Data JPA repositories in DEFAULT mode.
2026-02-12 13:46:07 INFO  [main] o.s.d.r.c.RepositoryConfigurationDelegate - Finished Spring Data repository scanning in 170 ms. Found 1 JPA repository interface.
2026-02-12 13:46:08 INFO  [main] o.h.jpa.internal.util.LogHelper - HHH000204: Processing PersistenceUnitInfo [name: default]
2026-02-12 13:46:09 INFO  [main] org.hibernate.Version - HHH000412: Hibernate ORM core version 6.6.41.Final
2026-02-12 13:46:09 INFO  [main] o.h.c.i.RegionFactoryInitiator - HHH000026: Second-level cache disabled
2026-02-12 13:46:10 INFO  [main] o.s.o.j.p.SpringPersistenceUnitInfo - No LoadTimeWeaver setup: ignoring JPA class transformer
2026-02-12 13:46:10 INFO  [main] com.zaxxer.hikari.HikariDataSource - HikariPool-1 - Starting...
2026-02-12 13:46:11 INFO  [main] com.zaxxer.hikari.pool.HikariPool - HikariPool-1 - Added connection conn0: url=jdbc:h2:mem:testdb user=SA
2026-02-12 13:46:11 INFO  [main] com.zaxxer.hikari.HikariDataSource - HikariPool-1 - Start completed.
2026-02-12 13:46:11 INFO  [main] o.hibernate.orm.connections.pooling - HHH10001005: Database info:
	Database JDBC URL [Connecting through datasource 'HikariDataSource (HikariPool-1)']
	Database driver: undefined/unknown
	Database version: 2.3.232
	Autocommit mode: undefined/unknown
	Isolation level: undefined/unknown
	Minimum pool size: undefined/unknown
	Maximum pool size: undefined/unknown
2026-02-12 13:46:13 INFO  [main] o.h.e.t.j.p.i.JtaPlatformInitiator - HHH000489: No JTA platform available (set 'hibernate.transaction.jta.platform' to enable JTA platform integration)
2026-02-12 13:46:13 INFO  [main] o.s.o.j.LocalContainerEntityManagerFactoryBean - Initialized JPA EntityManagerFactory for persistence unit 'default'
2026-02-12 13:46:13 INFO  [main] c.M.O.OrderServiceApplication - Order Service Application started successfully
2026-02-12 13:46:15 WARN  [main] o.s.b.a.o.j.JpaBaseConfiguration$JpaWebConfiguration - spring.jpa.open-in-view is enabled by default. Therefore, database queries may be performed during view rendering. Explicitly configure spring.jpa.open-in-view to disable this warning
2026-02-12 13:46:16 INFO  [main] o.s.b.a.h.H2ConsoleAutoConfiguration - H2 console available at '/h2-console'. Database available at 'jdbc:h2:mem:testdb'
2026-02-12 13:46:16 INFO  [main] o.s.b.t.m.w.SpringBootMockServletContext - Initializing Spring TestDispatcherServlet ''
2026-02-12 13:46:16 INFO  [main] o.s.t.w.s.TestDispatcherServlet - Initializing Servlet ''
2026-02-12 13:46:16 INFO  [main] o.s.t.w.s.TestDispatcherServlet - Completed initialization in 4 ms
2026-02-12 13:46:16 INFO  [main] c.M.O.i.OrderIntegrationTest - Started OrderIntegrationTest in 13.326 seconds (process running for 17.19)
2026-02-12 13:46:18 INFO  [main] c.M.O.controller.OrderController - POST /order request received 
2026-02-12 13:46:18 INFO  [main] c.M.O.service.OrderService - Create order request was received for user id=2, and amount=2586 
2026-02-12 13:46:18 INFO  [main] c.M.O.service.OrderService - Order Cerated successfully with userId=2, and amount=2586
2026-02-12 13:46:18 INFO  [main] c.M.O.controller.OrderController - POST / Create order successfully with orderId=1 
2026-02-12 13:46:18 INFO  [main] c.M.O.controller.OrderController - GET /order request fetch by id=1
2026-02-12 13:46:18 INFO  [main] c.M.O.controller.OrderController - GET /Order successfully fetched with id=1 
2026-02-12 13:46:18 INFO  [SpringApplicationShutdownHook] o.s.o.j.LocalContainerEntityManagerFactoryBean - Closing JPA EntityManagerFactory for persistence unit 'default'
2026-02-12 13:46:18 INFO  [SpringApplicationShutdownHook] com.zaxxer.hikari.HikariDataSource - HikariPool-1 - Shutdown initiated...
2026-02-12 13:46:18 INFO  [SpringApplicationShutdownHook] com.zaxxer.hikari.HikariDataSource - HikariPool-1 - Shutdown completed.
2026-02-12 13:50:01 INFO  [main] c.M.O.i.OrderIntegrationTest - Starting OrderIntegrationTest using Java 23.0.2 with PID 3300 (started by firoz in D:\Microservice projects\Microservices-First-Project\order-service)
2026-02-12 13:50:01 INFO  [main] c.M.O.i.OrderIntegrationTest - The following 1 profile is active: "test"
2026-02-12 13:50:03 INFO  [main] o.s.d.r.c.RepositoryConfigurationDelegate - Bootstrapping Spring Data JPA repositories in DEFAULT mode.
2026-02-12 13:50:03 INFO  [main] o.s.d.r.c.RepositoryConfigurationDelegate - Finished Spring Data repository scanning in 181 ms. Found 1 JPA repository interface.
2026-02-12 13:50:05 INFO  [main] o.h.jpa.internal.util.LogHelper - HHH000204: Processing PersistenceUnitInfo [name: default]
2026-02-12 13:50:05 INFO  [main] org.hibernate.Version - HHH000412: Hibernate ORM core version 6.6.41.Final
2026-02-12 13:50:05 INFO  [main] o.h.c.i.RegionFactoryInitiator - HHH000026: Second-level cache disabled
2026-02-12 13:50:06 INFO  [main] o.s.o.j.p.SpringPersistenceUnitInfo - No LoadTimeWeaver setup: ignoring JPA class transformer
2026-02-12 13:50:06 INFO  [main] com.zaxxer.hikari.HikariDataSource - HikariPool-1 - Starting...
2026-02-12 13:50:07 INFO  [main] com.zaxxer.hikari.pool.HikariPool - HikariPool-1 - Added connection conn0: url=jdbc:h2:mem:testdb user=SA
2026-02-12 13:50:07 INFO  [main] com.zaxxer.hikari.HikariDataSource - HikariPool-1 - Start completed.
2026-02-12 13:50:07 INFO  [main] o.hibernate.orm.connections.pooling - HHH10001005: Database info:
	Database JDBC URL [Connecting through datasource 'HikariDataSource (HikariPool-1)']
	Database driver: undefined/unknown
	Database version: 2.3.232
	Autocommit mode: undefined/unknown
	Isolation level: undefined/unknown
	Minimum pool size: undefined/unknown
	Maximum pool size: undefined/unknown
2026-02-12 13:50:09 INFO  [main] o.h.e.t.j.p.i.JtaPlatformInitiator - HHH000489: No JTA platform available (set 'hibernate.transaction.jta.platform' to enable JTA platform integration)
2026-02-12 13:50:09 INFO  [main] o.s.o.j.LocalContainerEntityManagerFactoryBean - Initialized JPA EntityManagerFactory for persistence unit 'default'
2026-02-12 13:50:09 INFO  [main] c.M.O.OrderServiceApplication - Order Service Application started successfully
2026-02-12 13:50:10 WARN  [main] o.s.b.a.o.j.JpaBaseConfiguration$JpaWebConfiguration - spring.jpa.open-in-view is enabled by default. Therefore, database queries may be performed during view rendering. Explicitly configure spring.jpa.open-in-view to disable this warning
2026-02-12 13:50:11 INFO  [main] o.s.b.a.h.H2ConsoleAutoConfiguration - H2 console available at '/h2-console'. Database available at 'jdbc:h2:mem:testdb'
2026-02-12 13:50:11 INFO  [main] o.s.b.t.m.w.SpringBootMockServletContext - Initializing Spring TestDispatcherServlet ''
2026-02-12 13:50:11 INFO  [main] o.s.t.w.s.TestDispatcherServlet - Initializing Servlet ''
2026-02-12 13:50:11 INFO  [main] o.s.t.w.s.TestDispatcherServlet - Completed initialization in 3 ms
2026-02-12 13:50:12 INFO  [main] c.M.O.i.OrderIntegrationTest - Started OrderIntegrationTest in 12.582 seconds (process running for 16.407)
2026-02-12 13:50:13 INFO  [main] c.M.O.controller.OrderController - POST /order request received 
2026-02-12 13:50:13 INFO  [main] c.M.O.service.OrderService - Create order request was received for user id=2, and amount=2586 
2026-02-12 13:50:14 INFO  [main] c.M.O.service.OrderService - Order Cerated successfully with userId=2, and amount=2586
2026-02-12 13:50:14 INFO  [main] c.M.O.controller.OrderController - POST / Create order successfully with orderId=1 
2026-02-12 13:50:14 INFO  [main] c.M.O.controller.OrderController - GET /order request fetch by id=1
2026-02-12 13:50:14 INFO  [main] c.M.O.controller.OrderController - GET /Order successfully fetched with id=1 
2026-02-12 13:50:14 INFO  [SpringApplicationShutdownHook] o.s.o.j.LocalContainerEntityManagerFactoryBean - Closing JPA EntityManagerFactory for persistence unit 'default'
2026-02-12 13:50:14 INFO  [SpringApplicationShutdownHook] com.zaxxer.hikari.HikariDataSource - HikariPool-1 - Shutdown initiated...
2026-02-12 13:50:14 INFO  [SpringApplicationShutdownHook] com.zaxxer.hikari.HikariDataSource - HikariPool-1 - Shutdown completed.
2026-02-12 14:16:54 INFO  [main] c.M.O.i.OrderIntegrationTest - Starting OrderIntegrationTest using Java 23.0.2 with PID 16368 (started by firoz in D:\Microservice projects\Microservices-First-Project\order-service)
2026-02-12 14:16:54 INFO  [main] c.M.O.i.OrderIntegrationTest - The following 1 profile is active: "test"
2026-02-12 14:16:56 INFO  [main] o.s.d.r.c.RepositoryConfigurationDelegate - Bootstrapping Spring Data JPA repositories in DEFAULT mode.
2026-02-12 14:16:56 INFO  [main] o.s.d.r.c.RepositoryConfigurationDelegate - Finished Spring Data repository scanning in 171 ms. Found 1 JPA repository interface.
2026-02-12 14:16:58 INFO  [main] o.h.jpa.internal.util.LogHelper - HHH000204: Processing PersistenceUnitInfo [name: default]
2026-02-12 14:16:58 INFO  [main] org.hibernate.Version - HHH000412: Hibernate ORM core version 6.6.41.Final
2026-02-12 14:16:58 INFO  [main] o.h.c.i.RegionFactoryInitiator - HHH000026: Second-level cache disabled
2026-02-12 14:16:59 INFO  [main] o.s.o.j.p.SpringPersistenceUnitInfo - No LoadTimeWeaver setup: ignoring JPA class transformer
2026-02-12 14:16:59 INFO  [main] com.zaxxer.hikari.HikariDataSource - HikariPool-1 - Starting...
2026-02-12 14:17:00 INFO  [main] com.zaxxer.hikari.pool.HikariPool - HikariPool-1 - Added connection conn0: url=jdbc:h2:mem:testdb user=SA
2026-02-12 14:17:00 INFO  [main] com.zaxxer.hikari.HikariDataSource - HikariPool-1 - Start completed.
2026-02-12 14:17:00 INFO  [main] o.hibernate.orm.connections.pooling - HHH10001005: Database info:
	Database JDBC URL [Connecting through datasource 'HikariDataSource (HikariPool-1)']
	Database driver: undefined/unknown
	Database version: 2.3.232
	Autocommit mode: undefined/unknown
	Isolation level: undefined/unknown
	Minimum pool size: undefined/unknown
	Maximum pool size: undefined/unknown
2026-02-12 14:17:03 INFO  [main] o.h.e.t.j.p.i.JtaPlatformInitiator - HHH000489: No JTA platform available (set 'hibernate.transaction.jta.platform' to enable JTA platform integration)
2026-02-12 14:17:03 INFO  [main] o.s.o.j.LocalContainerEntityManagerFactoryBean - Initialized JPA EntityManagerFactory for persistence unit 'default'
2026-02-12 14:17:03 INFO  [main] c.M.O.OrderServiceApplication - Order Service Application started successfully
2026-02-12 14:17:04 WARN  [main] o.s.b.a.o.j.JpaBaseConfiguration$JpaWebConfiguration - spring.jpa.open-in-view is enabled by default. Therefore, database queries may be performed during view rendering. Explicitly configure spring.jpa.open-in-view to disable this warning
2026-02-12 14:17:05 INFO  [main] o.s.b.a.h.H2ConsoleAutoConfiguration - H2 console available at '/h2-console'. Database available at 'jdbc:h2:mem:testdb'
2026-02-12 14:17:05 INFO  [main] o.s.b.t.m.w.SpringBootMockServletContext - Initializing Spring TestDispatcherServlet ''
2026-02-12 14:17:05 INFO  [main] o.s.t.w.s.TestDispatcherServlet - Initializing Servlet ''
2026-02-12 14:17:05 INFO  [main] o.s.t.w.s.TestDispatcherServlet - Completed initialization in 13 ms
2026-02-12 14:17:05 INFO  [main] c.M.O.i.OrderIntegrationTest - Started OrderIntegrationTest in 13.439 seconds (process running for 17.433)
2026-02-12 14:17:07 WARN  [main] c.M.O.e.GlobalExceptionHandler - Validation Error: [amount: Amount must Not be null]
2026-02-12 14:17:07 INFO  [SpringApplicationShutdownHook] o.s.o.j.LocalContainerEntityManagerFactoryBean - Closing JPA EntityManagerFactory for persistence unit 'default'
2026-02-12 14:17:08 INFO  [SpringApplicationShutdownHook] com.zaxxer.hikari.HikariDataSource - HikariPool-1 - Shutdown initiated...
2026-02-12 14:17:08 INFO  [SpringApplicationShutdownHook] com.zaxxer.hikari.HikariDataSource - HikariPool-1 - Shutdown completed.
2026-02-12 14:19:15 INFO  [main] c.M.O.i.OrderIntegrationTest - Starting OrderIntegrationTest using Java 23.0.2 with PID 15688 (started by firoz in D:\Microservice projects\Microservices-First-Project\order-service)
2026-02-12 14:19:15 INFO  [main] c.M.O.i.OrderIntegrationTest - The following 1 profile is active: "test"
2026-02-12 14:19:17 INFO  [main] o.s.d.r.c.RepositoryConfigurationDelegate - Bootstrapping Spring Data JPA repositories in DEFAULT mode.
2026-02-12 14:19:18 INFO  [main] o.s.d.r.c.RepositoryConfigurationDelegate - Finished Spring Data repository scanning in 185 ms. Found 1 JPA repository interface.
2026-02-12 14:19:19 INFO  [main] o.h.jpa.internal.util.LogHelper - HHH000204: Processing PersistenceUnitInfo [name: default]
2026-02-12 14:19:19 INFO  [main] org.hibernate.Version - HHH000412: Hibernate ORM core version 6.6.41.Final
2026-02-12 14:19:19 INFO  [main] o.h.c.i.RegionFactoryInitiator - HHH000026: Second-level cache disabled
2026-02-12 14:19:21 INFO  [main] o.s.o.j.p.SpringPersistenceUnitInfo - No LoadTimeWeaver setup: ignoring JPA class transformer
2026-02-12 14:19:21 INFO  [main] com.zaxxer.hikari.HikariDataSource - HikariPool-1 - Starting...
2026-02-12 14:19:21 INFO  [main] com.zaxxer.hikari.pool.HikariPool - HikariPool-1 - Added connection conn0: url=jdbc:h2:mem:testdb user=SA
2026-02-12 14:19:21 INFO  [main] com.zaxxer.hikari.HikariDataSource - HikariPool-1 - Start completed.
2026-02-12 14:19:21 INFO  [main] o.hibernate.orm.connections.pooling - HHH10001005: Database info:
	Database JDBC URL [Connecting through datasource 'HikariDataSource (HikariPool-1)']
	Database driver: undefined/unknown
	Database version: 2.3.232
	Autocommit mode: undefined/unknown
	Isolation level: undefined/unknown
	Minimum pool size: undefined/unknown
	Maximum pool size: undefined/unknown
2026-02-12 14:19:23 INFO  [main] o.h.e.t.j.p.i.JtaPlatformInitiator - HHH000489: No JTA platform available (set 'hibernate.transaction.jta.platform' to enable JTA platform integration)
2026-02-12 14:19:23 INFO  [main] o.s.o.j.LocalContainerEntityManagerFactoryBean - Initialized JPA EntityManagerFactory for persistence unit 'default'
2026-02-12 14:19:24 INFO  [main] c.M.O.OrderServiceApplication - Order Service Application started successfully
2026-02-12 14:19:25 WARN  [main] o.s.b.a.o.j.JpaBaseConfiguration$JpaWebConfiguration - spring.jpa.open-in-view is enabled by default. Therefore, database queries may be performed during view rendering. Explicitly configure spring.jpa.open-in-view to disable this warning
2026-02-12 14:19:26 INFO  [main] o.s.b.a.h.H2ConsoleAutoConfiguration - H2 console available at '/h2-console'. Database available at 'jdbc:h2:mem:testdb'
2026-02-12 14:19:26 INFO  [main] o.s.b.t.m.w.SpringBootMockServletContext - Initializing Spring TestDispatcherServlet ''
2026-02-12 14:19:26 INFO  [main] o.s.t.w.s.TestDispatcherServlet - Initializing Servlet ''
2026-02-12 14:19:26 INFO  [main] o.s.t.w.s.TestDispatcherServlet - Completed initialization in 2 ms
2026-02-12 14:19:26 INFO  [main] c.M.O.i.OrderIntegrationTest - Started OrderIntegrationTest in 12.807 seconds (process running for 18.824)
2026-02-12 14:19:27 INFO  [main] c.M.O.controller.OrderController - GET /order request fetch by id=2
2026-02-12 14:19:28 WARN  [main] c.M.O.service.OrderService - Order with id=2 not found
2026-02-12 14:19:28 WARN  [main] c.M.O.e.GlobalExceptionHandler - Order Not Found Exception: Order with id=2 not found
2026-02-12 14:19:28 INFO  [SpringApplicationShutdownHook] o.s.o.j.LocalContainerEntityManagerFactoryBean - Closing JPA EntityManagerFactory for persistence unit 'default'
2026-02-12 14:19:28 INFO  [SpringApplicationShutdownHook] com.zaxxer.hikari.HikariDataSource - HikariPool-1 - Shutdown initiated...
2026-02-12 14:19:28 INFO  [SpringApplicationShutdownHook] com.zaxxer.hikari.HikariDataSource - HikariPool-1 - Shutdown completed.
2026-02-12 14:41:41 INFO  [main] c.M.O.controller.OrderControllerTest - Starting OrderControllerTest using Java 23.0.2 with PID 3956 (started by firoz in D:\Microservice projects\Microservices-First-Project\order-service)
2026-02-12 14:41:41 INFO  [main] c.M.O.controller.OrderControllerTest - No active profile set, falling back to 1 default profile: "default"
2026-02-12 14:41:55 INFO  [main] c.M.O.OrderServiceApplication - Order Service Application started successfully
2026-02-12 14:41:59 INFO  [main] o.s.b.t.m.w.SpringBootMockServletContext - Initializing Spring TestDispatcherServlet ''
2026-02-12 14:41:59 INFO  [main] o.s.t.w.s.TestDispatcherServlet - Initializing Servlet ''
2026-02-12 14:41:59 INFO  [main] o.s.t.w.s.TestDispatcherServlet - Completed initialization in 8 ms
2026-02-12 14:41:59 INFO  [main] c.M.O.controller.OrderControllerTest - Started OrderControllerTest in 24.946 seconds (process running for 44.272)
2026-02-12 14:42:02 WARN  [main] c.M.O.e.GlobalExceptionHandler - Validation Error: [userId: User Id must not be null]
2026-02-12 14:42:03 INFO  [main] c.M.O.controller.OrderController - GET /All Orders fetched
2026-02-12 14:42:03 INFO  [main] c.M.O.controller.OrderController - GET /2 Orders successfully fetched
2026-02-12 14:42:04 INFO  [main] c.M.O.controller.OrderController - POST /order request received 
2026-02-12 14:42:04 INFO  [main] c.M.O.controller.OrderController - POST / Create order successfully with orderId=1 
2026-02-12 14:42:04 INFO  [main] c.M.O.controller.OrderController - DELETE /order request Delete with id 1
2026-02-12 14:42:04 INFO  [main] c.M.O.controller.OrderController - DELETE /Delete order successfully with id=Deleted successfully 
2026-02-12 14:42:04 INFO  [main] c.M.O.controller.OrderController - PUT /order request Updated with id 1
2026-02-12 14:42:04 INFO  [main] c.M.O.controller.OrderController - PUT /Update order successfully with id=1 
2026-02-12 14:42:04 INFO  [main] c.M.O.controller.OrderController - GET /order request fetch by id=1
2026-02-12 14:42:04 WARN  [main] c.M.O.e.GlobalExceptionHandler - Order Not Found Exception: Order with id=1 not found
2026-02-12 14:42:04 INFO  [main] c.M.O.controller.OrderController - GET /order request fetch by id=1
2026-02-12 14:42:04 INFO  [main] c.M.O.controller.OrderController - GET /Order successfully fetched with id=1 
2026-02-12 14:42:04 INFO  [main] c.M.O.controller.OrderController - PUT /order request Updated with id 1
2026-02-12 14:42:04 WARN  [main] c.M.O.e.GlobalExceptionHandler - Order Not Found Exception: Order with id=1 not found
2026-02-12 14:42:05 INFO  [main] o.s.t.c.s.AnnotationConfigContextLoaderUtils - Could not detect default configuration classes for test class [com.MFP.OrderService.integration.OrderIntegrationTest]: OrderIntegrationTest does not declare any static, non-private, non-final, nested classes annotated with @Configuration.
2026-02-12 14:42:05 INFO  [main] o.s.b.t.c.SpringBootTestContextBootstrapper - Found @SpringBootConfiguration com.MFP.OrderService.OrderServiceApplication for test class com.MFP.OrderService.integration.OrderIntegrationTest
2026-02-12 14:42:05 INFO  [main] o.s.b.d.r.RestartApplicationListener - Restart disabled due to context in which it is running
2026-02-12 14:42:06 INFO  [main] c.M.O.i.OrderIntegrationTest - Starting OrderIntegrationTest using Java 23.0.2 with PID 3956 (started by firoz in D:\Microservice projects\Microservices-First-Project\order-service)
2026-02-12 14:42:06 INFO  [main] c.M.O.i.OrderIntegrationTest - The following 1 profile is active: "test"
2026-02-12 14:42:09 INFO  [main] o.s.d.r.c.RepositoryConfigurationDelegate - Bootstrapping Spring Data JPA repositories in DEFAULT mode.
2026-02-12 14:42:09 INFO  [main] o.s.d.r.c.RepositoryConfigurationDelegate - Finished Spring Data repository scanning in 245 ms. Found 1 JPA repository interface.
2026-02-12 14:42:12 INFO  [main] o.h.jpa.internal.util.LogHelper - HHH000204: Processing PersistenceUnitInfo [name: default]
2026-02-12 14:42:13 INFO  [main] org.hibernate.Version - HHH000412: Hibernate ORM core version 6.6.41.Final
2026-02-12 14:42:13 INFO  [main] o.h.c.i.RegionFactoryInitiator - HHH000026: Second-level cache disabled
2026-02-12 14:42:16 INFO  [main] o.s.o.j.p.SpringPersistenceUnitInfo - No LoadTimeWeaver setup: ignoring JPA class transformer
2026-02-12 14:42:16 INFO  [main] com.zaxxer.hikari.HikariDataSource - HikariPool-1 - Starting...
2026-02-12 14:42:20 INFO  [main] com.zaxxer.hikari.pool.HikariPool - HikariPool-1 - Added connection conn0: url=jdbc:h2:mem:testdb user=SA
2026-02-12 14:42:20 INFO  [main] com.zaxxer.hikari.HikariDataSource - HikariPool-1 - Start completed.
2026-02-12 14:42:21 INFO  [main] o.hibernate.orm.connections.pooling - HHH10001005: Database info:
	Database JDBC URL [Connecting through datasource 'HikariDataSource (HikariPool-1)']
	Database driver: undefined/unknown
	Database version: 2.3.232
	Autocommit mode: undefined/unknown
	Isolation level: undefined/unknown
	Minimum pool size: undefined/unknown
	Maximum pool size: undefined/unknown
2026-02-12 14:42:28 INFO  [main] o.h.e.t.j.p.i.JtaPlatformInitiator - HHH000489: No JTA platform available (set 'hibernate.transaction.jta.platform' to enable JTA platform integration)
2026-02-12 14:42:29 INFO  [main] o.s.o.j.LocalContainerEntityManagerFactoryBean - Initialized JPA EntityManagerFactory for persistence unit 'default'
2026-02-12 14:42:29 INFO  [main] c.M.O.OrderServiceApplication - Order Service Application started successfully
2026-02-12 14:42:31 WARN  [main] o.s.b.a.o.j.JpaBaseConfiguration$JpaWebConfiguration - spring.jpa.open-in-view is enabled by default. Therefore, database queries may be performed during view rendering. Explicitly configure spring.jpa.open-in-view to disable this warning
2026-02-12 14:42:31 INFO  [main] o.s.b.a.h.H2ConsoleAutoConfiguration - H2 console available at '/h2-console'. Database available at 'jdbc:h2:mem:testdb'
2026-02-12 14:42:32 INFO  [main] o.s.b.t.m.w.SpringBootMockServletContext - Initializing Spring TestDispatcherServlet ''
2026-02-12 14:42:32 INFO  [main] o.s.t.w.s.TestDispatcherServlet - Initializing Servlet ''
2026-02-12 14:42:32 INFO  [main] o.s.t.w.s.TestDispatcherServlet - Completed initialization in 2 ms
2026-02-12 14:42:32 INFO  [main] c.M.O.i.OrderIntegrationTest - Started OrderIntegrationTest in 26.499 seconds (process running for 76.998)
2026-02-12 14:42:32 INFO  [main] c.M.O.controller.OrderController - GET /order request fetch by id=2
2026-02-12 14:42:33 WARN  [main] c.M.O.service.OrderService - Order with id=2 not found
2026-02-12 14:42:33 WARN  [main] c.M.O.e.GlobalExceptionHandler - Order Not Found Exception: Order with id=2 not found
2026-02-12 14:42:33 INFO  [main] c.M.O.controller.OrderController - POST /order request received 
2026-02-12 14:42:33 INFO  [main] c.M.O.service.OrderService - Create order request was received for user id=1, and amount=2522 
2026-02-12 14:42:34 INFO  [main] c.M.O.service.OrderService - Order Cerated successfully with userId=1, and amount=2522
2026-02-12 14:42:34 INFO  [main] c.M.O.controller.OrderController - POST / Create order successfully with orderId=1 
2026-02-12 14:42:34 INFO  [main] c.M.O.controller.OrderController - POST /order request received 
2026-02-12 14:42:34 INFO  [main] c.M.O.service.OrderService - Create order request was received for user id=2, and amount=2586 
2026-02-12 14:42:34 INFO  [main] c.M.O.service.OrderService - Order Cerated successfully with userId=2, and amount=2586
2026-02-12 14:42:34 INFO  [main] c.M.O.controller.OrderController - POST / Create order successfully with orderId=2 
2026-02-12 14:42:34 INFO  [main] c.M.O.controller.OrderController - GET /order request fetch by id=2
2026-02-12 14:42:34 INFO  [main] c.M.O.controller.OrderController - GET /Order successfully fetched with id=2 
2026-02-12 14:42:34 WARN  [main] c.M.O.e.GlobalExceptionHandler - Validation Error: [amount: Amount must Not be null]
2026-02-12 14:42:34 INFO  [main] o.s.t.c.s.AnnotationConfigContextLoaderUtils - Could not detect default configuration classes for test class [com.MFP.OrderService.OrderServiceApplicationTests]: OrderServiceApplicationTests does not declare any static, non-private, non-final, nested classes annotated with @Configuration.
2026-02-12 14:42:34 INFO  [main] o.s.b.t.c.SpringBootTestContextBootstrapper - Found @SpringBootConfiguration com.MFP.OrderService.OrderServiceApplication for test class com.MFP.OrderService.OrderServiceApplicationTests
2026-02-12 14:42:34 INFO  [main] o.s.b.d.r.RestartApplicationListener - Restart disabled due to context in which it is running
2026-02-12 14:42:35 INFO  [main] c.M.O.OrderServiceApplicationTests - Starting OrderServiceApplicationTests using Java 23.0.2 with PID 3956 (started by firoz in D:\Microservice projects\Microservices-First-Project\order-service)
2026-02-12 14:42:35 INFO  [main] c.M.O.OrderServiceApplicationTests - No active profile set, falling back to 1 default profile: "default"
2026-02-12 14:42:36 INFO  [main] o.s.d.r.c.RepositoryConfigurationDelegate - Bootstrapping Spring Data JPA repositories in DEFAULT mode.
2026-02-12 14:42:36 INFO  [main] o.s.d.r.c.RepositoryConfigurationDelegate - Finished Spring Data repository scanning in 99 ms. Found 1 JPA repository interface.
2026-02-12 14:42:38 INFO  [main] o.h.jpa.internal.util.LogHelper - HHH000204: Processing PersistenceUnitInfo [name: default]
2026-02-12 14:42:38 INFO  [main] o.h.c.i.RegionFactoryInitiator - HHH000026: Second-level cache disabled
2026-02-12 14:42:38 INFO  [main] o.s.o.j.p.SpringPersistenceUnitInfo - No LoadTimeWeaver setup: ignoring JPA class transformer
2026-02-12 14:42:38 INFO  [main] com.zaxxer.hikari.HikariDataSource - HikariPool-2 - Starting...
2026-02-12 14:42:42 INFO  [main] com.zaxxer.hikari.pool.HikariPool - HikariPool-2 - Added connection com.mysql.cj.jdbc.ConnectionImpl@427e3200
2026-02-12 14:42:42 INFO  [main] com.zaxxer.hikari.HikariDataSource - HikariPool-2 - Start completed.
2026-02-12 14:42:42 INFO  [main] o.hibernate.orm.connections.pooling - HHH10001005: Database info:
	Database JDBC URL [Connecting through datasource 'HikariDataSource (HikariPool-2)']
	Database driver: undefined/unknown
	Database version: 8.0.44
	Autocommit mode: undefined/unknown
	Isolation level: undefined/unknown
	Minimum pool size: undefined/unknown
	Maximum pool size: undefined/unknown
2026-02-12 14:42:43 INFO  [main] o.h.e.t.j.p.i.JtaPlatformInitiator - HHH000489: No JTA platform available (set 'hibernate.transaction.jta.platform' to enable JTA platform integration)
2026-02-12 14:42:43 INFO  [main] o.s.o.j.LocalContainerEntityManagerFactoryBean - Initialized JPA EntityManagerFactory for persistence unit 'default'
2026-02-12 14:42:43 INFO  [main] c.M.O.OrderServiceApplication - Order Service Application started successfully
2026-02-12 14:42:43 WARN  [main] o.s.b.a.o.j.JpaBaseConfiguration$JpaWebConfiguration - spring.jpa.open-in-view is enabled by default. Therefore, database queries may be performed during view rendering. Explicitly configure spring.jpa.open-in-view to disable this warning
2026-02-12 14:42:44 INFO  [main] c.M.O.OrderServiceApplicationTests - Started OrderServiceApplicationTests in 9.693 seconds (process running for 88.867)
2026-02-12 14:42:44 INFO  [main] o.s.t.c.s.AnnotationConfigContextLoaderUtils - Could not detect default configuration classes for test class [com.MFP.OrderService.repository.OrderRepositoryTest]: OrderRepositoryTest does not declare any static, non-private, non-final, nested classes annotated with @Configuration.
2026-02-12 14:42:44 INFO  [main] o.s.b.t.c.SpringBootTestContextBootstrapper - Found @SpringBootConfiguration com.MFP.OrderService.OrderServiceApplication for test class com.MFP.OrderService.repository.OrderRepositoryTest
2026-02-12 14:42:44 INFO  [main] o.s.b.d.r.RestartApplicationListener - Restart disabled due to context in which it is running
2026-02-12 14:42:44 INFO  [main] c.M.O.repository.OrderRepositoryTest - Starting OrderRepositoryTest using Java 23.0.2 with PID 3956 (started by firoz in D:\Microservice projects\Microservices-First-Project\order-service)
2026-02-12 14:42:44 INFO  [main] c.M.O.repository.OrderRepositoryTest - The following 1 profile is active: "test"
2026-02-12 14:42:44 INFO  [main] o.s.d.r.c.RepositoryConfigurationDelegate - Bootstrapping Spring Data JPA repositories in DEFAULT mode.
2026-02-12 14:42:44 INFO  [main] o.s.d.r.c.RepositoryConfigurationDelegate - Finished Spring Data repository scanning in 41 ms. Found 1 JPA repository interface.
2026-02-12 14:42:45 INFO  [main] o.s.b.t.a.j.TestDatabaseAutoConfiguration$EmbeddedDataSourceBeanFactoryPostProcessor - Replacing 'dataSource' DataSource bean with embedded version
2026-02-12 14:42:45 INFO  [main] o.s.j.d.e.EmbeddedDatabaseFactory - Starting embedded database: url='jdbc:h2:mem:2ebb87a0-b3e9-4819-8ef3-c1fe8b0a376d;DB_CLOSE_DELAY=-1;DB_CLOSE_ON_EXIT=false', username='sa'
2026-02-12 14:42:45 INFO  [main] o.h.jpa.internal.util.LogHelper - HHH000204: Processing PersistenceUnitInfo [name: default]
2026-02-12 14:42:45 INFO  [main] o.h.c.i.RegionFactoryInitiator - HHH000026: Second-level cache disabled
2026-02-12 14:42:45 INFO  [main] o.s.o.j.p.SpringPersistenceUnitInfo - No LoadTimeWeaver setup: ignoring JPA class transformer
2026-02-12 14:42:45 INFO  [main] o.hibernate.orm.connections.pooling - HHH10001005: Database info:
	Database JDBC URL [Connecting through datasource 'org.springframework.jdbc.datasource.embedded.EmbeddedDatabaseFactory$EmbeddedDataSourceProxy@32b35ed2']
	Database driver: undefined/unknown
	Database version: 2.3.232
	Autocommit mode: undefined/unknown
	Isolation level: undefined/unknown
	Minimum pool size: undefined/unknown
	Maximum pool size: undefined/unknown
2026-02-12 14:42:45 INFO  [main] o.h.e.t.j.p.i.JtaPlatformInitiator - HHH000489: No JTA platform available (set 'hibernate.transaction.jta.platform' to enable JTA platform integration)
2026-02-12 14:42:45 INFO  [main] o.s.o.j.LocalContainerEntityManagerFactoryBean - Initialized JPA EntityManagerFactory for persistence unit 'default'
2026-02-12 14:42:45 INFO  [main] c.M.O.OrderServiceApplication - Order Service Application started successfully
2026-02-12 14:42:45 INFO  [main] c.M.O.repository.OrderRepositoryTest - Started OrderRepositoryTest in 1.309 seconds (process running for 90.37)
2026-02-12 14:42:49 INFO  [main] c.M.O.service.OrderService - Delete order with id=1
2026-02-12 14:42:49 INFO  [main] c.M.O.service.OrderService - Order deleted successfully with orderId=1
2026-02-12 14:42:49 INFO  [main] c.M.O.service.OrderService - Delete order with id=1
2026-02-12 14:42:49 WARN  [main] c.M.O.service.OrderService - For deleting Order with id=1 not found
2026-02-12 14:42:49 WARN  [main] c.M.O.service.OrderService - Order with id=1 not found
2026-02-12 14:42:49 INFO  [main] c.M.O.service.OrderService - Fetched 2 Orders successfully
2026-02-12 14:42:49 INFO  [main] c.M.O.service.OrderService - Updating order with id=1
2026-02-12 14:42:49 WARN  [main] c.M.O.service.OrderService - Attempt to update cancelled order with status=Cancelled
2026-02-12 14:42:49 INFO  [main] c.M.O.service.OrderService - Updating order with id=1
2026-02-12 14:42:49 INFO  [main] c.M.O.service.OrderService - Order updated successfully with orderId= 1, new status= Created
2026-02-12 14:42:49 INFO  [main] c.M.O.service.OrderService - Updating order with id=1
2026-02-12 14:42:49 WARN  [main] c.M.O.service.OrderService -  For update Order with id=1 not found
2026-02-12 14:42:49 INFO  [main] c.M.O.service.OrderService - Updating order with id=1
2026-02-12 14:42:49 WARN  [main] c.M.O.service.OrderService - Trying to update the amount with zero 
2026-02-12 14:42:50 INFO  [main] c.M.O.service.OrderService - Create order request was received for user id=1, and amount=3000 
2026-02-12 14:42:50 INFO  [main] c.M.O.service.OrderService - Order Cerated successfully with userId=100, and amount=3000
2026-02-12 14:42:50 INFO  [SpringApplicationShutdownHook] o.s.o.j.LocalContainerEntityManagerFactoryBean - Closing JPA EntityManagerFactory for persistence unit 'default'
2026-02-12 14:42:51 INFO  [SpringApplicationShutdownHook] com.zaxxer.hikari.HikariDataSource - HikariPool-1 - Shutdown initiated...
2026-02-12 14:42:51 INFO  [SpringApplicationShutdownHook] com.zaxxer.hikari.HikariDataSource - HikariPool-1 - Shutdown completed.
2026-02-12 14:42:51 INFO  [SpringApplicationShutdownHook] o.s.o.j.LocalContainerEntityManagerFactoryBean - Closing JPA EntityManagerFactory for persistence unit 'default'
2026-02-12 14:42:51 INFO  [SpringApplicationShutdownHook] com.zaxxer.hikari.HikariDataSource - HikariPool-2 - Shutdown initiated...
2026-02-12 14:42:51 INFO  [SpringApplicationShutdownHook] com.zaxxer.hikari.HikariDataSource - HikariPool-2 - Shutdown completed.
2026-02-12 14:42:51 INFO  [SpringApplicationShutdownHook] o.s.o.j.LocalContainerEntityManagerFactoryBean - Closing JPA EntityManagerFactory for persistence unit 'default'
2026-02-12 15:23:03 INFO  [main] c.M.O.controller.OrderControllerTest - Starting OrderControllerTest using Java 23.0.2 with PID 19696 (started by firoz in D:\Microservice projects\Microservices-First-Project\order-service)
2026-02-12 15:23:03 INFO  [main] c.M.O.controller.OrderControllerTest - No active profile set, falling back to 1 default profile: "default"
2026-02-12 15:23:15 INFO  [main] c.M.O.OrderServiceApplication - Order Service Application started successfully
2026-02-12 15:23:20 INFO  [main] o.s.b.t.m.w.SpringBootMockServletContext - Initializing Spring TestDispatcherServlet ''
2026-02-12 15:23:20 INFO  [main] o.s.t.w.s.TestDispatcherServlet - Initializing Servlet ''
2026-02-12 15:23:20 INFO  [main] o.s.t.w.s.TestDispatcherServlet - Completed initialization in 9 ms
2026-02-12 15:23:21 INFO  [main] c.M.O.controller.OrderControllerTest - Started OrderControllerTest in 25.485 seconds (process running for 48.465)
2026-02-12 15:23:23 WARN  [main] c.M.O.e.GlobalExceptionHandler - Validation Error: [userId: User Id must not be null]
2026-02-12 15:23:23 INFO  [main] c.M.O.controller.OrderController - GET /All Orders fetched
2026-02-12 15:23:23 INFO  [main] c.M.O.controller.OrderController - GET /2 Orders successfully fetched
2026-02-12 15:23:24 INFO  [main] c.M.O.controller.OrderController - POST /order request received 
2026-02-12 15:23:24 INFO  [main] c.M.O.controller.OrderController - POST / Create order successfully with orderId=1 
2026-02-12 15:23:24 INFO  [main] c.M.O.controller.OrderController - DELETE /order request Delete with id 1
2026-02-12 15:23:24 INFO  [main] c.M.O.controller.OrderController - DELETE /Delete order successfully with id=Deleted successfully 
2026-02-12 15:23:24 INFO  [main] c.M.O.controller.OrderController - PUT /order request Updated with id 1
2026-02-12 15:23:24 INFO  [main] c.M.O.controller.OrderController - PUT /Update order successfully with id=1 
2026-02-12 15:23:24 INFO  [main] c.M.O.controller.OrderController - GET /order request fetch by id=1
2026-02-12 15:23:24 WARN  [main] c.M.O.e.GlobalExceptionHandler - Order Not Found Exception: Order with id=1 not found
2026-02-12 15:23:25 INFO  [main] c.M.O.controller.OrderController - GET /order request fetch by id=1
2026-02-12 15:23:25 INFO  [main] c.M.O.controller.OrderController - GET /Order successfully fetched with id=1 
2026-02-12 15:23:25 INFO  [main] c.M.O.controller.OrderController - PUT /order request Updated with id 1
2026-02-12 15:23:25 WARN  [main] c.M.O.e.GlobalExceptionHandler - Order Not Found Exception: Order with id=1 not found
2026-02-12 15:23:25 INFO  [main] o.s.t.c.s.AnnotationConfigContextLoaderUtils - Could not detect default configuration classes for test class [com.MFP.OrderService.integration.OrderIntegrationTest]: OrderIntegrationTest does not declare any static, non-private, non-final, nested classes annotated with @Configuration.
2026-02-12 15:23:25 INFO  [main] o.s.b.t.c.SpringBootTestContextBootstrapper - Found @SpringBootConfiguration com.MFP.OrderService.OrderServiceApplication for test class com.MFP.OrderService.integration.OrderIntegrationTest
2026-02-12 15:23:25 INFO  [main] o.s.b.d.r.RestartApplicationListener - Restart disabled due to context in which it is running
2026-02-12 15:23:25 INFO  [main] c.M.O.i.OrderIntegrationTest - Starting OrderIntegrationTest using Java 23.0.2 with PID 19696 (started by firoz in D:\Microservice projects\Microservices-First-Project\order-service)
2026-02-12 15:23:25 INFO  [main] c.M.O.i.OrderIntegrationTest - The following 1 profile is active: "test"
2026-02-12 15:23:28 INFO  [main] o.s.d.r.c.RepositoryConfigurationDelegate - Bootstrapping Spring Data JPA repositories in DEFAULT mode.
2026-02-12 15:23:28 INFO  [main] o.s.d.r.c.RepositoryConfigurationDelegate - Finished Spring Data repository scanning in 361 ms. Found 1 JPA repository interface.
2026-02-12 15:23:35 INFO  [main] o.h.jpa.internal.util.LogHelper - HHH000204: Processing PersistenceUnitInfo [name: default]
2026-02-12 15:23:35 INFO  [main] org.hibernate.Version - HHH000412: Hibernate ORM core version 6.6.41.Final
2026-02-12 15:23:35 INFO  [main] o.h.c.i.RegionFactoryInitiator - HHH000026: Second-level cache disabled
2026-02-12 15:23:36 INFO  [main] o.s.o.j.p.SpringPersistenceUnitInfo - No LoadTimeWeaver setup: ignoring JPA class transformer
2026-02-12 15:23:37 INFO  [main] com.zaxxer.hikari.HikariDataSource - HikariPool-1 - Starting...
2026-02-12 15:23:39 INFO  [main] com.zaxxer.hikari.pool.HikariPool - HikariPool-1 - Added connection conn0: url=jdbc:h2:mem:testdb user=SA
2026-02-12 15:23:39 INFO  [main] com.zaxxer.hikari.HikariDataSource - HikariPool-1 - Start completed.
2026-02-12 15:23:40 INFO  [main] o.hibernate.orm.connections.pooling - HHH10001005: Database info:
	Database JDBC URL [Connecting through datasource 'HikariDataSource (HikariPool-1)']
	Database driver: undefined/unknown
	Database version: 2.3.232
	Autocommit mode: undefined/unknown
	Isolation level: undefined/unknown
	Minimum pool size: undefined/unknown
	Maximum pool size: undefined/unknown
2026-02-12 15:23:45 INFO  [main] o.h.e.t.j.p.i.JtaPlatformInitiator - HHH000489: No JTA platform available (set 'hibernate.transaction.jta.platform' to enable JTA platform integration)
2026-02-12 15:23:46 INFO  [main] o.s.o.j.LocalContainerEntityManagerFactoryBean - Initialized JPA EntityManagerFactory for persistence unit 'default'
2026-02-12 15:23:46 INFO  [main] c.M.O.OrderServiceApplication - Order Service Application started successfully
2026-02-12 15:23:47 WARN  [main] o.s.b.a.o.j.JpaBaseConfiguration$JpaWebConfiguration - spring.jpa.open-in-view is enabled by default. Therefore, database queries may be performed during view rendering. Explicitly configure spring.jpa.open-in-view to disable this warning
2026-02-12 15:23:48 INFO  [main] o.s.b.a.h.H2ConsoleAutoConfiguration - H2 console available at '/h2-console'. Database available at 'jdbc:h2:mem:testdb'
2026-02-12 15:23:48 INFO  [main] o.s.b.t.m.w.SpringBootMockServletContext - Initializing Spring TestDispatcherServlet ''
2026-02-12 15:23:48 INFO  [main] o.s.t.w.s.TestDispatcherServlet - Initializing Servlet ''
2026-02-12 15:23:48 INFO  [main] o.s.t.w.s.TestDispatcherServlet - Completed initialization in 2 ms
2026-02-12 15:23:48 INFO  [main] c.M.O.i.OrderIntegrationTest - Started OrderIntegrationTest in 23.201 seconds (process running for 75.884)
2026-02-12 15:23:49 INFO  [main] c.M.O.controller.OrderController - GET /order request fetch by id=2
2026-02-12 15:23:49 WARN  [main] c.M.O.service.OrderService - Order with id=2 not found
2026-02-12 15:23:49 WARN  [main] c.M.O.e.GlobalExceptionHandler - Order Not Found Exception: Order with id=2 not found
2026-02-12 15:23:49 INFO  [main] c.M.O.controller.OrderController - POST /order request received 
2026-02-12 15:23:49 INFO  [main] c.M.O.service.OrderService - Create order request was received for user id=1, and amount=2522 
2026-02-12 15:23:50 INFO  [main] c.M.O.service.OrderService - Order Cerated successfully with userId=1, and amount=2522
2026-02-12 15:23:50 INFO  [main] c.M.O.controller.OrderController - POST / Create order successfully with orderId=1 
2026-02-12 15:23:50 INFO  [main] c.M.O.controller.OrderController - POST /order request received 
2026-02-12 15:23:50 INFO  [main] c.M.O.service.OrderService - Create order request was received for user id=2, and amount=2586 
2026-02-12 15:23:50 INFO  [main] c.M.O.service.OrderService - Order Cerated successfully with userId=2, and amount=2586
2026-02-12 15:23:50 INFO  [main] c.M.O.controller.OrderController - POST / Create order successfully with orderId=2 
2026-02-12 15:23:50 INFO  [main] c.M.O.controller.OrderController - GET /order request fetch by id=2
2026-02-12 15:23:50 INFO  [main] c.M.O.controller.OrderController - GET /Order successfully fetched with id=2 
2026-02-12 15:23:50 WARN  [main] c.M.O.e.GlobalExceptionHandler - Validation Error: [amount: Amount must Not be null]
2026-02-12 15:23:50 INFO  [main] o.s.t.c.s.AnnotationConfigContextLoaderUtils - Could not detect default configuration classes for test class [com.MFP.OrderService.OrderServiceApplicationTests]: OrderServiceApplicationTests does not declare any static, non-private, non-final, nested classes annotated with @Configuration.
2026-02-12 15:23:50 INFO  [main] o.s.b.t.c.SpringBootTestContextBootstrapper - Found @SpringBootConfiguration com.MFP.OrderService.OrderServiceApplication for test class com.MFP.OrderService.OrderServiceApplicationTests
2026-02-12 15:23:50 INFO  [main] o.s.b.d.r.RestartApplicationListener - Restart disabled due to context in which it is running
2026-02-12 15:23:50 INFO  [main] c.M.O.OrderServiceApplicationTests - Starting OrderServiceApplicationTests using Java 23.0.2 with PID 19696 (started by firoz in D:\Microservice projects\Microservices-First-Project\order-service)
2026-02-12 15:23:50 INFO  [main] c.M.O.OrderServiceApplicationTests - No active profile set, falling back to 1 default profile: "default"
2026-02-12 15:23:51 INFO  [main] o.s.d.r.c.RepositoryConfigurationDelegate - Bootstrapping Spring Data JPA repositories in DEFAULT mode.
2026-02-12 15:23:51 INFO  [main] o.s.d.r.c.RepositoryConfigurationDelegate - Finished Spring Data repository scanning in 32 ms. Found 1 JPA repository interface.
2026-02-12 15:23:51 INFO  [main] o.h.jpa.internal.util.LogHelper - HHH000204: Processing PersistenceUnitInfo [name: default]
2026-02-12 15:23:51 INFO  [main] o.h.c.i.RegionFactoryInitiator - HHH000026: Second-level cache disabled
2026-02-12 15:23:51 INFO  [main] o.s.o.j.p.SpringPersistenceUnitInfo - No LoadTimeWeaver setup: ignoring JPA class transformer
2026-02-12 15:23:51 INFO  [main] com.zaxxer.hikari.HikariDataSource - HikariPool-2 - Starting...
2026-02-12 15:23:53 INFO  [main] com.zaxxer.hikari.pool.HikariPool - HikariPool-2 - Added connection com.mysql.cj.jdbc.ConnectionImpl@3db9ec7c
2026-02-12 15:23:53 INFO  [main] com.zaxxer.hikari.HikariDataSource - HikariPool-2 - Start completed.
2026-02-12 15:23:54 INFO  [main] o.hibernate.orm.connections.pooling - HHH10001005: Database info:
	Database JDBC URL [Connecting through datasource 'HikariDataSource (HikariPool-2)']
	Database driver: undefined/unknown
	Database version: 8.0.44
	Autocommit mode: undefined/unknown
	Isolation level: undefined/unknown
	Minimum pool size: undefined/unknown
	Maximum pool size: undefined/unknown
2026-02-12 15:23:54 INFO  [main] o.h.e.t.j.p.i.JtaPlatformInitiator - HHH000489: No JTA platform available (set 'hibernate.transaction.jta.platform' to enable JTA platform integration)
2026-02-12 15:23:54 INFO  [main] o.s.o.j.LocalContainerEntityManagerFactoryBean - Initialized JPA EntityManagerFactory for persistence unit 'default'
2026-02-12 15:23:54 INFO  [main] c.M.O.OrderServiceApplication - Order Service Application started successfully
2026-02-12 15:23:55 WARN  [main] o.s.b.a.o.j.JpaBaseConfiguration$JpaWebConfiguration - spring.jpa.open-in-view is enabled by default. Therefore, database queries may be performed during view rendering. Explicitly configure spring.jpa.open-in-view to disable this warning
2026-02-12 15:23:55 INFO  [main] c.M.O.OrderServiceApplicationTests - Started OrderServiceApplicationTests in 5.065 seconds (process running for 82.58)
2026-02-12 15:23:55 INFO  [main] o.s.t.c.s.AnnotationConfigContextLoaderUtils - Could not detect default configuration classes for test class [com.MFP.OrderService.repository.OrderRepositoryTest]: OrderRepositoryTest does not declare any static, non-private, non-final, nested classes annotated with @Configuration.
2026-02-12 15:23:55 INFO  [main] o.s.b.t.c.SpringBootTestContextBootstrapper - Found @SpringBootConfiguration com.MFP.OrderService.OrderServiceApplication for test class com.MFP.OrderService.repository.OrderRepositoryTest
2026-02-12 15:23:55 INFO  [main] o.s.b.d.r.RestartApplicationListener - Restart disabled due to context in which it is running
2026-02-12 15:23:55 INFO  [main] c.M.O.repository.OrderRepositoryTest - Starting OrderRepositoryTest using Java 23.0.2 with PID 19696 (started by firoz in D:\Microservice projects\Microservices-First-Project\order-service)
2026-02-12 15:23:55 INFO  [main] c.M.O.repository.OrderRepositoryTest - The following 1 profile is active: "test"
2026-02-12 15:23:56 INFO  [main] o.s.d.r.c.RepositoryConfigurationDelegate - Bootstrapping Spring Data JPA repositories in DEFAULT mode.
2026-02-12 15:23:56 INFO  [main] o.s.d.r.c.RepositoryConfigurationDelegate - Finished Spring Data repository scanning in 62 ms. Found 1 JPA repository interface.
2026-02-12 15:23:56 INFO  [main] o.s.b.t.a.j.TestDatabaseAutoConfiguration$EmbeddedDataSourceBeanFactoryPostProcessor - Replacing 'dataSource' DataSource bean with embedded version
2026-02-12 15:23:56 INFO  [main] o.s.j.d.e.EmbeddedDatabaseFactory - Starting embedded database: url='jdbc:h2:mem:0044288c-222b-4e2f-a094-c0dbde509f42;DB_CLOSE_DELAY=-1;DB_CLOSE_ON_EXIT=false', username='sa'
2026-02-12 15:23:56 INFO  [main] o.h.jpa.internal.util.LogHelper - HHH000204: Processing PersistenceUnitInfo [name: default]
2026-02-12 15:23:56 INFO  [main] o.h.c.i.RegionFactoryInitiator - HHH000026: Second-level cache disabled
2026-02-12 15:23:56 INFO  [main] o.s.o.j.p.SpringPersistenceUnitInfo - No LoadTimeWeaver setup: ignoring JPA class transformer
2026-02-12 15:23:56 INFO  [main] o.hibernate.orm.connections.pooling - HHH10001005: Database info:
	Database JDBC URL [Connecting through datasource 'org.springframework.jdbc.datasource.embedded.EmbeddedDatabaseFactory$EmbeddedDataSourceProxy@4f7af2c1']
	Database driver: undefined/unknown
	Database version: 2.3.232
	Autocommit mode: undefined/unknown
	Isolation level: undefined/unknown
	Minimum pool size: undefined/unknown
	Maximum pool size: undefined/unknown
2026-02-12 15:23:56 INFO  [main] o.h.e.t.j.p.i.JtaPlatformInitiator - HHH000489: No JTA platform available (set 'hibernate.transaction.jta.platform' to enable JTA platform integration)
2026-02-12 15:23:56 INFO  [main] o.s.o.j.LocalContainerEntityManagerFactoryBean - Initialized JPA EntityManagerFactory for persistence unit 'default'
2026-02-12 15:23:56 INFO  [main] c.M.O.OrderServiceApplication - Order Service Application started successfully
2026-02-12 15:23:56 INFO  [main] c.M.O.repository.OrderRepositoryTest - Started OrderRepositoryTest in 1.087 seconds (process running for 83.838)
2026-02-12 15:24:00 INFO  [main] c.M.O.service.OrderService - Delete order with id=1
2026-02-12 15:24:00 INFO  [main] c.M.O.service.OrderService - Order deleted successfully with orderId=1
2026-02-12 15:24:00 INFO  [main] c.M.O.service.OrderService - Delete order with id=1
2026-02-12 15:24:00 WARN  [main] c.M.O.service.OrderService - For deleting Order with id=1 not found
2026-02-12 15:24:00 WARN  [main] c.M.O.service.OrderService - Order with id=1 not found
2026-02-12 15:24:00 INFO  [main] c.M.O.service.OrderService - Fetched 2 Orders successfully
2026-02-12 15:24:00 INFO  [main] c.M.O.service.OrderService - Updating order with id=1
2026-02-12 15:24:00 WARN  [main] c.M.O.service.OrderService - Attempt to update cancelled order with status=Cancelled
2026-02-12 15:24:00 INFO  [main] c.M.O.service.OrderService - Updating order with id=1
2026-02-12 15:24:00 INFO  [main] c.M.O.service.OrderService - Order updated successfully with orderId= 1, new status= Created
2026-02-12 15:24:00 INFO  [main] c.M.O.service.OrderService - Updating order with id=1
2026-02-12 15:24:00 WARN  [main] c.M.O.service.OrderService -  For update Order with id=1 not found
2026-02-12 15:24:00 INFO  [main] c.M.O.service.OrderService - Updating order with id=1
2026-02-12 15:24:00 WARN  [main] c.M.O.service.OrderService - Trying to update the amount with zero 
2026-02-12 15:24:00 INFO  [main] c.M.O.service.OrderService - Create order request was received for user id=1, and amount=3000 
2026-02-12 15:24:00 INFO  [main] c.M.O.service.OrderService - Order Cerated successfully with userId=100, and amount=3000
2026-02-12 15:24:00 INFO  [SpringApplicationShutdownHook] o.s.o.j.LocalContainerEntityManagerFactoryBean - Closing JPA EntityManagerFactory for persistence unit 'default'
2026-02-12 15:24:02 INFO  [SpringApplicationShutdownHook] com.zaxxer.hikari.HikariDataSource - HikariPool-1 - Shutdown initiated...
2026-02-12 15:24:02 INFO  [SpringApplicationShutdownHook] com.zaxxer.hikari.HikariDataSource - HikariPool-1 - Shutdown completed.
2026-02-12 15:24:02 INFO  [SpringApplicationShutdownHook] o.s.o.j.LocalContainerEntityManagerFactoryBean - Closing JPA EntityManagerFactory for persistence unit 'default'
2026-02-12 15:24:02 INFO  [SpringApplicationShutdownHook] com.zaxxer.hikari.HikariDataSource - HikariPool-2 - Shutdown initiated...
2026-02-12 15:24:02 INFO  [SpringApplicationShutdownHook] com.zaxxer.hikari.HikariDataSource - HikariPool-2 - Shutdown completed.
2026-02-12 15:24:02 INFO  [SpringApplicationShutdownHook] o.s.o.j.LocalContainerEntityManagerFactoryBean - Closing JPA EntityManagerFactory for persistence unit 'default'
2026-02-12 15:33:55 INFO  [main] c.M.O.controller.OrderControllerTest - Starting OrderControllerTest using Java 23.0.2 with PID 16752 (started by firoz in D:\Microservice projects\Microservices-First-Project\order-service)
2026-02-12 15:33:55 INFO  [main] c.M.O.controller.OrderControllerTest - No active profile set, falling back to 1 default profile: "default"
2026-02-12 15:34:03 INFO  [main] c.M.O.OrderServiceApplication - Order Service Application started successfully
2026-02-12 15:34:05 INFO  [main] o.s.b.t.m.w.SpringBootMockServletContext - Initializing Spring TestDispatcherServlet ''
2026-02-12 15:34:05 INFO  [main] o.s.t.w.s.TestDispatcherServlet - Initializing Servlet ''
2026-02-12 15:34:05 INFO  [main] o.s.t.w.s.TestDispatcherServlet - Completed initialization in 6 ms
2026-02-12 15:34:05 INFO  [main] c.M.O.controller.OrderControllerTest - Started OrderControllerTest in 14.781 seconds (process running for 24.347)
2026-02-12 15:34:06 WARN  [main] c.M.O.e.GlobalExceptionHandler - Validation Error: [userId: User Id must not be null]
2026-02-12 15:34:07 INFO  [main] c.M.O.controller.OrderController - GET /All Orders fetched
2026-02-12 15:34:07 INFO  [main] c.M.O.controller.OrderController - GET /2 Orders successfully fetched
2026-02-12 15:34:07 INFO  [main] c.M.O.controller.OrderController - POST /order request received 
2026-02-12 15:34:07 INFO  [main] c.M.O.controller.OrderController - POST / Create order successfully with orderId=1 
2026-02-12 15:34:07 INFO  [main] c.M.O.controller.OrderController - DELETE /order request Delete with id 1
2026-02-12 15:34:07 INFO  [main] c.M.O.controller.OrderController - DELETE /Delete order successfully with id=Deleted successfully 
2026-02-12 15:34:07 INFO  [main] c.M.O.controller.OrderController - PUT /order request Updated with id 1
2026-02-12 15:34:07 INFO  [main] c.M.O.controller.OrderController - PUT /Update order successfully with id=1 
2026-02-12 15:34:07 INFO  [main] c.M.O.controller.OrderController - GET /order request fetch by id=1
2026-02-12 15:34:07 WARN  [main] c.M.O.e.GlobalExceptionHandler - Order Not Found Exception: Order with id=1 not found
2026-02-12 15:34:07 INFO  [main] c.M.O.controller.OrderController - GET /order request fetch by id=1
2026-02-12 15:34:07 INFO  [main] c.M.O.controller.OrderController - GET /Order successfully fetched with id=1 
2026-02-12 15:34:07 INFO  [main] c.M.O.controller.OrderController - PUT /order request Updated with id 1
2026-02-12 15:34:07 WARN  [main] c.M.O.e.GlobalExceptionHandler - Order Not Found Exception: Order with id=1 not found
2026-02-12 15:34:07 INFO  [main] o.s.t.c.s.AnnotationConfigContextLoaderUtils - Could not detect default configuration classes for test class [com.MFP.OrderService.integration.OrderIntegrationTest]: OrderIntegrationTest does not declare any static, non-private, non-final, nested classes annotated with @Configuration.
2026-02-12 15:34:08 INFO  [main] o.s.b.t.c.SpringBootTestContextBootstrapper - Found @SpringBootConfiguration com.MFP.OrderService.OrderServiceApplication for test class com.MFP.OrderService.integration.OrderIntegrationTest
2026-02-12 15:34:08 INFO  [main] o.s.b.d.r.RestartApplicationListener - Restart disabled due to context in which it is running
2026-02-12 15:34:08 INFO  [main] c.M.O.i.OrderIntegrationTest - Starting OrderIntegrationTest using Java 23.0.2 with PID 16752 (started by firoz in D:\Microservice projects\Microservices-First-Project\order-service)
2026-02-12 15:34:08 INFO  [main] c.M.O.i.OrderIntegrationTest - The following 1 profile is active: "test"
2026-02-12 15:34:10 INFO  [main] o.s.d.r.c.RepositoryConfigurationDelegate - Bootstrapping Spring Data JPA repositories in DEFAULT mode.
2026-02-12 15:34:10 INFO  [main] o.s.d.r.c.RepositoryConfigurationDelegate - Finished Spring Data repository scanning in 135 ms. Found 1 JPA repository interface.
2026-02-12 15:34:12 INFO  [main] o.h.jpa.internal.util.LogHelper - HHH000204: Processing PersistenceUnitInfo [name: default]
2026-02-12 15:34:13 INFO  [main] org.hibernate.Version - HHH000412: Hibernate ORM core version 6.6.41.Final
2026-02-12 15:34:13 INFO  [main] o.h.c.i.RegionFactoryInitiator - HHH000026: Second-level cache disabled
2026-02-12 15:34:14 INFO  [main] o.s.o.j.p.SpringPersistenceUnitInfo - No LoadTimeWeaver setup: ignoring JPA class transformer
2026-02-12 15:34:15 INFO  [main] com.zaxxer.hikari.HikariDataSource - HikariPool-1 - Starting...
2026-02-12 15:34:17 INFO  [main] com.zaxxer.hikari.pool.HikariPool - HikariPool-1 - Added connection conn0: url=jdbc:h2:mem:testdb user=SA
2026-02-12 15:34:17 INFO  [main] com.zaxxer.hikari.HikariDataSource - HikariPool-1 - Start completed.
2026-02-12 15:34:18 INFO  [main] o.hibernate.orm.connections.pooling - HHH10001005: Database info:
	Database JDBC URL [Connecting through datasource 'HikariDataSource (HikariPool-1)']
	Database driver: undefined/unknown
	Database version: 2.3.232
	Autocommit mode: undefined/unknown
	Isolation level: undefined/unknown
	Minimum pool size: undefined/unknown
	Maximum pool size: undefined/unknown
2026-02-12 15:34:21 INFO  [main] o.h.e.t.j.p.i.JtaPlatformInitiator - HHH000489: No JTA platform available (set 'hibernate.transaction.jta.platform' to enable JTA platform integration)
2026-02-12 15:34:22 INFO  [main] o.s.o.j.LocalContainerEntityManagerFactoryBean - Initialized JPA EntityManagerFactory for persistence unit 'default'
2026-02-12 15:34:22 INFO  [main] c.M.O.OrderServiceApplication - Order Service Application started successfully
2026-02-12 15:34:23 WARN  [main] o.s.b.a.o.j.JpaBaseConfiguration$JpaWebConfiguration - spring.jpa.open-in-view is enabled by default. Therefore, database queries may be performed during view rendering. Explicitly configure spring.jpa.open-in-view to disable this warning
2026-02-12 15:34:23 INFO  [main] o.s.b.a.h.H2ConsoleAutoConfiguration - H2 console available at '/h2-console'. Database available at 'jdbc:h2:mem:testdb'
2026-02-12 15:34:24 INFO  [main] o.s.b.t.m.w.SpringBootMockServletContext - Initializing Spring TestDispatcherServlet ''
2026-02-12 15:34:24 INFO  [main] o.s.t.w.s.TestDispatcherServlet - Initializing Servlet ''
2026-02-12 15:34:24 INFO  [main] o.s.t.w.s.TestDispatcherServlet - Completed initialization in 1 ms
2026-02-12 15:34:24 INFO  [main] c.M.O.i.OrderIntegrationTest - Started OrderIntegrationTest in 16.083 seconds (process running for 42.927)
2026-02-12 15:34:24 INFO  [main] c.M.O.controller.OrderController - GET /order request fetch by id=2
2026-02-12 15:34:24 WARN  [main] c.M.O.service.OrderService - Order with id=2 not found
2026-02-12 15:34:24 WARN  [main] c.M.O.e.GlobalExceptionHandler - Order Not Found Exception: Order with id=2 not found
2026-02-12 15:34:25 INFO  [main] c.M.O.controller.OrderController - POST /order request received 
2026-02-12 15:34:25 INFO  [main] c.M.O.service.OrderService - Create order request was received for user id=1, and amount=2522 
2026-02-12 15:34:25 INFO  [main] c.M.O.service.OrderService - Order Cerated successfully with userId=1, and amount=2522
2026-02-12 15:34:25 INFO  [main] c.M.O.controller.OrderController - POST / Create order successfully with orderId=1 
2026-02-12 15:34:25 INFO  [main] c.M.O.controller.OrderController - POST /order request received 
2026-02-12 15:34:25 INFO  [main] c.M.O.service.OrderService - Create order request was received for user id=2, and amount=2586 
2026-02-12 15:34:25 INFO  [main] c.M.O.service.OrderService - Order Cerated successfully with userId=2, and amount=2586
2026-02-12 15:34:25 INFO  [main] c.M.O.controller.OrderController - POST / Create order successfully with orderId=2 
2026-02-12 15:34:25 INFO  [main] c.M.O.controller.OrderController - GET /order request fetch by id=2
2026-02-12 15:34:25 INFO  [main] c.M.O.controller.OrderController - GET /Order successfully fetched with id=2 
2026-02-12 15:34:25 WARN  [main] c.M.O.e.GlobalExceptionHandler - Validation Error: [amount: Amount must Not be null]
2026-02-12 15:34:25 INFO  [main] o.s.t.c.s.AnnotationConfigContextLoaderUtils - Could not detect default configuration classes for test class [com.MFP.OrderService.OrderServiceApplicationTests]: OrderServiceApplicationTests does not declare any static, non-private, non-final, nested classes annotated with @Configuration.
2026-02-12 15:34:25 INFO  [main] o.s.b.t.c.SpringBootTestContextBootstrapper - Found @SpringBootConfiguration com.MFP.OrderService.OrderServiceApplication for test class com.MFP.OrderService.OrderServiceApplicationTests
2026-02-12 15:34:25 INFO  [main] o.s.b.d.r.RestartApplicationListener - Restart disabled due to context in which it is running
2026-02-12 15:34:25 INFO  [main] c.M.O.OrderServiceApplicationTests - Starting OrderServiceApplicationTests using Java 23.0.2 with PID 16752 (started by firoz in D:\Microservice projects\Microservices-First-Project\order-service)
2026-02-12 15:34:25 INFO  [main] c.M.O.OrderServiceApplicationTests - No active profile set, falling back to 1 default profile: "default"
2026-02-12 15:34:26 INFO  [main] o.s.d.r.c.RepositoryConfigurationDelegate - Bootstrapping Spring Data JPA repositories in DEFAULT mode.
2026-02-12 15:34:26 INFO  [main] o.s.d.r.c.RepositoryConfigurationDelegate - Finished Spring Data repository scanning in 26 ms. Found 1 JPA repository interface.
2026-02-12 15:34:26 INFO  [main] o.h.jpa.internal.util.LogHelper - HHH000204: Processing PersistenceUnitInfo [name: default]
2026-02-12 15:34:26 INFO  [main] o.h.c.i.RegionFactoryInitiator - HHH000026: Second-level cache disabled
2026-02-12 15:34:26 INFO  [main] o.s.o.j.p.SpringPersistenceUnitInfo - No LoadTimeWeaver setup: ignoring JPA class transformer
2026-02-12 15:34:26 INFO  [main] com.zaxxer.hikari.HikariDataSource - HikariPool-2 - Starting...
2026-02-12 15:34:28 INFO  [main] com.zaxxer.hikari.pool.HikariPool - HikariPool-2 - Added connection com.mysql.cj.jdbc.ConnectionImpl@7e2fd3dd
2026-02-12 15:34:28 INFO  [main] com.zaxxer.hikari.HikariDataSource - HikariPool-2 - Start completed.
2026-02-12 15:34:29 INFO  [main] o.hibernate.orm.connections.pooling - HHH10001005: Database info:
	Database JDBC URL [Connecting through datasource 'HikariDataSource (HikariPool-2)']
	Database driver: undefined/unknown
	Database version: 8.0.44
	Autocommit mode: undefined/unknown
	Isolation level: undefined/unknown
	Minimum pool size: undefined/unknown
	Maximum pool size: undefined/unknown
2026-02-12 15:34:29 INFO  [main] o.h.e.t.j.p.i.JtaPlatformInitiator - HHH000489: No JTA platform available (set 'hibernate.transaction.jta.platform' to enable JTA platform integration)
2026-02-12 15:34:29 INFO  [main] o.s.o.j.LocalContainerEntityManagerFactoryBean - Initialized JPA EntityManagerFactory for persistence unit 'default'
2026-02-12 15:34:29 INFO  [main] c.M.O.OrderServiceApplication - Order Service Application started successfully
2026-02-12 15:34:29 WARN  [main] o.s.b.a.o.j.JpaBaseConfiguration$JpaWebConfiguration - spring.jpa.open-in-view is enabled by default. Therefore, database queries may be performed during view rendering. Explicitly configure spring.jpa.open-in-view to disable this warning
2026-02-12 15:34:30 INFO  [main] c.M.O.OrderServiceApplicationTests - Started OrderServiceApplicationTests in 4.652 seconds (process running for 48.918)
2026-02-12 15:34:30 INFO  [main] o.s.t.c.s.AnnotationConfigContextLoaderUtils - Could not detect default configuration classes for test class [com.MFP.OrderService.repository.OrderRepositoryTest]: OrderRepositoryTest does not declare any static, non-private, non-final, nested classes annotated with @Configuration.
2026-02-12 15:34:30 INFO  [main] o.s.b.t.c.SpringBootTestContextBootstrapper - Found @SpringBootConfiguration com.MFP.OrderService.OrderServiceApplication for test class com.MFP.OrderService.repository.OrderRepositoryTest
2026-02-12 15:34:30 INFO  [main] o.s.b.d.r.RestartApplicationListener - Restart disabled due to context in which it is running
2026-02-12 15:34:30 INFO  [main] c.M.O.repository.OrderRepositoryTest - Starting OrderRepositoryTest using Java 23.0.2 with PID 16752 (started by firoz in D:\Microservice projects\Microservices-First-Project\order-service)
2026-02-12 15:34:30 INFO  [main] c.M.O.repository.OrderRepositoryTest - The following 1 profile is active: "test"
2026-02-12 15:34:30 INFO  [main] o.s.d.r.c.RepositoryConfigurationDelegate - Bootstrapping Spring Data JPA repositories in DEFAULT mode.
2026-02-12 15:34:30 INFO  [main] o.s.d.r.c.RepositoryConfigurationDelegate - Finished Spring Data repository scanning in 28 ms. Found 1 JPA repository interface.
2026-02-12 15:34:30 INFO  [main] o.s.b.t.a.j.TestDatabaseAutoConfiguration$EmbeddedDataSourceBeanFactoryPostProcessor - Replacing 'dataSource' DataSource bean with embedded version
2026-02-12 15:34:31 INFO  [main] o.s.j.d.e.EmbeddedDatabaseFactory - Starting embedded database: url='jdbc:h2:mem:f02560bb-e2d0-4412-8137-11ebfb4e3f2a;DB_CLOSE_DELAY=-1;DB_CLOSE_ON_EXIT=false', username='sa'
2026-02-12 15:34:31 INFO  [main] o.h.jpa.internal.util.LogHelper - HHH000204: Processing PersistenceUnitInfo [name: default]
2026-02-12 15:34:31 INFO  [main] o.h.c.i.RegionFactoryInitiator - HHH000026: Second-level cache disabled
2026-02-12 15:34:31 INFO  [main] o.s.o.j.p.SpringPersistenceUnitInfo - No LoadTimeWeaver setup: ignoring JPA class transformer
2026-02-12 15:34:31 INFO  [main] o.hibernate.orm.connections.pooling - HHH10001005: Database info:
	Database JDBC URL [Connecting through datasource 'org.springframework.jdbc.datasource.embedded.EmbeddedDatabaseFactory$EmbeddedDataSourceProxy@5999200a']
	Database driver: undefined/unknown
	Database version: 2.3.232
	Autocommit mode: undefined/unknown
	Isolation level: undefined/unknown
	Minimum pool size: undefined/unknown
	Maximum pool size: undefined/unknown
2026-02-12 15:34:31 INFO  [main] o.h.e.t.j.p.i.JtaPlatformInitiator - HHH000489: No JTA platform available (set 'hibernate.transaction.jta.platform' to enable JTA platform integration)
2026-02-12 15:34:31 INFO  [main] o.s.o.j.LocalContainerEntityManagerFactoryBean - Initialized JPA EntityManagerFactory for persistence unit 'default'
2026-02-12 15:34:31 INFO  [main] c.M.O.OrderServiceApplication - Order Service Application started successfully
2026-02-12 15:34:31 INFO  [main] c.M.O.repository.OrderRepositoryTest - Started OrderRepositoryTest in 1.035 seconds (process running for 50.099)
2026-02-12 15:34:33 INFO  [main] c.M.O.service.OrderService - Delete order with id=1
2026-02-12 15:34:33 INFO  [main] c.M.O.service.OrderService - Order deleted successfully with orderId=1
2026-02-12 15:34:34 INFO  [main] c.M.O.service.OrderService - Delete order with id=1
2026-02-12 15:34:34 WARN  [main] c.M.O.service.OrderService - For deleting Order with id=1 not found
2026-02-12 15:34:34 WARN  [main] c.M.O.service.OrderService - Order with id=1 not found
2026-02-12 15:34:34 INFO  [main] c.M.O.service.OrderService - Fetched 2 Orders successfully
2026-02-12 15:34:34 INFO  [main] c.M.O.service.OrderService - Updating order with id=1
2026-02-12 15:34:34 WARN  [main] c.M.O.service.OrderService - Attempt to update cancelled order with status=Cancelled
2026-02-12 15:34:34 INFO  [main] c.M.O.service.OrderService - Updating order with id=1
2026-02-12 15:34:34 INFO  [main] c.M.O.service.OrderService - Order updated successfully with orderId= 1, new status= Created
2026-02-12 15:34:34 INFO  [main] c.M.O.service.OrderService - Updating order with id=1
2026-02-12 15:34:34 WARN  [main] c.M.O.service.OrderService -  For update Order with id=1 not found
2026-02-12 15:34:34 INFO  [main] c.M.O.service.OrderService - Updating order with id=1
2026-02-12 15:34:34 WARN  [main] c.M.O.service.OrderService - Trying to update the amount with zero 
2026-02-12 15:34:34 INFO  [main] c.M.O.service.OrderService - Create order request was received for user id=1, and amount=3000 
2026-02-12 15:34:34 INFO  [main] c.M.O.service.OrderService - Order Cerated successfully with userId=100, and amount=3000
2026-02-12 15:34:34 INFO  [SpringApplicationShutdownHook] o.s.o.j.LocalContainerEntityManagerFactoryBean - Closing JPA EntityManagerFactory for persistence unit 'default'
2026-02-12 15:34:35 INFO  [SpringApplicationShutdownHook] com.zaxxer.hikari.HikariDataSource - HikariPool-1 - Shutdown initiated...
2026-02-12 15:34:35 INFO  [SpringApplicationShutdownHook] com.zaxxer.hikari.HikariDataSource - HikariPool-1 - Shutdown completed.
2026-02-12 15:34:35 INFO  [SpringApplicationShutdownHook] o.s.o.j.LocalContainerEntityManagerFactoryBean - Closing JPA EntityManagerFactory for persistence unit 'default'
2026-02-12 15:34:35 INFO  [SpringApplicationShutdownHook] com.zaxxer.hikari.HikariDataSource - HikariPool-2 - Shutdown initiated...
2026-02-12 15:34:35 INFO  [SpringApplicationShutdownHook] com.zaxxer.hikari.HikariDataSource - HikariPool-2 - Shutdown completed.
2026-02-12 15:34:35 INFO  [SpringApplicationShutdownHook] o.s.o.j.LocalContainerEntityManagerFactoryBean - Closing JPA EntityManagerFactory for persistence unit 'default'
2026-02-12 15:40:54 INFO  [main] c.M.O.controller.OrderControllerTest - Starting OrderControllerTest using Java 23.0.2 with PID 10840 (started by firoz in D:\Microservice projects\Microservices-First-Project\order-service)
2026-02-12 15:40:54 INFO  [main] c.M.O.controller.OrderControllerTest - No active profile set, falling back to 1 default profile: "default"
2026-02-12 15:41:05 INFO  [main] c.M.O.OrderServiceApplication - Order Service Application started successfully
2026-02-12 15:41:07 INFO  [main] o.s.b.t.m.w.SpringBootMockServletContext - Initializing Spring TestDispatcherServlet ''
2026-02-12 15:41:07 INFO  [main] o.s.t.w.s.TestDispatcherServlet - Initializing Servlet ''
2026-02-12 15:41:07 INFO  [main] o.s.t.w.s.TestDispatcherServlet - Completed initialization in 3 ms
2026-02-12 15:41:07 INFO  [main] c.M.O.controller.OrderControllerTest - Started OrderControllerTest in 16.735 seconds (process running for 23.928)
2026-02-12 15:41:08 WARN  [main] c.M.O.e.GlobalExceptionHandler - Validation Error: [userId: User Id must not be null]
2026-02-12 15:41:09 INFO  [main] c.M.O.controller.OrderController - GET /All Orders fetched
2026-02-12 15:41:09 INFO  [main] c.M.O.controller.OrderController - GET /2 Orders successfully fetched
2026-02-12 15:41:09 INFO  [main] c.M.O.controller.OrderController - POST /order request received 
2026-02-12 15:41:09 INFO  [main] c.M.O.controller.OrderController - POST / Create order successfully with orderId=1 
2026-02-12 15:41:09 INFO  [main] c.M.O.controller.OrderController - DELETE /order request Delete with id 1
2026-02-12 15:41:09 INFO  [main] c.M.O.controller.OrderController - DELETE /Delete order successfully with id=Deleted successfully 
2026-02-12 15:41:09 INFO  [main] c.M.O.controller.OrderController - PUT /order request Updated with id 1
2026-02-12 15:41:09 INFO  [main] c.M.O.controller.OrderController - PUT /Update order successfully with id=1 
2026-02-12 15:41:09 INFO  [main] c.M.O.controller.OrderController - GET /order request fetch by id=1
2026-02-12 15:41:09 WARN  [main] c.M.O.e.GlobalExceptionHandler - Order Not Found Exception: Order with id=1 not found
2026-02-12 15:41:09 INFO  [main] c.M.O.controller.OrderController - GET /order request fetch by id=1
2026-02-12 15:41:09 INFO  [main] c.M.O.controller.OrderController - GET /Order successfully fetched with id=1 
2026-02-12 15:41:09 INFO  [main] c.M.O.controller.OrderController - PUT /order request Updated with id 1
2026-02-12 15:41:09 WARN  [main] c.M.O.e.GlobalExceptionHandler - Order Not Found Exception: Order with id=1 not found
2026-02-12 15:41:09 INFO  [main] o.s.t.c.s.AnnotationConfigContextLoaderUtils - Could not detect default configuration classes for test class [com.MFP.OrderService.integration.OrderIntegrationTest]: OrderIntegrationTest does not declare any static, non-private, non-final, nested classes annotated with @Configuration.
2026-02-12 15:41:10 INFO  [main] o.s.b.t.c.SpringBootTestContextBootstrapper - Found @SpringBootConfiguration com.MFP.OrderService.OrderServiceApplication for test class com.MFP.OrderService.integration.OrderIntegrationTest
2026-02-12 15:41:10 INFO  [main] o.s.b.d.r.RestartApplicationListener - Restart disabled due to context in which it is running
2026-02-12 15:41:10 INFO  [main] c.M.O.i.OrderIntegrationTest - Starting OrderIntegrationTest using Java 23.0.2 with PID 10840 (started by firoz in D:\Microservice projects\Microservices-First-Project\order-service)
2026-02-12 15:41:10 INFO  [main] c.M.O.i.OrderIntegrationTest - The following 1 profile is active: "test"
2026-02-12 15:41:11 INFO  [main] o.s.d.r.c.RepositoryConfigurationDelegate - Bootstrapping Spring Data JPA repositories in DEFAULT mode.
2026-02-12 15:41:12 INFO  [main] o.s.d.r.c.RepositoryConfigurationDelegate - Finished Spring Data repository scanning in 169 ms. Found 1 JPA repository interface.
2026-02-12 15:41:14 INFO  [main] o.h.jpa.internal.util.LogHelper - HHH000204: Processing PersistenceUnitInfo [name: default]
2026-02-12 15:41:14 INFO  [main] org.hibernate.Version - HHH000412: Hibernate ORM core version 6.6.41.Final
2026-02-12 15:41:14 INFO  [main] o.h.c.i.RegionFactoryInitiator - HHH000026: Second-level cache disabled
2026-02-12 15:41:15 INFO  [main] o.s.o.j.p.SpringPersistenceUnitInfo - No LoadTimeWeaver setup: ignoring JPA class transformer
2026-02-12 15:41:15 INFO  [main] com.zaxxer.hikari.HikariDataSource - HikariPool-1 - Starting...
2026-02-12 15:41:18 INFO  [main] com.zaxxer.hikari.pool.HikariPool - HikariPool-1 - Added connection conn0: url=jdbc:h2:mem:testdb user=SA
2026-02-12 15:41:18 INFO  [main] com.zaxxer.hikari.HikariDataSource - HikariPool-1 - Start completed.
2026-02-12 15:41:18 INFO  [main] o.hibernate.orm.connections.pooling - HHH10001005: Database info:
	Database JDBC URL [Connecting through datasource 'HikariDataSource (HikariPool-1)']
	Database driver: undefined/unknown
	Database version: 2.3.232
	Autocommit mode: undefined/unknown
	Isolation level: undefined/unknown
	Minimum pool size: undefined/unknown
	Maximum pool size: undefined/unknown
2026-02-12 15:41:21 INFO  [main] o.h.e.t.j.p.i.JtaPlatformInitiator - HHH000489: No JTA platform available (set 'hibernate.transaction.jta.platform' to enable JTA platform integration)
2026-02-12 15:41:22 INFO  [main] o.s.o.j.LocalContainerEntityManagerFactoryBean - Initialized JPA EntityManagerFactory for persistence unit 'default'
2026-02-12 15:41:22 INFO  [main] c.M.O.OrderServiceApplication - Order Service Application started successfully
2026-02-12 15:41:23 WARN  [main] o.s.b.a.o.j.JpaBaseConfiguration$JpaWebConfiguration - spring.jpa.open-in-view is enabled by default. Therefore, database queries may be performed during view rendering. Explicitly configure spring.jpa.open-in-view to disable this warning
2026-02-12 15:41:23 INFO  [main] o.s.b.a.h.H2ConsoleAutoConfiguration - H2 console available at '/h2-console'. Database available at 'jdbc:h2:mem:testdb'
2026-02-12 15:41:23 INFO  [main] o.s.b.t.m.w.SpringBootMockServletContext - Initializing Spring TestDispatcherServlet ''
2026-02-12 15:41:23 INFO  [main] o.s.t.w.s.TestDispatcherServlet - Initializing Servlet ''
2026-02-12 15:41:23 INFO  [main] o.s.t.w.s.TestDispatcherServlet - Completed initialization in 1 ms
2026-02-12 15:41:23 INFO  [main] c.M.O.i.OrderIntegrationTest - Started OrderIntegrationTest in 13.668 seconds (process running for 40.22)
2026-02-12 15:41:24 INFO  [main] c.M.O.controller.OrderController - GET /order request fetch by id=2
2026-02-12 15:41:24 WARN  [main] c.M.O.service.OrderService - Order with id=2 not found
2026-02-12 15:41:24 WARN  [main] c.M.O.e.GlobalExceptionHandler - Order Not Found Exception: Order with id=2 not found
2026-02-12 15:41:24 INFO  [main] c.M.O.controller.OrderController - POST /order request received 
2026-02-12 15:41:24 INFO  [main] c.M.O.service.OrderService - Create order request was received for user id=1, and amount=2522 
2026-02-12 15:41:24 INFO  [main] c.M.O.service.OrderService - Order Cerated successfully with userId=1, and amount=2522
2026-02-12 15:41:24 INFO  [main] c.M.O.controller.OrderController - POST / Create order successfully with orderId=1 
2026-02-12 15:41:25 INFO  [main] c.M.O.controller.OrderController - POST /order request received 
2026-02-12 15:41:25 INFO  [main] c.M.O.service.OrderService - Create order request was received for user id=2, and amount=2586 
2026-02-12 15:41:25 INFO  [main] c.M.O.service.OrderService - Order Cerated successfully with userId=2, and amount=2586
2026-02-12 15:41:25 INFO  [main] c.M.O.controller.OrderController - POST / Create order successfully with orderId=2 
2026-02-12 15:41:25 INFO  [main] c.M.O.controller.OrderController - GET /order request fetch by id=2
2026-02-12 15:41:25 INFO  [main] c.M.O.controller.OrderController - GET /Order successfully fetched with id=2 
2026-02-12 15:41:25 WARN  [main] c.M.O.e.GlobalExceptionHandler - Validation Error: [amount: Amount must Not be null]
2026-02-12 15:41:25 INFO  [main] o.s.t.c.s.AnnotationConfigContextLoaderUtils - Could not detect default configuration classes for test class [com.MFP.OrderService.OrderServiceApplicationTests]: OrderServiceApplicationTests does not declare any static, non-private, non-final, nested classes annotated with @Configuration.
2026-02-12 15:41:25 INFO  [main] o.s.b.t.c.SpringBootTestContextBootstrapper - Found @SpringBootConfiguration com.MFP.OrderService.OrderServiceApplication for test class com.MFP.OrderService.OrderServiceApplicationTests
2026-02-12 15:41:25 INFO  [main] o.s.b.d.r.RestartApplicationListener - Restart disabled due to context in which it is running
2026-02-12 15:41:25 INFO  [main] c.M.O.OrderServiceApplicationTests - Starting OrderServiceApplicationTests using Java 23.0.2 with PID 10840 (started by firoz in D:\Microservice projects\Microservices-First-Project\order-service)
2026-02-12 15:41:25 INFO  [main] c.M.O.OrderServiceApplicationTests - No active profile set, falling back to 1 default profile: "default"
2026-02-12 15:41:26 INFO  [main] o.s.d.r.c.RepositoryConfigurationDelegate - Bootstrapping Spring Data JPA repositories in DEFAULT mode.
2026-02-12 15:41:26 INFO  [main] o.s.d.r.c.RepositoryConfigurationDelegate - Finished Spring Data repository scanning in 53 ms. Found 1 JPA repository interface.
2026-02-12 15:41:26 INFO  [main] o.h.jpa.internal.util.LogHelper - HHH000204: Processing PersistenceUnitInfo [name: default]
2026-02-12 15:41:26 INFO  [main] o.h.c.i.RegionFactoryInitiator - HHH000026: Second-level cache disabled
2026-02-12 15:41:26 INFO  [main] o.s.o.j.p.SpringPersistenceUnitInfo - No LoadTimeWeaver setup: ignoring JPA class transformer
2026-02-12 15:41:26 INFO  [main] com.zaxxer.hikari.HikariDataSource - HikariPool-2 - Starting...
2026-02-12 15:41:28 INFO  [main] com.zaxxer.hikari.pool.HikariPool - HikariPool-2 - Added connection com.mysql.cj.jdbc.ConnectionImpl@a9a9fd6
2026-02-12 15:41:28 INFO  [main] com.zaxxer.hikari.HikariDataSource - HikariPool-2 - Start completed.
2026-02-12 15:41:28 INFO  [main] o.hibernate.orm.connections.pooling - HHH10001005: Database info:
	Database JDBC URL [Connecting through datasource 'HikariDataSource (HikariPool-2)']
	Database driver: undefined/unknown
	Database version: 8.0.44
	Autocommit mode: undefined/unknown
	Isolation level: undefined/unknown
	Minimum pool size: undefined/unknown
	Maximum pool size: undefined/unknown
2026-02-12 15:41:28 INFO  [main] o.h.e.t.j.p.i.JtaPlatformInitiator - HHH000489: No JTA platform available (set 'hibernate.transaction.jta.platform' to enable JTA platform integration)
2026-02-12 15:41:28 INFO  [main] o.s.o.j.LocalContainerEntityManagerFactoryBean - Initialized JPA EntityManagerFactory for persistence unit 'default'
2026-02-12 15:41:28 INFO  [main] c.M.O.OrderServiceApplication - Order Service Application started successfully
2026-02-12 15:41:29 WARN  [main] o.s.b.a.o.j.JpaBaseConfiguration$JpaWebConfiguration - spring.jpa.open-in-view is enabled by default. Therefore, database queries may be performed during view rendering. Explicitly configure spring.jpa.open-in-view to disable this warning
2026-02-12 15:41:29 INFO  [main] c.M.O.OrderServiceApplicationTests - Started OrderServiceApplicationTests in 4.395 seconds (process running for 45.892)
2026-02-12 15:41:29 INFO  [main] o.s.t.c.s.AnnotationConfigContextLoaderUtils - Could not detect default configuration classes for test class [com.MFP.OrderService.repository.OrderRepositoryTest]: OrderRepositoryTest does not declare any static, non-private, non-final, nested classes annotated with @Configuration.
2026-02-12 15:41:29 INFO  [main] o.s.b.t.c.SpringBootTestContextBootstrapper - Found @SpringBootConfiguration com.MFP.OrderService.OrderServiceApplication for test class com.MFP.OrderService.repository.OrderRepositoryTest
2026-02-12 15:41:29 INFO  [main] o.s.b.d.r.RestartApplicationListener - Restart disabled due to context in which it is running
2026-02-12 15:41:29 INFO  [main] c.M.O.repository.OrderRepositoryTest - Starting OrderRepositoryTest using Java 23.0.2 with PID 10840 (started by firoz in D:\Microservice projects\Microservices-First-Project\order-service)
2026-02-12 15:41:29 INFO  [main] c.M.O.repository.OrderRepositoryTest - The following 1 profile is active: "test"
2026-02-12 15:41:30 INFO  [main] o.s.d.r.c.RepositoryConfigurationDelegate - Bootstrapping Spring Data JPA repositories in DEFAULT mode.
2026-02-12 15:41:30 INFO  [main] o.s.d.r.c.RepositoryConfigurationDelegate - Finished Spring Data repository scanning in 26 ms. Found 1 JPA repository interface.
2026-02-12 15:41:30 INFO  [main] o.s.b.t.a.j.TestDatabaseAutoConfiguration$EmbeddedDataSourceBeanFactoryPostProcessor - Replacing 'dataSource' DataSource bean with embedded version
2026-02-12 15:41:30 INFO  [main] o.s.j.d.e.EmbeddedDatabaseFactory - Starting embedded database: url='jdbc:h2:mem:10c8280c-7c3e-4302-8964-8671261e685e;DB_CLOSE_DELAY=-1;DB_CLOSE_ON_EXIT=false', username='sa'
2026-02-12 15:41:30 INFO  [main] o.h.jpa.internal.util.LogHelper - HHH000204: Processing PersistenceUnitInfo [name: default]
2026-02-12 15:41:30 INFO  [main] o.h.c.i.RegionFactoryInitiator - HHH000026: Second-level cache disabled
2026-02-12 15:41:30 INFO  [main] o.s.o.j.p.SpringPersistenceUnitInfo - No LoadTimeWeaver setup: ignoring JPA class transformer
2026-02-12 15:41:30 INFO  [main] o.hibernate.orm.connections.pooling - HHH10001005: Database info:
	Database JDBC URL [Connecting through datasource 'org.springframework.jdbc.datasource.embedded.EmbeddedDatabaseFactory$EmbeddedDataSourceProxy@3a28e3c1']
	Database driver: undefined/unknown
	Database version: 2.3.232
	Autocommit mode: undefined/unknown
	Isolation level: undefined/unknown
	Minimum pool size: undefined/unknown
	Maximum pool size: undefined/unknown
2026-02-12 15:41:30 INFO  [main] o.h.e.t.j.p.i.JtaPlatformInitiator - HHH000489: No JTA platform available (set 'hibernate.transaction.jta.platform' to enable JTA platform integration)
2026-02-12 15:41:30 INFO  [main] o.s.o.j.LocalContainerEntityManagerFactoryBean - Initialized JPA EntityManagerFactory for persistence unit 'default'
2026-02-12 15:41:30 INFO  [main] c.M.O.OrderServiceApplication - Order Service Application started successfully
2026-02-12 15:41:30 INFO  [main] c.M.O.repository.OrderRepositoryTest - Started OrderRepositoryTest in 0.803 seconds (process running for 46.817)
2026-02-12 15:41:33 INFO  [main] c.M.O.service.OrderService - Delete order with id=1
2026-02-12 15:41:33 INFO  [main] c.M.O.service.OrderService - Order deleted successfully with orderId=1
2026-02-12 15:41:33 INFO  [main] c.M.O.service.OrderService - Delete order with id=1
2026-02-12 15:41:33 WARN  [main] c.M.O.service.OrderService - For deleting Order with id=1 not found
2026-02-12 15:41:33 WARN  [main] c.M.O.service.OrderService - Order with id=1 not found
2026-02-12 15:41:33 INFO  [main] c.M.O.service.OrderService - Fetched 2 Orders successfully
2026-02-12 15:41:33 INFO  [main] c.M.O.service.OrderService - Updating order with id=1
2026-02-12 15:41:33 WARN  [main] c.M.O.service.OrderService - Attempt to update cancelled order with status=Cancelled
2026-02-12 15:41:33 INFO  [main] c.M.O.service.OrderService - Updating order with id=1
2026-02-12 15:41:33 INFO  [main] c.M.O.service.OrderService - Order updated successfully with orderId= 1, new status= Created
2026-02-12 15:41:33 INFO  [main] c.M.O.service.OrderService - Updating order with id=1
2026-02-12 15:41:33 WARN  [main] c.M.O.service.OrderService -  For update Order with id=1 not found
2026-02-12 15:41:33 INFO  [main] c.M.O.service.OrderService - Updating order with id=1
2026-02-12 15:41:33 WARN  [main] c.M.O.service.OrderService - Trying to update the amount with zero 
2026-02-12 15:41:33 INFO  [main] c.M.O.service.OrderService - Create order request was received for user id=1, and amount=3000 
2026-02-12 15:41:33 INFO  [main] c.M.O.service.OrderService - Order Cerated successfully with userId=100, and amount=3000
2026-02-12 15:41:33 INFO  [SpringApplicationShutdownHook] o.s.o.j.LocalContainerEntityManagerFactoryBean - Closing JPA EntityManagerFactory for persistence unit 'default'
2026-02-12 15:41:34 INFO  [SpringApplicationShutdownHook] com.zaxxer.hikari.HikariDataSource - HikariPool-1 - Shutdown initiated...
2026-02-12 15:41:34 INFO  [SpringApplicationShutdownHook] com.zaxxer.hikari.HikariDataSource - HikariPool-1 - Shutdown completed.
2026-02-12 15:41:34 INFO  [SpringApplicationShutdownHook] o.s.o.j.LocalContainerEntityManagerFactoryBean - Closing JPA EntityManagerFactory for persistence unit 'default'
2026-02-12 15:41:34 INFO  [SpringApplicationShutdownHook] com.zaxxer.hikari.HikariDataSource - HikariPool-2 - Shutdown initiated...
2026-02-12 15:41:34 INFO  [SpringApplicationShutdownHook] com.zaxxer.hikari.HikariDataSource - HikariPool-2 - Shutdown completed.
2026-02-12 15:41:34 INFO  [SpringApplicationShutdownHook] o.s.o.j.LocalContainerEntityManagerFactoryBean - Closing JPA EntityManagerFactory for persistence unit 'default'
2026-02-12 15:44:32 INFO  [main] c.M.O.controller.OrderControllerTest - Starting OrderControllerTest using Java 23.0.2 with PID 9428 (started by firoz in D:\Microservice projects\Microservices-First-Project\order-service)
2026-02-12 15:44:32 INFO  [main] c.M.O.controller.OrderControllerTest - No active profile set, falling back to 1 default profile: "default"
2026-02-12 15:44:37 INFO  [main] c.M.O.OrderServiceApplication - Order Service Application started successfully
2026-02-12 15:44:39 INFO  [main] o.s.b.t.m.w.SpringBootMockServletContext - Initializing Spring TestDispatcherServlet ''
2026-02-12 15:44:39 INFO  [main] o.s.t.w.s.TestDispatcherServlet - Initializing Servlet ''
2026-02-12 15:44:39 INFO  [main] o.s.t.w.s.TestDispatcherServlet - Completed initialization in 3 ms
2026-02-12 15:44:39 INFO  [main] c.M.O.controller.OrderControllerTest - Started OrderControllerTest in 8.017 seconds (process running for 11.686)
2026-02-12 15:44:39 INFO  [main] c.M.O.controller.OrderController - GET /order request fetch by id=1
2026-02-12 15:44:39 WARN  [main] c.M.O.e.GlobalExceptionHandler - Order Not Found Exception: Order with id=1 not found
2026-02-12 15:45:29 INFO  [main] c.M.O.controller.OrderControllerTest - Starting OrderControllerTest using Java 23.0.2 with PID 16260 (started by firoz in D:\Microservice projects\Microservices-First-Project\order-service)
2026-02-12 15:45:29 INFO  [main] c.M.O.controller.OrderControllerTest - No active profile set, falling back to 1 default profile: "default"
2026-02-12 15:45:37 INFO  [main] c.M.O.OrderServiceApplication - Order Service Application started successfully
2026-02-12 15:45:39 INFO  [main] o.s.b.t.m.w.SpringBootMockServletContext - Initializing Spring TestDispatcherServlet ''
2026-02-12 15:45:39 INFO  [main] o.s.t.w.s.TestDispatcherServlet - Initializing Servlet ''
2026-02-12 15:45:39 INFO  [main] o.s.t.w.s.TestDispatcherServlet - Completed initialization in 4 ms
2026-02-12 15:45:40 INFO  [main] c.M.O.controller.OrderControllerTest - Started OrderControllerTest in 14.507 seconds (process running for 23.823)
2026-02-12 15:45:41 WARN  [main] c.M.O.e.GlobalExceptionHandler - Validation Error: [userId: User Id must not be null]
2026-02-12 15:45:41 INFO  [main] c.M.O.controller.OrderController - GET /All Orders fetched
2026-02-12 15:45:41 INFO  [main] c.M.O.controller.OrderController - GET /2 Orders successfully fetched
2026-02-12 15:45:41 INFO  [main] c.M.O.controller.OrderController - POST /order request received 
2026-02-12 15:45:41 INFO  [main] c.M.O.controller.OrderController - POST / Create order successfully with orderId=1 
2026-02-12 15:45:41 INFO  [main] c.M.O.controller.OrderController - DELETE /order request Delete with id 1
2026-02-12 15:45:41 INFO  [main] c.M.O.controller.OrderController - DELETE /Delete order successfully with id=Deleted successfully 
2026-02-12 15:45:42 INFO  [main] c.M.O.controller.OrderController - PUT /order request Updated with id 1
2026-02-12 15:45:42 INFO  [main] c.M.O.controller.OrderController - PUT /Update order successfully with id=1 
2026-02-12 15:45:42 INFO  [main] c.M.O.controller.OrderController - GET /order request fetch by id=1
2026-02-12 15:45:42 WARN  [main] c.M.O.e.GlobalExceptionHandler - Order Not Found Exception: Order with id=1 not found
2026-02-12 15:45:42 INFO  [main] c.M.O.controller.OrderController - GET /order request fetch by id=1
2026-02-12 15:45:42 INFO  [main] c.M.O.controller.OrderController - GET /Order successfully fetched with id=1 
2026-02-12 15:45:42 INFO  [main] c.M.O.controller.OrderController - PUT /order request Updated with id 1
2026-02-12 15:45:42 WARN  [main] c.M.O.e.GlobalExceptionHandler - Order Not Found Exception: Order with id=1 not found
2026-02-12 15:45:42 INFO  [main] o.s.t.c.s.AnnotationConfigContextLoaderUtils - Could not detect default configuration classes for test class [com.MFP.OrderService.integration.OrderIntegrationTest]: OrderIntegrationTest does not declare any static, non-private, non-final, nested classes annotated with @Configuration.
2026-02-12 15:45:42 INFO  [main] o.s.b.t.c.SpringBootTestContextBootstrapper - Found @SpringBootConfiguration com.MFP.OrderService.OrderServiceApplication for test class com.MFP.OrderService.integration.OrderIntegrationTest
2026-02-12 15:45:42 INFO  [main] o.s.b.d.r.RestartApplicationListener - Restart disabled due to context in which it is running
2026-02-12 15:45:42 INFO  [main] c.M.O.i.OrderIntegrationTest - Starting OrderIntegrationTest using Java 23.0.2 with PID 16260 (started by firoz in D:\Microservice projects\Microservices-First-Project\order-service)
2026-02-12 15:45:42 INFO  [main] c.M.O.i.OrderIntegrationTest - The following 1 profile is active: "test"
2026-02-12 15:45:44 INFO  [main] o.s.d.r.c.RepositoryConfigurationDelegate - Bootstrapping Spring Data JPA repositories in DEFAULT mode.
2026-02-12 15:45:44 INFO  [main] o.s.d.r.c.RepositoryConfigurationDelegate - Finished Spring Data repository scanning in 132 ms. Found 1 JPA repository interface.
2026-02-12 15:45:46 INFO  [main] o.h.jpa.internal.util.LogHelper - HHH000204: Processing PersistenceUnitInfo [name: default]
2026-02-12 15:45:46 INFO  [main] org.hibernate.Version - HHH000412: Hibernate ORM core version 6.6.41.Final
2026-02-12 15:45:46 INFO  [main] o.h.c.i.RegionFactoryInitiator - HHH000026: Second-level cache disabled
2026-02-12 15:45:48 INFO  [main] o.s.o.j.p.SpringPersistenceUnitInfo - No LoadTimeWeaver setup: ignoring JPA class transformer
2026-02-12 15:45:48 INFO  [main] com.zaxxer.hikari.HikariDataSource - HikariPool-1 - Starting...
2026-02-12 15:45:51 INFO  [main] com.zaxxer.hikari.pool.HikariPool - HikariPool-1 - Added connection conn0: url=jdbc:h2:mem:testdb user=SA
2026-02-12 15:45:51 INFO  [main] com.zaxxer.hikari.HikariDataSource - HikariPool-1 - Start completed.
2026-02-12 15:45:52 INFO  [main] o.hibernate.orm.connections.pooling - HHH10001005: Database info:
	Database JDBC URL [Connecting through datasource 'HikariDataSource (HikariPool-1)']
	Database driver: undefined/unknown
	Database version: 2.3.232
	Autocommit mode: undefined/unknown
	Isolation level: undefined/unknown
	Minimum pool size: undefined/unknown
	Maximum pool size: undefined/unknown
2026-02-12 15:45:55 INFO  [main] o.h.e.t.j.p.i.JtaPlatformInitiator - HHH000489: No JTA platform available (set 'hibernate.transaction.jta.platform' to enable JTA platform integration)
2026-02-12 15:45:56 INFO  [main] o.s.o.j.LocalContainerEntityManagerFactoryBean - Initialized JPA EntityManagerFactory for persistence unit 'default'
2026-02-12 15:45:56 INFO  [main] c.M.O.OrderServiceApplication - Order Service Application started successfully
2026-02-12 15:45:57 WARN  [main] o.s.b.a.o.j.JpaBaseConfiguration$JpaWebConfiguration - spring.jpa.open-in-view is enabled by default. Therefore, database queries may be performed during view rendering. Explicitly configure spring.jpa.open-in-view to disable this warning
2026-02-12 15:45:57 INFO  [main] o.s.b.a.h.H2ConsoleAutoConfiguration - H2 console available at '/h2-console'. Database available at 'jdbc:h2:mem:testdb'
2026-02-12 15:45:58 INFO  [main] o.s.b.t.m.w.SpringBootMockServletContext - Initializing Spring TestDispatcherServlet ''
2026-02-12 15:45:58 INFO  [main] o.s.t.w.s.TestDispatcherServlet - Initializing Servlet ''
2026-02-12 15:45:58 INFO  [main] o.s.t.w.s.TestDispatcherServlet - Completed initialization in 1 ms
2026-02-12 15:45:58 INFO  [main] c.M.O.i.OrderIntegrationTest - Started OrderIntegrationTest in 15.56 seconds (process running for 41.763)
2026-02-12 15:45:58 INFO  [main] c.M.O.controller.OrderController - GET /order request fetch by id=2
2026-02-12 15:45:58 WARN  [main] c.M.O.service.OrderService - Order with id=2 not found
2026-02-12 15:45:58 WARN  [main] c.M.O.e.GlobalExceptionHandler - Order Not Found Exception: Order with id=2 not found
2026-02-12 15:45:58 INFO  [main] c.M.O.controller.OrderController - POST /order request received 
2026-02-12 15:45:59 INFO  [main] c.M.O.service.OrderService - Create order request was received for user id=1, and amount=2522 
2026-02-12 15:45:59 INFO  [main] c.M.O.service.OrderService - Order Cerated successfully with userId=1, and amount=2522
2026-02-12 15:45:59 INFO  [main] c.M.O.controller.OrderController - POST / Create order successfully with orderId=1 
2026-02-12 15:45:59 INFO  [main] c.M.O.controller.OrderController - POST /order request received 
2026-02-12 15:45:59 INFO  [main] c.M.O.service.OrderService - Create order request was received for user id=2, and amount=2586 
2026-02-12 15:45:59 INFO  [main] c.M.O.service.OrderService - Order Cerated successfully with userId=2, and amount=2586
2026-02-12 15:45:59 INFO  [main] c.M.O.controller.OrderController - POST / Create order successfully with orderId=2 
2026-02-12 15:45:59 INFO  [main] c.M.O.controller.OrderController - GET /order request fetch by id=2
2026-02-12 15:45:59 INFO  [main] c.M.O.controller.OrderController - GET /Order successfully fetched with id=2 
2026-02-12 15:45:59 WARN  [main] c.M.O.e.GlobalExceptionHandler - Validation Error: [amount: Amount must Not be null]
2026-02-12 15:45:59 INFO  [main] o.s.t.c.s.AnnotationConfigContextLoaderUtils - Could not detect default configuration classes for test class [com.MFP.OrderService.OrderServiceApplicationTests]: OrderServiceApplicationTests does not declare any static, non-private, non-final, nested classes annotated with @Configuration.
2026-02-12 15:45:59 INFO  [main] o.s.b.t.c.SpringBootTestContextBootstrapper - Found @SpringBootConfiguration com.MFP.OrderService.OrderServiceApplication for test class com.MFP.OrderService.OrderServiceApplicationTests
2026-02-12 15:45:59 INFO  [main] o.s.b.d.r.RestartApplicationListener - Restart disabled due to context in which it is running
2026-02-12 15:45:59 INFO  [main] c.M.O.OrderServiceApplicationTests - Starting OrderServiceApplicationTests using Java 23.0.2 with PID 16260 (started by firoz in D:\Microservice projects\Microservices-First-Project\order-service)
2026-02-12 15:45:59 INFO  [main] c.M.O.OrderServiceApplicationTests - No active profile set, falling back to 1 default profile: "default"
2026-02-12 15:46:00 INFO  [main] o.s.d.r.c.RepositoryConfigurationDelegate - Bootstrapping Spring Data JPA repositories in DEFAULT mode.
2026-02-12 15:46:00 INFO  [main] o.s.d.r.c.RepositoryConfigurationDelegate - Finished Spring Data repository scanning in 42 ms. Found 1 JPA repository interface.
2026-02-12 15:46:00 INFO  [main] o.h.jpa.internal.util.LogHelper - HHH000204: Processing PersistenceUnitInfo [name: default]
2026-02-12 15:46:00 INFO  [main] o.h.c.i.RegionFactoryInitiator - HHH000026: Second-level cache disabled
2026-02-12 15:46:00 INFO  [main] o.s.o.j.p.SpringPersistenceUnitInfo - No LoadTimeWeaver setup: ignoring JPA class transformer
2026-02-12 15:46:00 INFO  [main] com.zaxxer.hikari.HikariDataSource - HikariPool-2 - Starting...
2026-02-12 15:46:02 INFO  [main] com.zaxxer.hikari.pool.HikariPool - HikariPool-2 - Added connection com.mysql.cj.jdbc.ConnectionImpl@63e4a3bd
2026-02-12 15:46:02 INFO  [main] com.zaxxer.hikari.HikariDataSource - HikariPool-2 - Start completed.
2026-02-12 15:46:02 INFO  [main] o.hibernate.orm.connections.pooling - HHH10001005: Database info:
	Database JDBC URL [Connecting through datasource 'HikariDataSource (HikariPool-2)']
	Database driver: undefined/unknown
	Database version: 8.0.44
	Autocommit mode: undefined/unknown
	Isolation level: undefined/unknown
	Minimum pool size: undefined/unknown
	Maximum pool size: undefined/unknown
2026-02-12 15:46:03 INFO  [main] o.h.e.t.j.p.i.JtaPlatformInitiator - HHH000489: No JTA platform available (set 'hibernate.transaction.jta.platform' to enable JTA platform integration)
2026-02-12 15:46:03 INFO  [main] o.s.o.j.LocalContainerEntityManagerFactoryBean - Initialized JPA EntityManagerFactory for persistence unit 'default'
2026-02-12 15:46:03 INFO  [main] c.M.O.OrderServiceApplication - Order Service Application started successfully
2026-02-12 15:46:03 WARN  [main] o.s.b.a.o.j.JpaBaseConfiguration$JpaWebConfiguration - spring.jpa.open-in-view is enabled by default. Therefore, database queries may be performed during view rendering. Explicitly configure spring.jpa.open-in-view to disable this warning
2026-02-12 15:46:04 INFO  [main] c.M.O.OrderServiceApplicationTests - Started OrderServiceApplicationTests in 4.671 seconds (process running for 47.787)
2026-02-12 15:46:04 INFO  [main] o.s.t.c.s.AnnotationConfigContextLoaderUtils - Could not detect default configuration classes for test class [com.MFP.OrderService.repository.OrderRepositoryTest]: OrderRepositoryTest does not declare any static, non-private, non-final, nested classes annotated with @Configuration.
2026-02-12 15:46:04 INFO  [main] o.s.b.t.c.SpringBootTestContextBootstrapper - Found @SpringBootConfiguration com.MFP.OrderService.OrderServiceApplication for test class com.MFP.OrderService.repository.OrderRepositoryTest
2026-02-12 15:46:04 INFO  [main] o.s.b.d.r.RestartApplicationListener - Restart disabled due to context in which it is running
2026-02-12 15:46:04 INFO  [main] c.M.O.repository.OrderRepositoryTest - Starting OrderRepositoryTest using Java 23.0.2 with PID 16260 (started by firoz in D:\Microservice projects\Microservices-First-Project\order-service)
2026-02-12 15:46:04 INFO  [main] c.M.O.repository.OrderRepositoryTest - The following 1 profile is active: "test"
2026-02-12 15:46:04 INFO  [main] o.s.d.r.c.RepositoryConfigurationDelegate - Bootstrapping Spring Data JPA repositories in DEFAULT mode.
2026-02-12 15:46:04 INFO  [main] o.s.d.r.c.RepositoryConfigurationDelegate - Finished Spring Data repository scanning in 23 ms. Found 1 JPA repository interface.
2026-02-12 15:46:04 INFO  [main] o.s.b.t.a.j.TestDatabaseAutoConfiguration$EmbeddedDataSourceBeanFactoryPostProcessor - Replacing 'dataSource' DataSource bean with embedded version
2026-02-12 15:46:04 INFO  [main] o.s.j.d.e.EmbeddedDatabaseFactory - Starting embedded database: url='jdbc:h2:mem:059fd5bb-87ec-4edc-becb-3cb39a87004b;DB_CLOSE_DELAY=-1;DB_CLOSE_ON_EXIT=false', username='sa'
2026-02-12 15:46:04 INFO  [main] o.h.jpa.internal.util.LogHelper - HHH000204: Processing PersistenceUnitInfo [name: default]
2026-02-12 15:46:04 INFO  [main] o.h.c.i.RegionFactoryInitiator - HHH000026: Second-level cache disabled
2026-02-12 15:46:04 INFO  [main] o.s.o.j.p.SpringPersistenceUnitInfo - No LoadTimeWeaver setup: ignoring JPA class transformer
2026-02-12 15:46:04 INFO  [main] o.hibernate.orm.connections.pooling - HHH10001005: Database info:
	Database JDBC URL [Connecting through datasource 'org.springframework.jdbc.datasource.embedded.EmbeddedDatabaseFactory$EmbeddedDataSourceProxy@d9a83b4']
	Database driver: undefined/unknown
	Database version: 2.3.232
	Autocommit mode: undefined/unknown
	Isolation level: undefined/unknown
	Minimum pool size: undefined/unknown
	Maximum pool size: undefined/unknown
2026-02-12 15:46:04 INFO  [main] o.h.e.t.j.p.i.JtaPlatformInitiator - HHH000489: No JTA platform available (set 'hibernate.transaction.jta.platform' to enable JTA platform integration)
2026-02-12 15:46:04 INFO  [main] o.s.o.j.LocalContainerEntityManagerFactoryBean - Initialized JPA EntityManagerFactory for persistence unit 'default'
2026-02-12 15:46:04 INFO  [main] c.M.O.OrderServiceApplication - Order Service Application started successfully
2026-02-12 15:46:04 INFO  [main] c.M.O.repository.OrderRepositoryTest - Started OrderRepositoryTest in 0.78 seconds (process running for 48.693)
2026-02-12 15:46:07 INFO  [main] c.M.O.service.OrderService - Delete order with id=1
2026-02-12 15:46:07 INFO  [main] c.M.O.service.OrderService - Order deleted successfully with orderId=1
2026-02-12 15:46:07 INFO  [main] c.M.O.service.OrderService - Delete order with id=1
2026-02-12 15:46:07 WARN  [main] c.M.O.service.OrderService - For deleting Order with id=1 not found
2026-02-12 15:46:07 WARN  [main] c.M.O.service.OrderService - Order with id=1 not found
2026-02-12 15:46:07 INFO  [main] c.M.O.service.OrderService - Fetched 2 Orders successfully
2026-02-12 15:46:07 INFO  [main] c.M.O.service.OrderService - Updating order with id=1
2026-02-12 15:46:07 WARN  [main] c.M.O.service.OrderService - Attempt to update cancelled order with status=Cancelled
2026-02-12 15:46:07 INFO  [main] c.M.O.service.OrderService - Updating order with id=1
2026-02-12 15:46:07 INFO  [main] c.M.O.service.OrderService - Order updated successfully with orderId= 1, new status= Created
2026-02-12 15:46:07 INFO  [main] c.M.O.service.OrderService - Updating order with id=1
2026-02-12 15:46:07 WARN  [main] c.M.O.service.OrderService -  For update Order with id=1 not found
2026-02-12 15:46:08 INFO  [main] c.M.O.service.OrderService - Updating order with id=1
2026-02-12 15:46:08 WARN  [main] c.M.O.service.OrderService - Trying to update the amount with zero 
2026-02-12 15:46:08 INFO  [main] c.M.O.service.OrderService - Create order request was received for user id=1, and amount=3000 
2026-02-12 15:46:08 INFO  [main] c.M.O.service.OrderService - Order Cerated successfully with userId=100, and amount=3000
2026-02-12 15:46:08 INFO  [SpringApplicationShutdownHook] o.s.o.j.LocalContainerEntityManagerFactoryBean - Closing JPA EntityManagerFactory for persistence unit 'default'
2026-02-12 15:46:09 INFO  [SpringApplicationShutdownHook] com.zaxxer.hikari.HikariDataSource - HikariPool-1 - Shutdown initiated...
2026-02-12 15:46:09 INFO  [SpringApplicationShutdownHook] com.zaxxer.hikari.HikariDataSource - HikariPool-1 - Shutdown completed.
2026-02-12 15:46:09 INFO  [SpringApplicationShutdownHook] o.s.o.j.LocalContainerEntityManagerFactoryBean - Closing JPA EntityManagerFactory for persistence unit 'default'
2026-02-12 15:46:09 INFO  [SpringApplicationShutdownHook] com.zaxxer.hikari.HikariDataSource - HikariPool-2 - Shutdown initiated...
2026-02-12 15:46:09 INFO  [SpringApplicationShutdownHook] com.zaxxer.hikari.HikariDataSource - HikariPool-2 - Shutdown completed.
2026-02-12 15:46:09 INFO  [SpringApplicationShutdownHook] o.s.o.j.LocalContainerEntityManagerFactoryBean - Closing JPA EntityManagerFactory for persistence unit 'default'
2026-02-12 15:53:14 INFO  [main] c.M.O.controller.OrderControllerTest - Starting OrderControllerTest using Java 23.0.2 with PID 20296 (started by firoz in D:\Microservice projects\Microservices-First-Project\order-service)
2026-02-12 15:53:14 INFO  [main] c.M.O.controller.OrderControllerTest - No active profile set, falling back to 1 default profile: "default"
2026-02-12 15:53:21 INFO  [main] c.M.O.OrderServiceApplication - Order Service Application started successfully
2026-02-12 15:53:23 INFO  [main] o.s.b.t.m.w.SpringBootMockServletContext - Initializing Spring TestDispatcherServlet ''
2026-02-12 15:53:23 INFO  [main] o.s.t.w.s.TestDispatcherServlet - Initializing Servlet ''
2026-02-12 15:53:23 INFO  [main] o.s.t.w.s.TestDispatcherServlet - Completed initialization in 4 ms
2026-02-12 15:53:23 INFO  [main] c.M.O.controller.OrderControllerTest - Started OrderControllerTest in 13.059 seconds (process running for 18.775)
2026-02-12 15:53:25 WARN  [main] c.M.O.e.GlobalExceptionHandler - Validation Error: [userId: User Id must not be null]
2026-02-12 15:53:25 INFO  [main] c.M.O.controller.OrderController - GET /All Orders fetched
2026-02-12 15:53:25 INFO  [main] c.M.O.controller.OrderController - GET /2 Orders successfully fetched
2026-02-12 15:53:25 INFO  [main] c.M.O.controller.OrderController - POST /order request received 
2026-02-12 15:53:25 INFO  [main] c.M.O.controller.OrderController - POST / Create order successfully with orderId=1 
2026-02-12 15:53:25 INFO  [main] c.M.O.controller.OrderController - DELETE /order request Delete with id 1
2026-02-12 15:53:25 INFO  [main] c.M.O.controller.OrderController - DELETE /Delete order successfully with id=Deleted successfully 
2026-02-12 15:53:25 INFO  [main] c.M.O.controller.OrderController - PUT /order request Updated with id 1
2026-02-12 15:53:25 INFO  [main] c.M.O.controller.OrderController - PUT /Update order successfully with id=1 
2026-02-12 15:53:25 INFO  [main] c.M.O.controller.OrderController - GET /order request fetch by id=1
2026-02-12 15:53:25 WARN  [main] c.M.O.e.GlobalExceptionHandler - Order Not Found Exception: Order with id=1 not found
2026-02-12 15:53:25 INFO  [main] c.M.O.controller.OrderController - GET /order request fetch by id=1
2026-02-12 15:53:25 INFO  [main] c.M.O.controller.OrderController - GET /Order successfully fetched with id=1 
2026-02-12 15:53:26 INFO  [main] c.M.O.controller.OrderController - PUT /order request Updated with id 1
2026-02-12 15:53:26 WARN  [main] c.M.O.e.GlobalExceptionHandler - Order Not Found Exception: Order with id=1 not found
2026-02-12 15:53:26 INFO  [main] o.s.t.c.s.AnnotationConfigContextLoaderUtils - Could not detect default configuration classes for test class [com.MFP.OrderService.integration.OrderIntegrationTest]: OrderIntegrationTest does not declare any static, non-private, non-final, nested classes annotated with @Configuration.
2026-02-12 15:53:26 INFO  [main] o.s.b.t.c.SpringBootTestContextBootstrapper - Found @SpringBootConfiguration com.MFP.OrderService.OrderServiceApplication for test class com.MFP.OrderService.integration.OrderIntegrationTest
2026-02-12 15:53:26 INFO  [main] o.s.b.d.r.RestartApplicationListener - Restart disabled due to context in which it is running
2026-02-12 15:53:26 INFO  [main] c.M.O.i.OrderIntegrationTest - Starting OrderIntegrationTest using Java 23.0.2 with PID 20296 (started by firoz in D:\Microservice projects\Microservices-First-Project\order-service)
2026-02-12 15:53:26 INFO  [main] c.M.O.i.OrderIntegrationTest - The following 1 profile is active: "test"
2026-02-12 15:53:27 INFO  [main] o.s.d.r.c.RepositoryConfigurationDelegate - Bootstrapping Spring Data JPA repositories in DEFAULT mode.
2026-02-12 15:53:28 INFO  [main] o.s.d.r.c.RepositoryConfigurationDelegate - Finished Spring Data repository scanning in 250 ms. Found 1 JPA repository interface.
2026-02-12 15:53:30 INFO  [main] o.h.jpa.internal.util.LogHelper - HHH000204: Processing PersistenceUnitInfo [name: default]
2026-02-12 15:53:31 INFO  [main] org.hibernate.Version - HHH000412: Hibernate ORM core version 6.6.41.Final
2026-02-12 15:53:31 INFO  [main] o.h.c.i.RegionFactoryInitiator - HHH000026: Second-level cache disabled
2026-02-12 15:53:32 INFO  [main] o.s.o.j.p.SpringPersistenceUnitInfo - No LoadTimeWeaver setup: ignoring JPA class transformer
2026-02-12 15:53:32 INFO  [main] com.zaxxer.hikari.HikariDataSource - HikariPool-1 - Starting...
2026-02-12 15:53:35 INFO  [main] com.zaxxer.hikari.pool.HikariPool - HikariPool-1 - Added connection conn0: url=jdbc:h2:mem:testdb user=SA
2026-02-12 15:53:35 INFO  [main] com.zaxxer.hikari.HikariDataSource - HikariPool-1 - Start completed.
2026-02-12 15:53:35 INFO  [main] o.hibernate.orm.connections.pooling - HHH10001005: Database info:
	Database JDBC URL [Connecting through datasource 'HikariDataSource (HikariPool-1)']
	Database driver: undefined/unknown
	Database version: 2.3.232
	Autocommit mode: undefined/unknown
	Isolation level: undefined/unknown
	Minimum pool size: undefined/unknown
	Maximum pool size: undefined/unknown
2026-02-12 15:53:39 INFO  [main] o.h.e.t.j.p.i.JtaPlatformInitiator - HHH000489: No JTA platform available (set 'hibernate.transaction.jta.platform' to enable JTA platform integration)
2026-02-12 15:53:39 INFO  [main] o.s.o.j.LocalContainerEntityManagerFactoryBean - Initialized JPA EntityManagerFactory for persistence unit 'default'
2026-02-12 15:53:39 INFO  [main] c.M.O.OrderServiceApplication - Order Service Application started successfully
2026-02-12 15:53:41 WARN  [main] o.s.b.a.o.j.JpaBaseConfiguration$JpaWebConfiguration - spring.jpa.open-in-view is enabled by default. Therefore, database queries may be performed during view rendering. Explicitly configure spring.jpa.open-in-view to disable this warning
2026-02-12 15:53:41 INFO  [main] o.s.b.a.h.H2ConsoleAutoConfiguration - H2 console available at '/h2-console'. Database available at 'jdbc:h2:mem:testdb'
2026-02-12 15:53:41 INFO  [main] o.s.b.t.m.w.SpringBootMockServletContext - Initializing Spring TestDispatcherServlet ''
2026-02-12 15:53:41 INFO  [main] o.s.t.w.s.TestDispatcherServlet - Initializing Servlet ''
2026-02-12 15:53:41 INFO  [main] o.s.t.w.s.TestDispatcherServlet - Completed initialization in 2 ms
2026-02-12 15:53:41 INFO  [main] c.M.O.i.OrderIntegrationTest - Started OrderIntegrationTest in 15.493 seconds (process running for 36.908)
2026-02-12 15:53:42 INFO  [main] c.M.O.controller.OrderController - GET /order request fetch by id=2
2026-02-12 15:53:42 WARN  [main] c.M.O.service.OrderService - Order with id=2 not found
2026-02-12 15:53:42 WARN  [main] c.M.O.e.GlobalExceptionHandler - Order Not Found Exception: Order with id=2 not found
2026-02-12 15:53:42 INFO  [main] c.M.O.controller.OrderController - POST /order request received 
2026-02-12 15:53:42 INFO  [main] c.M.O.service.OrderService - Create order request was received for user id=1, and amount=2522 
2026-02-12 15:53:42 INFO  [main] c.M.O.service.OrderService - Order Cerated successfully with userId=1, and amount=2522
2026-02-12 15:53:42 INFO  [main] c.M.O.controller.OrderController - POST / Create order successfully with orderId=1 
2026-02-12 15:53:43 INFO  [main] c.M.O.controller.OrderController - POST /order request received 
2026-02-12 15:53:43 INFO  [main] c.M.O.service.OrderService - Create order request was received for user id=2, and amount=2586 
2026-02-12 15:53:43 INFO  [main] c.M.O.service.OrderService - Order Cerated successfully with userId=2, and amount=2586
2026-02-12 15:53:43 INFO  [main] c.M.O.controller.OrderController - POST / Create order successfully with orderId=2 
2026-02-12 15:53:43 INFO  [main] c.M.O.controller.OrderController - GET /order request fetch by id=2
2026-02-12 15:53:43 INFO  [main] c.M.O.controller.OrderController - GET /Order successfully fetched with id=2 
2026-02-12 15:53:43 WARN  [main] c.M.O.e.GlobalExceptionHandler - Validation Error: [amount: Amount must Not be null]
2026-02-12 15:53:43 INFO  [main] o.s.t.c.s.AnnotationConfigContextLoaderUtils - Could not detect default configuration classes for test class [com.MFP.OrderService.OrderServiceApplicationTests]: OrderServiceApplicationTests does not declare any static, non-private, non-final, nested classes annotated with @Configuration.
2026-02-12 15:53:43 INFO  [main] o.s.b.t.c.SpringBootTestContextBootstrapper - Found @SpringBootConfiguration com.MFP.OrderService.OrderServiceApplication for test class com.MFP.OrderService.OrderServiceApplicationTests
2026-02-12 15:53:43 INFO  [main] o.s.b.d.r.RestartApplicationListener - Restart disabled due to context in which it is running
2026-02-12 15:53:43 INFO  [main] c.M.O.OrderServiceApplicationTests - Starting OrderServiceApplicationTests using Java 23.0.2 with PID 20296 (started by firoz in D:\Microservice projects\Microservices-First-Project\order-service)
2026-02-12 15:53:43 INFO  [main] c.M.O.OrderServiceApplicationTests - No active profile set, falling back to 1 default profile: "default"
2026-02-12 15:53:44 INFO  [main] o.s.d.r.c.RepositoryConfigurationDelegate - Bootstrapping Spring Data JPA repositories in DEFAULT mode.
2026-02-12 15:53:44 INFO  [main] o.s.d.r.c.RepositoryConfigurationDelegate - Finished Spring Data repository scanning in 34 ms. Found 1 JPA repository interface.
2026-02-12 15:53:44 INFO  [main] o.h.jpa.internal.util.LogHelper - HHH000204: Processing PersistenceUnitInfo [name: default]
2026-02-12 15:53:44 INFO  [main] o.h.c.i.RegionFactoryInitiator - HHH000026: Second-level cache disabled
2026-02-12 15:53:44 INFO  [main] o.s.o.j.p.SpringPersistenceUnitInfo - No LoadTimeWeaver setup: ignoring JPA class transformer
2026-02-12 15:53:44 INFO  [main] com.zaxxer.hikari.HikariDataSource - HikariPool-2 - Starting...
2026-02-12 15:53:46 INFO  [main] com.zaxxer.hikari.pool.HikariPool - HikariPool-2 - Added connection com.mysql.cj.jdbc.ConnectionImpl@63e4a3bd
2026-02-12 15:53:46 INFO  [main] com.zaxxer.hikari.HikariDataSource - HikariPool-2 - Start completed.
2026-02-12 15:53:46 INFO  [main] o.hibernate.orm.connections.pooling - HHH10001005: Database info:
	Database JDBC URL [Connecting through datasource 'HikariDataSource (HikariPool-2)']
	Database driver: undefined/unknown
	Database version: 8.0.44
	Autocommit mode: undefined/unknown
	Isolation level: undefined/unknown
	Minimum pool size: undefined/unknown
	Maximum pool size: undefined/unknown
2026-02-12 15:53:46 INFO  [main] o.h.e.t.j.p.i.JtaPlatformInitiator - HHH000489: No JTA platform available (set 'hibernate.transaction.jta.platform' to enable JTA platform integration)
2026-02-12 15:53:47 INFO  [main] o.s.o.j.LocalContainerEntityManagerFactoryBean - Initialized JPA EntityManagerFactory for persistence unit 'default'
2026-02-12 15:53:47 INFO  [main] c.M.O.OrderServiceApplication - Order Service Application started successfully
2026-02-12 15:53:47 WARN  [main] o.s.b.a.o.j.JpaBaseConfiguration$JpaWebConfiguration - spring.jpa.open-in-view is enabled by default. Therefore, database queries may be performed during view rendering. Explicitly configure spring.jpa.open-in-view to disable this warning
2026-02-12 15:53:47 INFO  [main] c.M.O.OrderServiceApplicationTests - Started OrderServiceApplicationTests in 4.586 seconds (process running for 42.742)
2026-02-12 15:53:47 INFO  [main] o.s.t.c.s.AnnotationConfigContextLoaderUtils - Could not detect default configuration classes for test class [com.MFP.OrderService.repository.OrderRepositoryTest]: OrderRepositoryTest does not declare any static, non-private, non-final, nested classes annotated with @Configuration.
2026-02-12 15:53:47 INFO  [main] o.s.b.t.c.SpringBootTestContextBootstrapper - Found @SpringBootConfiguration com.MFP.OrderService.OrderServiceApplication for test class com.MFP.OrderService.repository.OrderRepositoryTest
2026-02-12 15:53:47 INFO  [main] o.s.b.d.r.RestartApplicationListener - Restart disabled due to context in which it is running
2026-02-12 15:53:48 INFO  [main] c.M.O.repository.OrderRepositoryTest - Starting OrderRepositoryTest using Java 23.0.2 with PID 20296 (started by firoz in D:\Microservice projects\Microservices-First-Project\order-service)
2026-02-12 15:53:48 INFO  [main] c.M.O.repository.OrderRepositoryTest - The following 1 profile is active: "test"
2026-02-12 15:53:48 INFO  [main] o.s.d.r.c.RepositoryConfigurationDelegate - Bootstrapping Spring Data JPA repositories in DEFAULT mode.
2026-02-12 15:53:48 INFO  [main] o.s.d.r.c.RepositoryConfigurationDelegate - Finished Spring Data repository scanning in 28 ms. Found 1 JPA repository interface.
2026-02-12 15:53:48 INFO  [main] o.s.b.t.a.j.TestDatabaseAutoConfiguration$EmbeddedDataSourceBeanFactoryPostProcessor - Replacing 'dataSource' DataSource bean with embedded version
2026-02-12 15:53:48 INFO  [main] o.s.j.d.e.EmbeddedDatabaseFactory - Starting embedded database: url='jdbc:h2:mem:b7b4ed06-decb-4e23-8356-0419410c2416;DB_CLOSE_DELAY=-1;DB_CLOSE_ON_EXIT=false', username='sa'
2026-02-12 15:53:48 INFO  [main] o.h.jpa.internal.util.LogHelper - HHH000204: Processing PersistenceUnitInfo [name: default]
2026-02-12 15:53:48 INFO  [main] o.h.c.i.RegionFactoryInitiator - HHH000026: Second-level cache disabled
2026-02-12 15:53:48 INFO  [main] o.s.o.j.p.SpringPersistenceUnitInfo - No LoadTimeWeaver setup: ignoring JPA class transformer
2026-02-12 15:53:48 INFO  [main] o.hibernate.orm.connections.pooling - HHH10001005: Database info:
	Database JDBC URL [Connecting through datasource 'org.springframework.jdbc.datasource.embedded.EmbeddedDatabaseFactory$EmbeddedDataSourceProxy@d9a83b4']
	Database driver: undefined/unknown
	Database version: 2.3.232
	Autocommit mode: undefined/unknown
	Isolation level: undefined/unknown
	Minimum pool size: undefined/unknown
	Maximum pool size: undefined/unknown
2026-02-12 15:53:48 INFO  [main] o.h.e.t.j.p.i.JtaPlatformInitiator - HHH000489: No JTA platform available (set 'hibernate.transaction.jta.platform' to enable JTA platform integration)
2026-02-12 15:53:48 INFO  [main] o.s.o.j.LocalContainerEntityManagerFactoryBean - Initialized JPA EntityManagerFactory for persistence unit 'default'
2026-02-12 15:53:48 INFO  [main] c.M.O.OrderServiceApplication - Order Service Application started successfully
2026-02-12 15:53:49 INFO  [main] c.M.O.repository.OrderRepositoryTest - Started OrderRepositoryTest in 1.037 seconds (process running for 43.937)
2026-02-12 15:53:51 INFO  [main] c.M.O.service.OrderService - Delete order with id=1
2026-02-12 15:53:51 INFO  [main] c.M.O.service.OrderService - Order deleted successfully with orderId=1
2026-02-12 15:53:51 INFO  [main] c.M.O.service.OrderService - Delete order with id=1
2026-02-12 15:53:51 WARN  [main] c.M.O.service.OrderService - For deleting Order with id=1 not found
2026-02-12 15:53:51 WARN  [main] c.M.O.service.OrderService - Order with id=1 not found
2026-02-12 15:53:51 INFO  [main] c.M.O.service.OrderService - Fetched 2 Orders successfully
2026-02-12 15:53:51 INFO  [main] c.M.O.service.OrderService - Updating order with id=1
2026-02-12 15:53:51 WARN  [main] c.M.O.service.OrderService - Attempt to update cancelled order with status=Cancelled
2026-02-12 15:53:51 INFO  [main] c.M.O.service.OrderService - Updating order with id=1
2026-02-12 15:53:51 INFO  [main] c.M.O.service.OrderService - Order updated successfully with orderId= 1, new status= Created
2026-02-12 15:53:51 INFO  [main] c.M.O.service.OrderService - Updating order with id=1
2026-02-12 15:53:51 WARN  [main] c.M.O.service.OrderService -  For update Order with id=1 not found
2026-02-12 15:53:51 INFO  [main] c.M.O.service.OrderService - Updating order with id=1
2026-02-12 15:53:51 WARN  [main] c.M.O.service.OrderService - Trying to update the amount with zero 
2026-02-12 15:53:51 INFO  [main] c.M.O.service.OrderService - Create order request was received for user id=1, and amount=3000 
2026-02-12 15:53:51 INFO  [main] c.M.O.service.OrderService - Order Cerated successfully with userId=100, and amount=3000
2026-02-12 15:53:52 INFO  [SpringApplicationShutdownHook] o.s.o.j.LocalContainerEntityManagerFactoryBean - Closing JPA EntityManagerFactory for persistence unit 'default'
2026-02-12 15:53:53 INFO  [SpringApplicationShutdownHook] com.zaxxer.hikari.HikariDataSource - HikariPool-1 - Shutdown initiated...
2026-02-12 15:53:53 INFO  [SpringApplicationShutdownHook] com.zaxxer.hikari.HikariDataSource - HikariPool-1 - Shutdown completed.
2026-02-12 15:53:53 INFO  [SpringApplicationShutdownHook] o.s.o.j.LocalContainerEntityManagerFactoryBean - Closing JPA EntityManagerFactory for persistence unit 'default'
2026-02-12 15:53:53 INFO  [SpringApplicationShutdownHook] com.zaxxer.hikari.HikariDataSource - HikariPool-2 - Shutdown initiated...
2026-02-12 15:53:53 INFO  [SpringApplicationShutdownHook] com.zaxxer.hikari.HikariDataSource - HikariPool-2 - Shutdown completed.
2026-02-12 15:53:53 INFO  [SpringApplicationShutdownHook] o.s.o.j.LocalContainerEntityManagerFactoryBean - Closing JPA EntityManagerFactory for persistence unit 'default'
2026-02-12 16:14:41 INFO  [main] c.M.O.controller.OrderControllerTest - Starting OrderControllerTest using Java 23.0.2 with PID 11952 (started by firoz in D:\Microservice projects\Microservices-First-Project\order-service)
2026-02-12 16:14:41 INFO  [main] c.M.O.controller.OrderControllerTest - No active profile set, falling back to 1 default profile: "default"
2026-02-12 16:14:49 INFO  [main] c.M.O.OrderServiceApplication - Order Service Application started successfully
2026-02-12 16:14:51 INFO  [main] o.s.b.t.m.w.SpringBootMockServletContext - Initializing Spring TestDispatcherServlet ''
2026-02-12 16:14:51 INFO  [main] o.s.t.w.s.TestDispatcherServlet - Initializing Servlet ''
2026-02-12 16:14:51 INFO  [main] o.s.t.w.s.TestDispatcherServlet - Completed initialization in 4 ms
2026-02-12 16:14:51 INFO  [main] c.M.O.controller.OrderControllerTest - Started OrderControllerTest in 13.336 seconds (process running for 20.312)
2026-02-12 16:14:53 WARN  [main] c.M.O.e.GlobalExceptionHandler - Validation Error: [userId: User Id must not be null]
2026-02-12 16:14:53 INFO  [main] c.M.O.controller.OrderController - GET /All Orders fetched
2026-02-12 16:14:53 INFO  [main] c.M.O.controller.OrderController - GET /2 Orders successfully fetched
2026-02-12 16:14:53 INFO  [main] c.M.O.controller.OrderController - POST /order request received 
2026-02-12 16:14:53 INFO  [main] c.M.O.controller.OrderController - POST / Create order successfully with orderId=1 
2026-02-12 16:14:53 INFO  [main] c.M.O.controller.OrderController - DELETE /order request Delete with id 1
2026-02-12 16:14:53 INFO  [main] c.M.O.controller.OrderController - DELETE /Delete order successfully with id=Deleted successfully 
2026-02-12 16:14:53 INFO  [main] c.M.O.controller.OrderController - PUT /order request Updated with id 1
2026-02-12 16:14:53 INFO  [main] c.M.O.controller.OrderController - PUT /Update order successfully with id=1 
2026-02-12 16:14:53 INFO  [main] c.M.O.controller.OrderController - GET /order request fetch by id=1
2026-02-12 16:14:53 WARN  [main] c.M.O.e.GlobalExceptionHandler - Order Not Found Exception: Order with id=1 not found
2026-02-12 16:14:54 INFO  [main] c.M.O.controller.OrderController - GET /order request fetch by id=1
2026-02-12 16:14:54 INFO  [main] c.M.O.controller.OrderController - GET /Order successfully fetched with id=1 
2026-02-12 16:14:54 INFO  [main] c.M.O.controller.OrderController - PUT /order request Updated with id 1
2026-02-12 16:14:54 WARN  [main] c.M.O.e.GlobalExceptionHandler - Order Not Found Exception: Order with id=1 not found
2026-02-12 16:14:54 INFO  [main] o.s.t.c.s.AnnotationConfigContextLoaderUtils - Could not detect default configuration classes for test class [com.MFP.OrderService.integration.OrderIntegrationTest]: OrderIntegrationTest does not declare any static, non-private, non-final, nested classes annotated with @Configuration.
2026-02-12 16:14:54 INFO  [main] o.s.b.t.c.SpringBootTestContextBootstrapper - Found @SpringBootConfiguration com.MFP.OrderService.OrderServiceApplication for test class com.MFP.OrderService.integration.OrderIntegrationTest
2026-02-12 16:14:54 INFO  [main] o.s.b.d.r.RestartApplicationListener - Restart disabled due to context in which it is running
2026-02-12 16:14:54 INFO  [main] c.M.O.i.OrderIntegrationTest - Starting OrderIntegrationTest using Java 23.0.2 with PID 11952 (started by firoz in D:\Microservice projects\Microservices-First-Project\order-service)
2026-02-12 16:14:54 INFO  [main] c.M.O.i.OrderIntegrationTest - The following 1 profile is active: "test"
2026-02-12 16:14:56 INFO  [main] o.s.d.r.c.RepositoryConfigurationDelegate - Bootstrapping Spring Data JPA repositories in DEFAULT mode.
2026-02-12 16:14:56 INFO  [main] o.s.d.r.c.RepositoryConfigurationDelegate - Finished Spring Data repository scanning in 175 ms. Found 1 JPA repository interface.
2026-02-12 16:14:58 INFO  [main] o.h.jpa.internal.util.LogHelper - HHH000204: Processing PersistenceUnitInfo [name: default]
2026-02-12 16:14:58 INFO  [main] org.hibernate.Version - HHH000412: Hibernate ORM core version 6.6.41.Final
2026-02-12 16:14:58 INFO  [main] o.h.c.i.RegionFactoryInitiator - HHH000026: Second-level cache disabled
2026-02-12 16:15:00 INFO  [main] o.s.o.j.p.SpringPersistenceUnitInfo - No LoadTimeWeaver setup: ignoring JPA class transformer
2026-02-12 16:15:00 INFO  [main] com.zaxxer.hikari.HikariDataSource - HikariPool-1 - Starting...
2026-02-12 16:15:03 INFO  [main] com.zaxxer.hikari.pool.HikariPool - HikariPool-1 - Added connection conn0: url=jdbc:h2:mem:testdb user=SA
2026-02-12 16:15:03 INFO  [main] com.zaxxer.hikari.HikariDataSource - HikariPool-1 - Start completed.
2026-02-12 16:15:03 INFO  [main] o.hibernate.orm.connections.pooling - HHH10001005: Database info:
	Database JDBC URL [Connecting through datasource 'HikariDataSource (HikariPool-1)']
	Database driver: undefined/unknown
	Database version: 2.3.232
	Autocommit mode: undefined/unknown
	Isolation level: undefined/unknown
	Minimum pool size: undefined/unknown
	Maximum pool size: undefined/unknown
2026-02-12 16:15:07 INFO  [main] o.h.e.t.j.p.i.JtaPlatformInitiator - HHH000489: No JTA platform available (set 'hibernate.transaction.jta.platform' to enable JTA platform integration)
2026-02-12 16:15:07 INFO  [main] o.s.o.j.LocalContainerEntityManagerFactoryBean - Initialized JPA EntityManagerFactory for persistence unit 'default'
2026-02-12 16:15:07 INFO  [main] c.M.O.OrderServiceApplication - Order Service Application started successfully
2026-02-12 16:15:09 WARN  [main] o.s.b.a.o.j.JpaBaseConfiguration$JpaWebConfiguration - spring.jpa.open-in-view is enabled by default. Therefore, database queries may be performed during view rendering. Explicitly configure spring.jpa.open-in-view to disable this warning
2026-02-12 16:15:09 INFO  [main] o.s.b.a.h.H2ConsoleAutoConfiguration - H2 console available at '/h2-console'. Database available at 'jdbc:h2:mem:testdb'
2026-02-12 16:15:10 INFO  [main] o.s.b.t.m.w.SpringBootMockServletContext - Initializing Spring TestDispatcherServlet ''
2026-02-12 16:15:10 INFO  [main] o.s.t.w.s.TestDispatcherServlet - Initializing Servlet ''
2026-02-12 16:15:10 INFO  [main] o.s.t.w.s.TestDispatcherServlet - Completed initialization in 2 ms
2026-02-12 16:15:10 INFO  [main] c.M.O.i.OrderIntegrationTest - Started OrderIntegrationTest in 15.854 seconds (process running for 38.586)
2026-02-12 16:15:10 INFO  [main] c.M.O.controller.OrderController - GET /order request fetch by id=2
2026-02-12 16:15:10 WARN  [main] c.M.O.service.OrderService - Order with id=2 not found
2026-02-12 16:15:10 WARN  [main] c.M.O.e.GlobalExceptionHandler - Order Not Found Exception: Order with id=2 not found
2026-02-12 16:15:11 INFO  [main] c.M.O.controller.OrderController - POST /order request received 
2026-02-12 16:15:11 INFO  [main] c.M.O.service.OrderService - Create order request was received for user id=1, and amount=2522 
2026-02-12 16:15:11 INFO  [main] c.M.O.service.OrderService - Order Cerated successfully with userId=1, and amount=2522
2026-02-12 16:15:11 INFO  [main] c.M.O.controller.OrderController - POST / Create order successfully with orderId=1 
2026-02-12 16:15:11 INFO  [main] c.M.O.controller.OrderController - POST /order request received 
2026-02-12 16:15:11 INFO  [main] c.M.O.service.OrderService - Create order request was received for user id=2, and amount=2586 
2026-02-12 16:15:11 INFO  [main] c.M.O.service.OrderService - Order Cerated successfully with userId=2, and amount=2586
2026-02-12 16:15:11 INFO  [main] c.M.O.controller.OrderController - POST / Create order successfully with orderId=2 
2026-02-12 16:15:11 INFO  [main] c.M.O.controller.OrderController - GET /order request fetch by id=2
2026-02-12 16:15:11 INFO  [main] c.M.O.controller.OrderController - GET /Order successfully fetched with id=2 
2026-02-12 16:15:11 WARN  [main] c.M.O.e.GlobalExceptionHandler - Validation Error: [amount: Amount must Not be null]
2026-02-12 16:15:11 INFO  [main] o.s.t.c.s.AnnotationConfigContextLoaderUtils - Could not detect default configuration classes for test class [com.MFP.OrderService.OrderServiceApplicationTests]: OrderServiceApplicationTests does not declare any static, non-private, non-final, nested classes annotated with @Configuration.
2026-02-12 16:15:11 INFO  [main] o.s.b.t.c.SpringBootTestContextBootstrapper - Found @SpringBootConfiguration com.MFP.OrderService.OrderServiceApplication for test class com.MFP.OrderService.OrderServiceApplicationTests
2026-02-12 16:15:11 INFO  [main] o.s.b.d.r.RestartApplicationListener - Restart disabled due to context in which it is running
2026-02-12 16:15:11 INFO  [main] c.M.O.OrderServiceApplicationTests - Starting OrderServiceApplicationTests using Java 23.0.2 with PID 11952 (started by firoz in D:\Microservice projects\Microservices-First-Project\order-service)
2026-02-12 16:15:11 INFO  [main] c.M.O.OrderServiceApplicationTests - No active profile set, falling back to 1 default profile: "default"
2026-02-12 16:15:12 INFO  [main] o.s.d.r.c.RepositoryConfigurationDelegate - Bootstrapping Spring Data JPA repositories in DEFAULT mode.
2026-02-12 16:15:12 INFO  [main] o.s.d.r.c.RepositoryConfigurationDelegate - Finished Spring Data repository scanning in 72 ms. Found 1 JPA repository interface.
2026-02-12 16:15:12 INFO  [main] o.h.jpa.internal.util.LogHelper - HHH000204: Processing PersistenceUnitInfo [name: default]
2026-02-12 16:15:12 INFO  [main] o.h.c.i.RegionFactoryInitiator - HHH000026: Second-level cache disabled
2026-02-12 16:15:12 INFO  [main] o.s.o.j.p.SpringPersistenceUnitInfo - No LoadTimeWeaver setup: ignoring JPA class transformer
2026-02-12 16:15:12 INFO  [main] com.zaxxer.hikari.HikariDataSource - HikariPool-2 - Starting...
2026-02-12 16:15:14 INFO  [main] com.zaxxer.hikari.pool.HikariPool - HikariPool-2 - Added connection com.mysql.cj.jdbc.ConnectionImpl@9791fba
2026-02-12 16:15:14 INFO  [main] com.zaxxer.hikari.HikariDataSource - HikariPool-2 - Start completed.
2026-02-12 16:15:15 INFO  [main] o.hibernate.orm.connections.pooling - HHH10001005: Database info:
	Database JDBC URL [Connecting through datasource 'HikariDataSource (HikariPool-2)']
	Database driver: undefined/unknown
	Database version: 8.0.44
	Autocommit mode: undefined/unknown
	Isolation level: undefined/unknown
	Minimum pool size: undefined/unknown
	Maximum pool size: undefined/unknown
2026-02-12 16:15:15 INFO  [main] o.h.e.t.j.p.i.JtaPlatformInitiator - HHH000489: No JTA platform available (set 'hibernate.transaction.jta.platform' to enable JTA platform integration)
2026-02-12 16:15:15 INFO  [main] o.s.o.j.LocalContainerEntityManagerFactoryBean - Initialized JPA EntityManagerFactory for persistence unit 'default'
2026-02-12 16:15:15 INFO  [main] c.M.O.OrderServiceApplication - Order Service Application started successfully
2026-02-12 16:15:15 WARN  [main] o.s.b.a.o.j.JpaBaseConfiguration$JpaWebConfiguration - spring.jpa.open-in-view is enabled by default. Therefore, database queries may be performed during view rendering. Explicitly configure spring.jpa.open-in-view to disable this warning
2026-02-12 16:15:16 INFO  [main] c.M.O.OrderServiceApplicationTests - Started OrderServiceApplicationTests in 4.946 seconds (process running for 44.701)
2026-02-12 16:15:16 INFO  [main] o.s.t.c.s.AnnotationConfigContextLoaderUtils - Could not detect default configuration classes for test class [com.MFP.OrderService.repository.OrderRepositoryTest]: OrderRepositoryTest does not declare any static, non-private, non-final, nested classes annotated with @Configuration.
2026-02-12 16:15:16 INFO  [main] o.s.b.t.c.SpringBootTestContextBootstrapper - Found @SpringBootConfiguration com.MFP.OrderService.OrderServiceApplication for test class com.MFP.OrderService.repository.OrderRepositoryTest
2026-02-12 16:15:16 INFO  [main] o.s.b.d.r.RestartApplicationListener - Restart disabled due to context in which it is running
2026-02-12 16:15:16 INFO  [main] c.M.O.repository.OrderRepositoryTest - Starting OrderRepositoryTest using Java 23.0.2 with PID 11952 (started by firoz in D:\Microservice projects\Microservices-First-Project\order-service)
2026-02-12 16:15:16 INFO  [main] c.M.O.repository.OrderRepositoryTest - The following 1 profile is active: "test"
2026-02-12 16:15:16 INFO  [main] o.s.d.r.c.RepositoryConfigurationDelegate - Bootstrapping Spring Data JPA repositories in DEFAULT mode.
2026-02-12 16:15:16 INFO  [main] o.s.d.r.c.RepositoryConfigurationDelegate - Finished Spring Data repository scanning in 25 ms. Found 1 JPA repository interface.
2026-02-12 16:15:16 INFO  [main] o.s.b.t.a.j.TestDatabaseAutoConfiguration$EmbeddedDataSourceBeanFactoryPostProcessor - Replacing 'dataSource' DataSource bean with embedded version
2026-02-12 16:15:17 INFO  [main] o.s.j.d.e.EmbeddedDatabaseFactory - Starting embedded database: url='jdbc:h2:mem:4b667377-9493-4fcb-b3c9-0185ea6db573;DB_CLOSE_DELAY=-1;DB_CLOSE_ON_EXIT=false', username='sa'
2026-02-12 16:15:17 INFO  [main] o.h.jpa.internal.util.LogHelper - HHH000204: Processing PersistenceUnitInfo [name: default]
2026-02-12 16:15:17 INFO  [main] o.h.c.i.RegionFactoryInitiator - HHH000026: Second-level cache disabled
2026-02-12 16:15:17 INFO  [main] o.s.o.j.p.SpringPersistenceUnitInfo - No LoadTimeWeaver setup: ignoring JPA class transformer
2026-02-12 16:15:17 INFO  [main] o.hibernate.orm.connections.pooling - HHH10001005: Database info:
	Database JDBC URL [Connecting through datasource 'org.springframework.jdbc.datasource.embedded.EmbeddedDatabaseFactory$EmbeddedDataSourceProxy@48b97f9b']
	Database driver: undefined/unknown
	Database version: 2.3.232
	Autocommit mode: undefined/unknown
	Isolation level: undefined/unknown
	Minimum pool size: undefined/unknown
	Maximum pool size: undefined/unknown
2026-02-12 16:15:17 INFO  [main] o.h.e.t.j.p.i.JtaPlatformInitiator - HHH000489: No JTA platform available (set 'hibernate.transaction.jta.platform' to enable JTA platform integration)
2026-02-12 16:15:17 INFO  [main] o.s.o.j.LocalContainerEntityManagerFactoryBean - Initialized JPA EntityManagerFactory for persistence unit 'default'
2026-02-12 16:15:17 INFO  [main] c.M.O.OrderServiceApplication - Order Service Application started successfully
2026-02-12 16:15:17 INFO  [main] c.M.O.repository.OrderRepositoryTest - Started OrderRepositoryTest in 0.895 seconds (process running for 45.725)
2026-02-12 16:15:20 INFO  [main] c.M.O.service.OrderService - Delete order with id=1
2026-02-12 16:15:20 INFO  [main] c.M.O.service.OrderService - Order deleted successfully with orderId=1
2026-02-12 16:15:20 INFO  [main] c.M.O.service.OrderService - Delete order with id=1
2026-02-12 16:15:20 WARN  [main] c.M.O.service.OrderService - For deleting Order with id=1 not found
2026-02-12 16:15:20 WARN  [main] c.M.O.service.OrderService - Order with id=1 not found
2026-02-12 16:15:20 INFO  [main] c.M.O.service.OrderService - Fetched 2 Orders successfully
2026-02-12 16:15:20 INFO  [main] c.M.O.service.OrderService - Updating order with id=1
2026-02-12 16:15:20 WARN  [main] c.M.O.service.OrderService - Attempt to update cancelled order with status=Cancelled
2026-02-12 16:15:20 INFO  [main] c.M.O.service.OrderService - Updating order with id=1
2026-02-12 16:15:20 INFO  [main] c.M.O.service.OrderService - Order updated successfully with orderId= 1, new status= Created
2026-02-12 16:15:20 INFO  [main] c.M.O.service.OrderService - Updating order with id=1
2026-02-12 16:15:20 WARN  [main] c.M.O.service.OrderService -  For update Order with id=1 not found
2026-02-12 16:15:20 INFO  [main] c.M.O.service.OrderService - Updating order with id=1
2026-02-12 16:15:20 WARN  [main] c.M.O.service.OrderService - Trying to update the amount with zero 
2026-02-12 16:15:20 INFO  [main] c.M.O.service.OrderService - Create order request was received for user id=1, and amount=3000 
2026-02-12 16:15:20 INFO  [main] c.M.O.service.OrderService - Order Cerated successfully with userId=100, and amount=3000
2026-02-12 16:15:20 INFO  [SpringApplicationShutdownHook] o.s.o.j.LocalContainerEntityManagerFactoryBean - Closing JPA EntityManagerFactory for persistence unit 'default'
2026-02-12 16:15:21 INFO  [SpringApplicationShutdownHook] com.zaxxer.hikari.HikariDataSource - HikariPool-1 - Shutdown initiated...
2026-02-12 16:15:21 INFO  [SpringApplicationShutdownHook] com.zaxxer.hikari.HikariDataSource - HikariPool-1 - Shutdown completed.
2026-02-12 16:15:21 INFO  [SpringApplicationShutdownHook] o.s.o.j.LocalContainerEntityManagerFactoryBean - Closing JPA EntityManagerFactory for persistence unit 'default'
2026-02-12 16:15:21 INFO  [SpringApplicationShutdownHook] com.zaxxer.hikari.HikariDataSource - HikariPool-2 - Shutdown initiated...
2026-02-12 16:15:21 INFO  [SpringApplicationShutdownHook] com.zaxxer.hikari.HikariDataSource - HikariPool-2 - Shutdown completed.
2026-02-12 16:15:21 INFO  [SpringApplicationShutdownHook] o.s.o.j.LocalContainerEntityManagerFactoryBean - Closing JPA EntityManagerFactory for persistence unit 'default'
2026-02-12 16:27:53 INFO  [main] c.M.O.controller.OrderControllerTest - Starting OrderControllerTest using Java 23.0.2 with PID 21592 (started by firoz in D:\Microservice projects\Microservices-First-Project\order-service)
2026-02-12 16:27:53 INFO  [main] c.M.O.controller.OrderControllerTest - No active profile set, falling back to 1 default profile: "default"
2026-02-12 16:28:00 INFO  [main] c.M.O.OrderServiceApplication - Order Service Application started successfully
2026-02-12 16:28:02 INFO  [main] o.s.b.t.m.w.SpringBootMockServletContext - Initializing Spring TestDispatcherServlet ''
2026-02-12 16:28:02 INFO  [main] o.s.t.w.s.TestDispatcherServlet - Initializing Servlet ''
2026-02-12 16:28:02 INFO  [main] o.s.t.w.s.TestDispatcherServlet - Completed initialization in 5 ms
2026-02-12 16:28:02 INFO  [main] c.M.O.controller.OrderControllerTest - Started OrderControllerTest in 13.01 seconds (process running for 22.13)
2026-02-12 16:28:04 WARN  [main] c.M.O.e.GlobalExceptionHandler - Validation Error: [userId: User Id must not be null]
2026-02-12 16:28:04 INFO  [main] c.M.O.controller.OrderController - GET /All Orders fetched
2026-02-12 16:28:04 INFO  [main] c.M.O.controller.OrderController - GET /2 Orders successfully fetched
2026-02-12 16:28:04 INFO  [main] c.M.O.controller.OrderController - POST /order request received 
2026-02-12 16:28:04 INFO  [main] c.M.O.controller.OrderController - POST / Create order successfully with orderId=1 
2026-02-12 16:28:04 INFO  [main] c.M.O.controller.OrderController - DELETE /order request Delete with id 1
2026-02-12 16:28:04 INFO  [main] c.M.O.controller.OrderController - DELETE /Delete order successfully with id=Deleted successfully 
2026-02-12 16:28:04 INFO  [main] c.M.O.controller.OrderController - PUT /order request Updated with id 1
2026-02-12 16:28:04 INFO  [main] c.M.O.controller.OrderController - PUT /Update order successfully with id=1 
2026-02-12 16:28:04 INFO  [main] c.M.O.controller.OrderController - GET /order request fetch by id=1
2026-02-12 16:28:04 WARN  [main] c.M.O.e.GlobalExceptionHandler - Order Not Found Exception: Order with id=1 not found
2026-02-12 16:28:04 INFO  [main] c.M.O.controller.OrderController - GET /order request fetch by id=1
2026-02-12 16:28:04 INFO  [main] c.M.O.controller.OrderController - GET /Order successfully fetched with id=1 
2026-02-12 16:28:04 INFO  [main] c.M.O.controller.OrderController - PUT /order request Updated with id 1
2026-02-12 16:28:04 WARN  [main] c.M.O.e.GlobalExceptionHandler - Order Not Found Exception: Order with id=1 not found
2026-02-12 16:28:05 INFO  [main] o.s.t.c.s.AnnotationConfigContextLoaderUtils - Could not detect default configuration classes for test class [com.MFP.OrderService.integration.OrderIntegrationTest]: OrderIntegrationTest does not declare any static, non-private, non-final, nested classes annotated with @Configuration.
2026-02-12 16:28:05 INFO  [main] o.s.b.t.c.SpringBootTestContextBootstrapper - Found @SpringBootConfiguration com.MFP.OrderService.OrderServiceApplication for test class com.MFP.OrderService.integration.OrderIntegrationTest
2026-02-12 16:28:05 INFO  [main] o.s.b.d.r.RestartApplicationListener - Restart disabled due to context in which it is running
2026-02-12 16:28:05 INFO  [main] c.M.O.i.OrderIntegrationTest - Starting OrderIntegrationTest using Java 23.0.2 with PID 21592 (started by firoz in D:\Microservice projects\Microservices-First-Project\order-service)
2026-02-12 16:28:05 INFO  [main] c.M.O.i.OrderIntegrationTest - The following 1 profile is active: "test"
2026-02-12 16:28:06 INFO  [main] o.s.d.r.c.RepositoryConfigurationDelegate - Bootstrapping Spring Data JPA repositories in DEFAULT mode.
2026-02-12 16:28:07 INFO  [main] o.s.d.r.c.RepositoryConfigurationDelegate - Finished Spring Data repository scanning in 233 ms. Found 1 JPA repository interface.
2026-02-12 16:28:09 INFO  [main] o.h.jpa.internal.util.LogHelper - HHH000204: Processing PersistenceUnitInfo [name: default]
2026-02-12 16:28:09 INFO  [main] org.hibernate.Version - HHH000412: Hibernate ORM core version 6.6.41.Final
2026-02-12 16:28:09 INFO  [main] o.h.c.i.RegionFactoryInitiator - HHH000026: Second-level cache disabled
2026-02-12 16:28:11 INFO  [main] o.s.o.j.p.SpringPersistenceUnitInfo - No LoadTimeWeaver setup: ignoring JPA class transformer
2026-02-12 16:28:11 INFO  [main] com.zaxxer.hikari.HikariDataSource - HikariPool-1 - Starting...
2026-02-12 16:28:13 INFO  [main] com.zaxxer.hikari.pool.HikariPool - HikariPool-1 - Added connection conn0: url=jdbc:h2:mem:testdb user=SA
2026-02-12 16:28:13 INFO  [main] com.zaxxer.hikari.HikariDataSource - HikariPool-1 - Start completed.
2026-02-12 16:28:13 INFO  [main] o.hibernate.orm.connections.pooling - HHH10001005: Database info:
	Database JDBC URL [Connecting through datasource 'HikariDataSource (HikariPool-1)']
	Database driver: undefined/unknown
	Database version: 2.3.232
	Autocommit mode: undefined/unknown
	Isolation level: undefined/unknown
	Minimum pool size: undefined/unknown
	Maximum pool size: undefined/unknown
2026-02-12 16:28:17 INFO  [main] o.h.e.t.j.p.i.JtaPlatformInitiator - HHH000489: No JTA platform available (set 'hibernate.transaction.jta.platform' to enable JTA platform integration)
2026-02-12 16:28:18 INFO  [main] o.s.o.j.LocalContainerEntityManagerFactoryBean - Initialized JPA EntityManagerFactory for persistence unit 'default'
2026-02-12 16:28:18 INFO  [main] c.M.O.OrderServiceApplication - Order Service Application started successfully
2026-02-12 16:28:19 WARN  [main] o.s.b.a.o.j.JpaBaseConfiguration$JpaWebConfiguration - spring.jpa.open-in-view is enabled by default. Therefore, database queries may be performed during view rendering. Explicitly configure spring.jpa.open-in-view to disable this warning
2026-02-12 16:28:19 INFO  [main] o.s.b.a.h.H2ConsoleAutoConfiguration - H2 console available at '/h2-console'. Database available at 'jdbc:h2:mem:testdb'
2026-02-12 16:28:19 INFO  [main] o.s.b.t.m.w.SpringBootMockServletContext - Initializing Spring TestDispatcherServlet ''
2026-02-12 16:28:19 INFO  [main] o.s.t.w.s.TestDispatcherServlet - Initializing Servlet ''
2026-02-12 16:28:19 INFO  [main] o.s.t.w.s.TestDispatcherServlet - Completed initialization in 1 ms
2026-02-12 16:28:19 INFO  [main] c.M.O.i.OrderIntegrationTest - Started OrderIntegrationTest in 14.296 seconds (process running for 38.962)
2026-02-12 16:28:19 INFO  [main] c.M.O.controller.OrderController - GET /order request fetch by id=2
2026-02-12 16:28:20 WARN  [main] c.M.O.service.OrderService - Order with id=2 not found
2026-02-12 16:28:20 WARN  [main] c.M.O.e.GlobalExceptionHandler - Order Not Found Exception: Order with id=2 not found
2026-02-12 16:28:20 INFO  [main] c.M.O.controller.OrderController - POST /order request received 
2026-02-12 16:28:20 INFO  [main] c.M.O.service.OrderService - Create order request was received for user id=1, and amount=2522 
2026-02-12 16:28:20 INFO  [main] c.M.O.service.OrderService - Order Cerated successfully with userId=1, and amount=2522
2026-02-12 16:28:20 INFO  [main] c.M.O.controller.OrderController - POST / Create order successfully with orderId=1 
2026-02-12 16:28:20 INFO  [main] c.M.O.controller.OrderController - POST /order request received 
2026-02-12 16:28:20 INFO  [main] c.M.O.service.OrderService - Create order request was received for user id=2, and amount=2586 
2026-02-12 16:28:20 INFO  [main] c.M.O.service.OrderService - Order Cerated successfully with userId=2, and amount=2586
2026-02-12 16:28:20 INFO  [main] c.M.O.controller.OrderController - POST / Create order successfully with orderId=2 
2026-02-12 16:28:20 INFO  [main] c.M.O.controller.OrderController - GET /order request fetch by id=2
2026-02-12 16:28:20 INFO  [main] c.M.O.controller.OrderController - GET /Order successfully fetched with id=2 
2026-02-12 16:28:20 WARN  [main] c.M.O.e.GlobalExceptionHandler - Validation Error: [amount: Amount must Not be null]
2026-02-12 16:28:21 INFO  [main] o.s.t.c.s.AnnotationConfigContextLoaderUtils - Could not detect default configuration classes for test class [com.MFP.OrderService.OrderServiceApplicationTests]: OrderServiceApplicationTests does not declare any static, non-private, non-final, nested classes annotated with @Configuration.
2026-02-12 16:28:21 INFO  [main] o.s.b.t.c.SpringBootTestContextBootstrapper - Found @SpringBootConfiguration com.MFP.OrderService.OrderServiceApplication for test class com.MFP.OrderService.OrderServiceApplicationTests
2026-02-12 16:28:21 INFO  [main] o.s.b.d.r.RestartApplicationListener - Restart disabled due to context in which it is running
2026-02-12 16:28:21 INFO  [main] c.M.O.OrderServiceApplicationTests - Starting OrderServiceApplicationTests using Java 23.0.2 with PID 21592 (started by firoz in D:\Microservice projects\Microservices-First-Project\order-service)
2026-02-12 16:28:21 INFO  [main] c.M.O.OrderServiceApplicationTests - No active profile set, falling back to 1 default profile: "default"
2026-02-12 16:28:23 INFO  [main] o.s.d.r.c.RepositoryConfigurationDelegate - Bootstrapping Spring Data JPA repositories in DEFAULT mode.
2026-02-12 16:28:23 INFO  [main] o.s.d.r.c.RepositoryConfigurationDelegate - Finished Spring Data repository scanning in 28 ms. Found 1 JPA repository interface.
2026-02-12 16:28:23 INFO  [main] o.h.jpa.internal.util.LogHelper - HHH000204: Processing PersistenceUnitInfo [name: default]
2026-02-12 16:28:23 INFO  [main] o.h.c.i.RegionFactoryInitiator - HHH000026: Second-level cache disabled
2026-02-12 16:28:23 INFO  [main] o.s.o.j.p.SpringPersistenceUnitInfo - No LoadTimeWeaver setup: ignoring JPA class transformer
2026-02-12 16:28:23 INFO  [main] com.zaxxer.hikari.HikariDataSource - HikariPool-2 - Starting...
2026-02-12 16:28:25 INFO  [main] com.zaxxer.hikari.pool.HikariPool - HikariPool-2 - Added connection com.mysql.cj.jdbc.ConnectionImpl@6f764c25
2026-02-12 16:28:25 INFO  [main] com.zaxxer.hikari.HikariDataSource - HikariPool-2 - Start completed.
2026-02-12 16:28:25 INFO  [main] o.hibernate.orm.connections.pooling - HHH10001005: Database info:
	Database JDBC URL [Connecting through datasource 'HikariDataSource (HikariPool-2)']
	Database driver: undefined/unknown
	Database version: 8.0.44
	Autocommit mode: undefined/unknown
	Isolation level: undefined/unknown
	Minimum pool size: undefined/unknown
	Maximum pool size: undefined/unknown
2026-02-12 16:28:25 INFO  [main] o.h.e.t.j.p.i.JtaPlatformInitiator - HHH000489: No JTA platform available (set 'hibernate.transaction.jta.platform' to enable JTA platform integration)
2026-02-12 16:28:26 INFO  [main] o.s.o.j.LocalContainerEntityManagerFactoryBean - Initialized JPA EntityManagerFactory for persistence unit 'default'
2026-02-12 16:28:26 INFO  [main] c.M.O.OrderServiceApplication - Order Service Application started successfully
2026-02-12 16:28:26 WARN  [main] o.s.b.a.o.j.JpaBaseConfiguration$JpaWebConfiguration - spring.jpa.open-in-view is enabled by default. Therefore, database queries may be performed during view rendering. Explicitly configure spring.jpa.open-in-view to disable this warning
2026-02-12 16:28:26 INFO  [main] c.M.O.OrderServiceApplicationTests - Started OrderServiceApplicationTests in 5.44 seconds (process running for 45.917)
2026-02-12 16:28:26 INFO  [main] o.s.t.c.s.AnnotationConfigContextLoaderUtils - Could not detect default configuration classes for test class [com.MFP.OrderService.repository.OrderRepositoryTest]: OrderRepositoryTest does not declare any static, non-private, non-final, nested classes annotated with @Configuration.
2026-02-12 16:28:26 INFO  [main] o.s.b.t.c.SpringBootTestContextBootstrapper - Found @SpringBootConfiguration com.MFP.OrderService.OrderServiceApplication for test class com.MFP.OrderService.repository.OrderRepositoryTest
2026-02-12 16:28:26 INFO  [main] o.s.b.d.r.RestartApplicationListener - Restart disabled due to context in which it is running
2026-02-12 16:28:26 INFO  [main] c.M.O.repository.OrderRepositoryTest - Starting OrderRepositoryTest using Java 23.0.2 with PID 21592 (started by firoz in D:\Microservice projects\Microservices-First-Project\order-service)
2026-02-12 16:28:26 INFO  [main] c.M.O.repository.OrderRepositoryTest - The following 1 profile is active: "test"
2026-02-12 16:28:27 INFO  [main] o.s.d.r.c.RepositoryConfigurationDelegate - Bootstrapping Spring Data JPA repositories in DEFAULT mode.
2026-02-12 16:28:27 INFO  [main] o.s.d.r.c.RepositoryConfigurationDelegate - Finished Spring Data repository scanning in 27 ms. Found 1 JPA repository interface.
2026-02-12 16:28:27 INFO  [main] o.s.b.t.a.j.TestDatabaseAutoConfiguration$EmbeddedDataSourceBeanFactoryPostProcessor - Replacing 'dataSource' DataSource bean with embedded version
2026-02-12 16:28:27 INFO  [main] o.s.j.d.e.EmbeddedDatabaseFactory - Starting embedded database: url='jdbc:h2:mem:0cd979af-bc0b-4b91-824d-a6626c0316d6;DB_CLOSE_DELAY=-1;DB_CLOSE_ON_EXIT=false', username='sa'
2026-02-12 16:28:27 INFO  [main] o.h.jpa.internal.util.LogHelper - HHH000204: Processing PersistenceUnitInfo [name: default]
2026-02-12 16:28:27 INFO  [main] o.h.c.i.RegionFactoryInitiator - HHH000026: Second-level cache disabled
2026-02-12 16:28:27 INFO  [main] o.s.o.j.p.SpringPersistenceUnitInfo - No LoadTimeWeaver setup: ignoring JPA class transformer
2026-02-12 16:28:27 INFO  [main] o.hibernate.orm.connections.pooling - HHH10001005: Database info:
	Database JDBC URL [Connecting through datasource 'org.springframework.jdbc.datasource.embedded.EmbeddedDatabaseFactory$EmbeddedDataSourceProxy@76fe9b98']
	Database driver: undefined/unknown
	Database version: 2.3.232
	Autocommit mode: undefined/unknown
	Isolation level: undefined/unknown
	Minimum pool size: undefined/unknown
	Maximum pool size: undefined/unknown
2026-02-12 16:28:27 INFO  [main] o.h.e.t.j.p.i.JtaPlatformInitiator - HHH000489: No JTA platform available (set 'hibernate.transaction.jta.platform' to enable JTA platform integration)
2026-02-12 16:28:27 INFO  [main] o.s.o.j.LocalContainerEntityManagerFactoryBean - Initialized JPA EntityManagerFactory for persistence unit 'default'
2026-02-12 16:28:27 INFO  [main] c.M.O.OrderServiceApplication - Order Service Application started successfully
2026-02-12 16:28:27 INFO  [main] c.M.O.repository.OrderRepositoryTest - Started OrderRepositoryTest in 0.953 seconds (process running for 47.001)
2026-02-12 16:28:31 INFO  [main] c.M.O.service.OrderService - Delete order with id=1
2026-02-12 16:28:31 INFO  [main] c.M.O.service.OrderService - Order deleted successfully with orderId=1
2026-02-12 16:28:31 INFO  [main] c.M.O.service.OrderService - Delete order with id=1
2026-02-12 16:28:31 WARN  [main] c.M.O.service.OrderService - For deleting Order with id=1 not found
2026-02-12 16:28:31 WARN  [main] c.M.O.service.OrderService - Order with id=1 not found
2026-02-12 16:28:31 INFO  [main] c.M.O.service.OrderService - Fetched 2 Orders successfully
2026-02-12 16:28:31 INFO  [main] c.M.O.service.OrderService - Updating order with id=1
2026-02-12 16:28:31 WARN  [main] c.M.O.service.OrderService - Attempt to update cancelled order with status=Cancelled
2026-02-12 16:28:31 INFO  [main] c.M.O.service.OrderService - Updating order with id=1
2026-02-12 16:28:31 INFO  [main] c.M.O.service.OrderService - Order updated successfully with orderId= 1, new status= Created
2026-02-12 16:28:31 INFO  [main] c.M.O.service.OrderService - Updating order with id=1
2026-02-12 16:28:31 WARN  [main] c.M.O.service.OrderService -  For update Order with id=1 not found
2026-02-12 16:28:31 INFO  [main] c.M.O.service.OrderService - Updating order with id=1
2026-02-12 16:28:31 WARN  [main] c.M.O.service.OrderService - Trying to update the amount with zero 
2026-02-12 16:28:31 INFO  [main] c.M.O.service.OrderService - Create order request was received for user id=1, and amount=3000 
2026-02-12 16:28:31 INFO  [main] c.M.O.service.OrderService - Order Cerated successfully with userId=100, and amount=3000
2026-02-12 16:28:31 INFO  [SpringApplicationShutdownHook] o.s.o.j.LocalContainerEntityManagerFactoryBean - Closing JPA EntityManagerFactory for persistence unit 'default'
2026-02-12 16:28:32 INFO  [SpringApplicationShutdownHook] com.zaxxer.hikari.HikariDataSource - HikariPool-1 - Shutdown initiated...
2026-02-12 16:28:32 INFO  [SpringApplicationShutdownHook] com.zaxxer.hikari.HikariDataSource - HikariPool-1 - Shutdown completed.
2026-02-12 16:28:32 INFO  [SpringApplicationShutdownHook] o.s.o.j.LocalContainerEntityManagerFactoryBean - Closing JPA EntityManagerFactory for persistence unit 'default'
2026-02-12 16:28:32 INFO  [SpringApplicationShutdownHook] com.zaxxer.hikari.HikariDataSource - HikariPool-2 - Shutdown initiated...
2026-02-12 16:28:32 INFO  [SpringApplicationShutdownHook] com.zaxxer.hikari.HikariDataSource - HikariPool-2 - Shutdown completed.
2026-02-12 16:28:32 INFO  [SpringApplicationShutdownHook] o.s.o.j.LocalContainerEntityManagerFactoryBean - Closing JPA EntityManagerFactory for persistence unit 'default'
2026-02-12 16:33:06 INFO  [main] c.M.O.controller.OrderControllerTest - Starting OrderControllerTest using Java 23.0.2 with PID 18944 (started by firoz in D:\Microservice projects\Microservices-First-Project\order-service)
2026-02-12 16:33:06 INFO  [main] c.M.O.controller.OrderControllerTest - No active profile set, falling back to 1 default profile: "default"
2026-02-12 16:33:14 INFO  [main] c.M.O.OrderServiceApplication - Order Service Application started successfully
2026-02-12 16:33:16 INFO  [main] o.s.b.t.m.w.SpringBootMockServletContext - Initializing Spring TestDispatcherServlet ''
2026-02-12 16:33:16 INFO  [main] o.s.t.w.s.TestDispatcherServlet - Initializing Servlet ''
2026-02-12 16:33:16 INFO  [main] o.s.t.w.s.TestDispatcherServlet - Completed initialization in 5 ms
2026-02-12 16:33:17 INFO  [main] c.M.O.controller.OrderControllerTest - Started OrderControllerTest in 13.869 seconds (process running for 20.613)
2026-02-12 16:33:18 WARN  [main] c.M.O.e.GlobalExceptionHandler - Validation Error: [userId: User Id must not be null]
2026-02-12 16:33:18 INFO  [main] c.M.O.controller.OrderController - GET /All Orders fetched
2026-02-12 16:33:18 INFO  [main] c.M.O.controller.OrderController - GET /2 Orders successfully fetched
2026-02-12 16:33:19 INFO  [main] c.M.O.controller.OrderController - POST /order request received 
2026-02-12 16:33:19 INFO  [main] c.M.O.controller.OrderController - POST / Create order successfully with orderId=1 
2026-02-12 16:33:19 INFO  [main] c.M.O.controller.OrderController - DELETE /order request Delete with id 1
2026-02-12 16:33:19 INFO  [main] c.M.O.controller.OrderController - DELETE /Delete order successfully with id=Deleted successfully 
2026-02-12 16:33:19 INFO  [main] c.M.O.controller.OrderController - PUT /order request Updated with id 1
2026-02-12 16:33:19 INFO  [main] c.M.O.controller.OrderController - PUT /Update order successfully with id=1 
2026-02-12 16:33:19 INFO  [main] c.M.O.controller.OrderController - GET /order request fetch by id=1
2026-02-12 16:33:19 WARN  [main] c.M.O.e.GlobalExceptionHandler - Order Not Found Exception: Order with id=1 not found
2026-02-12 16:33:19 INFO  [main] c.M.O.controller.OrderController - GET /order request fetch by id=1
2026-02-12 16:33:19 INFO  [main] c.M.O.controller.OrderController - GET /Order successfully fetched with id=1 
2026-02-12 16:33:19 INFO  [main] c.M.O.controller.OrderController - PUT /order request Updated with id 1
2026-02-12 16:33:19 WARN  [main] c.M.O.e.GlobalExceptionHandler - Order Not Found Exception: Order with id=1 not found
2026-02-12 16:33:19 INFO  [main] o.s.t.c.s.AnnotationConfigContextLoaderUtils - Could not detect default configuration classes for test class [com.MFP.OrderService.integration.OrderIntegrationTest]: OrderIntegrationTest does not declare any static, non-private, non-final, nested classes annotated with @Configuration.
2026-02-12 16:33:19 INFO  [main] o.s.b.t.c.SpringBootTestContextBootstrapper - Found @SpringBootConfiguration com.MFP.OrderService.OrderServiceApplication for test class com.MFP.OrderService.integration.OrderIntegrationTest
2026-02-12 16:33:19 INFO  [main] o.s.b.d.r.RestartApplicationListener - Restart disabled due to context in which it is running
2026-02-12 16:33:19 INFO  [main] c.M.O.i.OrderIntegrationTest - Starting OrderIntegrationTest using Java 23.0.2 with PID 18944 (started by firoz in D:\Microservice projects\Microservices-First-Project\order-service)
2026-02-12 16:33:19 INFO  [main] c.M.O.i.OrderIntegrationTest - The following 1 profile is active: "test"
2026-02-12 16:33:21 INFO  [main] o.s.d.r.c.RepositoryConfigurationDelegate - Bootstrapping Spring Data JPA repositories in DEFAULT mode.
2026-02-12 16:33:21 INFO  [main] o.s.d.r.c.RepositoryConfigurationDelegate - Finished Spring Data repository scanning in 160 ms. Found 1 JPA repository interface.
2026-02-12 16:33:23 INFO  [main] o.h.jpa.internal.util.LogHelper - HHH000204: Processing PersistenceUnitInfo [name: default]
2026-02-12 16:33:24 INFO  [main] org.hibernate.Version - HHH000412: Hibernate ORM core version 6.6.41.Final
2026-02-12 16:33:24 INFO  [main] o.h.c.i.RegionFactoryInitiator - HHH000026: Second-level cache disabled
2026-02-12 16:33:25 INFO  [main] o.s.o.j.p.SpringPersistenceUnitInfo - No LoadTimeWeaver setup: ignoring JPA class transformer
2026-02-12 16:33:25 INFO  [main] com.zaxxer.hikari.HikariDataSource - HikariPool-1 - Starting...
2026-02-12 16:33:27 INFO  [main] com.zaxxer.hikari.pool.HikariPool - HikariPool-1 - Added connection conn0: url=jdbc:h2:mem:testdb user=SA
2026-02-12 16:33:27 INFO  [main] com.zaxxer.hikari.HikariDataSource - HikariPool-1 - Start completed.
2026-02-12 16:33:28 INFO  [main] o.hibernate.orm.connections.pooling - HHH10001005: Database info:
	Database JDBC URL [Connecting through datasource 'HikariDataSource (HikariPool-1)']
	Database driver: undefined/unknown
	Database version: 2.3.232
	Autocommit mode: undefined/unknown
	Isolation level: undefined/unknown
	Minimum pool size: undefined/unknown
	Maximum pool size: undefined/unknown
2026-02-12 16:33:31 INFO  [main] o.h.e.t.j.p.i.JtaPlatformInitiator - HHH000489: No JTA platform available (set 'hibernate.transaction.jta.platform' to enable JTA platform integration)
2026-02-12 16:33:31 INFO  [main] o.s.o.j.LocalContainerEntityManagerFactoryBean - Initialized JPA EntityManagerFactory for persistence unit 'default'
2026-02-12 16:33:31 INFO  [main] c.M.O.OrderServiceApplication - Order Service Application started successfully
2026-02-12 16:33:33 WARN  [main] o.s.b.a.o.j.JpaBaseConfiguration$JpaWebConfiguration - spring.jpa.open-in-view is enabled by default. Therefore, database queries may be performed during view rendering. Explicitly configure spring.jpa.open-in-view to disable this warning
2026-02-12 16:33:33 INFO  [main] o.s.b.a.h.H2ConsoleAutoConfiguration - H2 console available at '/h2-console'. Database available at 'jdbc:h2:mem:testdb'
2026-02-12 16:33:33 INFO  [main] o.s.b.t.m.w.SpringBootMockServletContext - Initializing Spring TestDispatcherServlet ''
2026-02-12 16:33:33 INFO  [main] o.s.t.w.s.TestDispatcherServlet - Initializing Servlet ''
2026-02-12 16:33:33 INFO  [main] o.s.t.w.s.TestDispatcherServlet - Completed initialization in 1 ms
2026-02-12 16:33:33 INFO  [main] c.M.O.i.OrderIntegrationTest - Started OrderIntegrationTest in 14.115 seconds (process running for 37.318)
2026-02-12 16:33:34 INFO  [main] c.M.O.controller.OrderController - GET /order request fetch by id=2
2026-02-12 16:33:34 WARN  [main] c.M.O.service.OrderService - Order with id=2 not found
2026-02-12 16:33:34 WARN  [main] c.M.O.e.GlobalExceptionHandler - Order Not Found Exception: Order with id=2 not found
2026-02-12 16:33:34 INFO  [main] c.M.O.controller.OrderController - POST /order request received 
2026-02-12 16:33:34 INFO  [main] c.M.O.service.OrderService - Create order request was received for user id=1, and amount=2522 
2026-02-12 16:33:34 INFO  [main] c.M.O.service.OrderService - Order Cerated successfully with userId=1, and amount=2522
2026-02-12 16:33:34 INFO  [main] c.M.O.controller.OrderController - POST / Create order successfully with orderId=1 
2026-02-12 16:33:34 INFO  [main] c.M.O.controller.OrderController - POST /order request received 
2026-02-12 16:33:34 INFO  [main] c.M.O.service.OrderService - Create order request was received for user id=2, and amount=2586 
2026-02-12 16:33:34 INFO  [main] c.M.O.service.OrderService - Order Cerated successfully with userId=2, and amount=2586
2026-02-12 16:33:34 INFO  [main] c.M.O.controller.OrderController - POST / Create order successfully with orderId=2 
2026-02-12 16:33:34 INFO  [main] c.M.O.controller.OrderController - GET /order request fetch by id=2
2026-02-12 16:33:34 INFO  [main] c.M.O.controller.OrderController - GET /Order successfully fetched with id=2 
2026-02-12 16:33:34 WARN  [main] c.M.O.e.GlobalExceptionHandler - Validation Error: [amount: Amount must Not be null]
2026-02-12 16:33:34 INFO  [main] o.s.t.c.s.AnnotationConfigContextLoaderUtils - Could not detect default configuration classes for test class [com.MFP.OrderService.OrderServiceApplicationTests]: OrderServiceApplicationTests does not declare any static, non-private, non-final, nested classes annotated with @Configuration.
2026-02-12 16:33:34 INFO  [main] o.s.b.t.c.SpringBootTestContextBootstrapper - Found @SpringBootConfiguration com.MFP.OrderService.OrderServiceApplication for test class com.MFP.OrderService.OrderServiceApplicationTests
2026-02-12 16:33:34 INFO  [main] o.s.b.d.r.RestartApplicationListener - Restart disabled due to context in which it is running
2026-02-12 16:33:35 INFO  [main] c.M.O.OrderServiceApplicationTests - Starting OrderServiceApplicationTests using Java 23.0.2 with PID 18944 (started by firoz in D:\Microservice projects\Microservices-First-Project\order-service)
2026-02-12 16:33:35 INFO  [main] c.M.O.OrderServiceApplicationTests - No active profile set, falling back to 1 default profile: "default"
2026-02-12 16:33:35 INFO  [main] o.s.d.r.c.RepositoryConfigurationDelegate - Bootstrapping Spring Data JPA repositories in DEFAULT mode.
2026-02-12 16:33:35 INFO  [main] o.s.d.r.c.RepositoryConfigurationDelegate - Finished Spring Data repository scanning in 33 ms. Found 1 JPA repository interface.
2026-02-12 16:33:36 INFO  [main] o.h.jpa.internal.util.LogHelper - HHH000204: Processing PersistenceUnitInfo [name: default]
2026-02-12 16:33:36 INFO  [main] o.h.c.i.RegionFactoryInitiator - HHH000026: Second-level cache disabled
2026-02-12 16:33:36 INFO  [main] o.s.o.j.p.SpringPersistenceUnitInfo - No LoadTimeWeaver setup: ignoring JPA class transformer
2026-02-12 16:33:36 INFO  [main] com.zaxxer.hikari.HikariDataSource - HikariPool-2 - Starting...
2026-02-12 16:33:38 INFO  [main] com.zaxxer.hikari.pool.HikariPool - HikariPool-2 - Added connection com.mysql.cj.jdbc.ConnectionImpl@18f4f7aa
2026-02-12 16:33:38 INFO  [main] com.zaxxer.hikari.HikariDataSource - HikariPool-2 - Start completed.
2026-02-12 16:33:38 INFO  [main] o.hibernate.orm.connections.pooling - HHH10001005: Database info:
	Database JDBC URL [Connecting through datasource 'HikariDataSource (HikariPool-2)']
	Database driver: undefined/unknown
	Database version: 8.0.44
	Autocommit mode: undefined/unknown
	Isolation level: undefined/unknown
	Minimum pool size: undefined/unknown
	Maximum pool size: undefined/unknown
2026-02-12 16:33:38 INFO  [main] o.h.e.t.j.p.i.JtaPlatformInitiator - HHH000489: No JTA platform available (set 'hibernate.transaction.jta.platform' to enable JTA platform integration)
2026-02-12 16:33:38 INFO  [main] o.s.o.j.LocalContainerEntityManagerFactoryBean - Initialized JPA EntityManagerFactory for persistence unit 'default'
2026-02-12 16:33:38 INFO  [main] c.M.O.OrderServiceApplication - Order Service Application started successfully
2026-02-12 16:33:39 WARN  [main] o.s.b.a.o.j.JpaBaseConfiguration$JpaWebConfiguration - spring.jpa.open-in-view is enabled by default. Therefore, database queries may be performed during view rendering. Explicitly configure spring.jpa.open-in-view to disable this warning
2026-02-12 16:33:39 INFO  [main] c.M.O.OrderServiceApplicationTests - Started OrderServiceApplicationTests in 4.642 seconds (process running for 43.152)
2026-02-12 16:33:39 INFO  [main] o.s.t.c.s.AnnotationConfigContextLoaderUtils - Could not detect default configuration classes for test class [com.MFP.OrderService.repository.OrderRepositoryTest]: OrderRepositoryTest does not declare any static, non-private, non-final, nested classes annotated with @Configuration.
2026-02-12 16:33:39 INFO  [main] o.s.b.t.c.SpringBootTestContextBootstrapper - Found @SpringBootConfiguration com.MFP.OrderService.OrderServiceApplication for test class com.MFP.OrderService.repository.OrderRepositoryTest
2026-02-12 16:33:39 INFO  [main] o.s.b.d.r.RestartApplicationListener - Restart disabled due to context in which it is running
2026-02-12 16:33:39 INFO  [main] c.M.O.repository.OrderRepositoryTest - Starting OrderRepositoryTest using Java 23.0.2 with PID 18944 (started by firoz in D:\Microservice projects\Microservices-First-Project\order-service)
2026-02-12 16:33:39 INFO  [main] c.M.O.repository.OrderRepositoryTest - The following 1 profile is active: "test"
2026-02-12 16:33:40 INFO  [main] o.s.d.r.c.RepositoryConfigurationDelegate - Bootstrapping Spring Data JPA repositories in DEFAULT mode.
2026-02-12 16:33:40 INFO  [main] o.s.d.r.c.RepositoryConfigurationDelegate - Finished Spring Data repository scanning in 55 ms. Found 1 JPA repository interface.
2026-02-12 16:33:40 INFO  [main] o.s.b.t.a.j.TestDatabaseAutoConfiguration$EmbeddedDataSourceBeanFactoryPostProcessor - Replacing 'dataSource' DataSource bean with embedded version
2026-02-12 16:33:40 INFO  [main] o.s.j.d.e.EmbeddedDatabaseFactory - Starting embedded database: url='jdbc:h2:mem:d930f982-75f4-4ee1-8ffd-74dc4f935c43;DB_CLOSE_DELAY=-1;DB_CLOSE_ON_EXIT=false', username='sa'
2026-02-12 16:33:40 INFO  [main] o.h.jpa.internal.util.LogHelper - HHH000204: Processing PersistenceUnitInfo [name: default]
2026-02-12 16:33:40 INFO  [main] o.h.c.i.RegionFactoryInitiator - HHH000026: Second-level cache disabled
2026-02-12 16:33:40 INFO  [main] o.s.o.j.p.SpringPersistenceUnitInfo - No LoadTimeWeaver setup: ignoring JPA class transformer
2026-02-12 16:33:40 INFO  [main] o.hibernate.orm.connections.pooling - HHH10001005: Database info:
	Database JDBC URL [Connecting through datasource 'org.springframework.jdbc.datasource.embedded.EmbeddedDatabaseFactory$EmbeddedDataSourceProxy@7bd85e84']
	Database driver: undefined/unknown
	Database version: 2.3.232
	Autocommit mode: undefined/unknown
	Isolation level: undefined/unknown
	Minimum pool size: undefined/unknown
	Maximum pool size: undefined/unknown
2026-02-12 16:33:40 INFO  [main] o.h.e.t.j.p.i.JtaPlatformInitiator - HHH000489: No JTA platform available (set 'hibernate.transaction.jta.platform' to enable JTA platform integration)
2026-02-12 16:33:40 INFO  [main] o.s.o.j.LocalContainerEntityManagerFactoryBean - Initialized JPA EntityManagerFactory for persistence unit 'default'
2026-02-12 16:33:40 INFO  [main] c.M.O.OrderServiceApplication - Order Service Application started successfully
2026-02-12 16:33:40 INFO  [main] c.M.O.repository.OrderRepositoryTest - Started OrderRepositoryTest in 0.857 seconds (process running for 44.146)
2026-02-12 16:33:43 INFO  [main] c.M.O.service.OrderService - Delete order with id=1
2026-02-12 16:33:43 INFO  [main] c.M.O.service.OrderService - Order deleted successfully with orderId=1
2026-02-12 16:33:43 INFO  [main] c.M.O.service.OrderService - Delete order with id=1
2026-02-12 16:33:43 WARN  [main] c.M.O.service.OrderService - For deleting Order with id=1 not found
2026-02-12 16:33:43 WARN  [main] c.M.O.service.OrderService - Order with id=1 not found
2026-02-12 16:33:43 INFO  [main] c.M.O.service.OrderService - Fetched 2 Orders successfully
2026-02-12 16:33:43 INFO  [main] c.M.O.service.OrderService - Updating order with id=1
2026-02-12 16:33:43 WARN  [main] c.M.O.service.OrderService - Attempt to update cancelled order with status=Cancelled
2026-02-12 16:33:43 INFO  [main] c.M.O.service.OrderService - Updating order with id=1
2026-02-12 16:33:43 INFO  [main] c.M.O.service.OrderService - Order updated successfully with orderId= 1, new status= Created
2026-02-12 16:33:43 INFO  [main] c.M.O.service.OrderService - Updating order with id=1
2026-02-12 16:33:43 WARN  [main] c.M.O.service.OrderService -  For update Order with id=1 not found
2026-02-12 16:33:43 INFO  [main] c.M.O.service.OrderService - Updating order with id=1
2026-02-12 16:33:43 WARN  [main] c.M.O.service.OrderService - Trying to update the amount with zero 
2026-02-12 16:33:43 INFO  [main] c.M.O.service.OrderService - Create order request was received for user id=1, and amount=3000 
2026-02-12 16:33:43 INFO  [main] c.M.O.service.OrderService - Order Cerated successfully with userId=100, and amount=3000
2026-02-12 16:33:43 INFO  [SpringApplicationShutdownHook] o.s.o.j.LocalContainerEntityManagerFactoryBean - Closing JPA EntityManagerFactory for persistence unit 'default'
2026-02-12 16:33:44 INFO  [SpringApplicationShutdownHook] com.zaxxer.hikari.HikariDataSource - HikariPool-1 - Shutdown initiated...
2026-02-12 16:33:44 INFO  [SpringApplicationShutdownHook] com.zaxxer.hikari.HikariDataSource - HikariPool-1 - Shutdown completed.
2026-02-12 16:33:44 INFO  [SpringApplicationShutdownHook] o.s.o.j.LocalContainerEntityManagerFactoryBean - Closing JPA EntityManagerFactory for persistence unit 'default'
2026-02-12 16:33:44 INFO  [SpringApplicationShutdownHook] com.zaxxer.hikari.HikariDataSource - HikariPool-2 - Shutdown initiated...
2026-02-12 16:33:44 INFO  [SpringApplicationShutdownHook] com.zaxxer.hikari.HikariDataSource - HikariPool-2 - Shutdown completed.
2026-02-12 16:33:44 INFO  [SpringApplicationShutdownHook] o.s.o.j.LocalContainerEntityManagerFactoryBean - Closing JPA EntityManagerFactory for persistence unit 'default'
2026-02-12 16:36:24 INFO  [main] c.M.O.controller.OrderControllerTest - Starting OrderControllerTest using Java 23.0.2 with PID 20308 (started by firoz in D:\Microservice projects\Microservices-First-Project\order-service)
2026-02-12 16:36:24 INFO  [main] c.M.O.controller.OrderControllerTest - No active profile set, falling back to 1 default profile: "default"
2026-02-12 16:36:31 INFO  [main] c.M.O.OrderServiceApplication - Order Service Application started successfully
2026-02-12 16:36:33 INFO  [main] o.s.b.t.m.w.SpringBootMockServletContext - Initializing Spring TestDispatcherServlet ''
2026-02-12 16:36:33 INFO  [main] o.s.t.w.s.TestDispatcherServlet - Initializing Servlet ''
2026-02-12 16:36:33 INFO  [main] o.s.t.w.s.TestDispatcherServlet - Completed initialization in 3 ms
2026-02-12 16:36:33 INFO  [main] c.M.O.controller.OrderControllerTest - Started OrderControllerTest in 13.105 seconds (process running for 21.015)
2026-02-12 16:36:34 WARN  [main] c.M.O.e.GlobalExceptionHandler - Validation Error: [userId: User Id must not be null]
2026-02-12 16:36:35 INFO  [main] c.M.O.controller.OrderController - GET /All Orders fetched
2026-02-12 16:36:35 INFO  [main] c.M.O.controller.OrderController - GET /2 Orders successfully fetched
2026-02-12 16:36:35 INFO  [main] c.M.O.controller.OrderController - POST /order request received 
2026-02-12 16:36:35 INFO  [main] c.M.O.controller.OrderController - POST / Create order successfully with orderId=1 
2026-02-12 16:36:35 INFO  [main] c.M.O.controller.OrderController - DELETE /order request Delete with id 1
2026-02-12 16:36:35 INFO  [main] c.M.O.controller.OrderController - DELETE /Delete order successfully with id=Deleted successfully 
2026-02-12 16:36:35 INFO  [main] c.M.O.controller.OrderController - PUT /order request Updated with id 1
2026-02-12 16:36:35 INFO  [main] c.M.O.controller.OrderController - PUT /Update order successfully with id=1 
2026-02-12 16:36:35 INFO  [main] c.M.O.controller.OrderController - GET /order request fetch by id=1
2026-02-12 16:36:35 WARN  [main] c.M.O.e.GlobalExceptionHandler - Order Not Found Exception: Order with id=1 not found
2026-02-12 16:36:35 INFO  [main] c.M.O.controller.OrderController - GET /order request fetch by id=1
2026-02-12 16:36:35 INFO  [main] c.M.O.controller.OrderController - GET /Order successfully fetched with id=1 
2026-02-12 16:36:35 INFO  [main] c.M.O.controller.OrderController - PUT /order request Updated with id 1
2026-02-12 16:36:35 WARN  [main] c.M.O.e.GlobalExceptionHandler - Order Not Found Exception: Order with id=1 not found
2026-02-12 16:36:36 INFO  [main] o.s.t.c.s.AnnotationConfigContextLoaderUtils - Could not detect default configuration classes for test class [com.MFP.OrderService.integration.OrderIntegrationTest]: OrderIntegrationTest does not declare any static, non-private, non-final, nested classes annotated with @Configuration.
2026-02-12 16:36:36 INFO  [main] o.s.b.t.c.SpringBootTestContextBootstrapper - Found @SpringBootConfiguration com.MFP.OrderService.OrderServiceApplication for test class com.MFP.OrderService.integration.OrderIntegrationTest
2026-02-12 16:36:36 INFO  [main] o.s.b.d.r.RestartApplicationListener - Restart disabled due to context in which it is running
2026-02-12 16:36:36 INFO  [main] c.M.O.i.OrderIntegrationTest - Starting OrderIntegrationTest using Java 23.0.2 with PID 20308 (started by firoz in D:\Microservice projects\Microservices-First-Project\order-service)
2026-02-12 16:36:36 INFO  [main] c.M.O.i.OrderIntegrationTest - The following 1 profile is active: "test"
2026-02-12 16:36:38 INFO  [main] o.s.d.r.c.RepositoryConfigurationDelegate - Bootstrapping Spring Data JPA repositories in DEFAULT mode.
2026-02-12 16:36:38 INFO  [main] o.s.d.r.c.RepositoryConfigurationDelegate - Finished Spring Data repository scanning in 168 ms. Found 1 JPA repository interface.
2026-02-12 16:36:40 INFO  [main] o.h.jpa.internal.util.LogHelper - HHH000204: Processing PersistenceUnitInfo [name: default]
2026-02-12 16:36:40 INFO  [main] org.hibernate.Version - HHH000412: Hibernate ORM core version 6.6.41.Final
2026-02-12 16:36:41 INFO  [main] o.h.c.i.RegionFactoryInitiator - HHH000026: Second-level cache disabled
2026-02-12 16:36:42 INFO  [main] o.s.o.j.p.SpringPersistenceUnitInfo - No LoadTimeWeaver setup: ignoring JPA class transformer
2026-02-12 16:36:42 INFO  [main] com.zaxxer.hikari.HikariDataSource - HikariPool-1 - Starting...
2026-02-12 16:36:44 INFO  [main] com.zaxxer.hikari.pool.HikariPool - HikariPool-1 - Added connection conn0: url=jdbc:h2:mem:testdb user=SA
2026-02-12 16:36:44 INFO  [main] com.zaxxer.hikari.HikariDataSource - HikariPool-1 - Start completed.
2026-02-12 16:36:45 INFO  [main] o.hibernate.orm.connections.pooling - HHH10001005: Database info:
	Database JDBC URL [Connecting through datasource 'HikariDataSource (HikariPool-1)']
	Database driver: undefined/unknown
	Database version: 2.3.232
	Autocommit mode: undefined/unknown
	Isolation level: undefined/unknown
	Minimum pool size: undefined/unknown
	Maximum pool size: undefined/unknown
2026-02-12 16:36:49 INFO  [main] o.h.e.t.j.p.i.JtaPlatformInitiator - HHH000489: No JTA platform available (set 'hibernate.transaction.jta.platform' to enable JTA platform integration)
2026-02-12 16:36:49 INFO  [main] o.s.o.j.LocalContainerEntityManagerFactoryBean - Initialized JPA EntityManagerFactory for persistence unit 'default'
2026-02-12 16:36:49 INFO  [main] c.M.O.OrderServiceApplication - Order Service Application started successfully
2026-02-12 16:36:50 WARN  [main] o.s.b.a.o.j.JpaBaseConfiguration$JpaWebConfiguration - spring.jpa.open-in-view is enabled by default. Therefore, database queries may be performed during view rendering. Explicitly configure spring.jpa.open-in-view to disable this warning
2026-02-12 16:36:51 INFO  [main] o.s.b.a.h.H2ConsoleAutoConfiguration - H2 console available at '/h2-console'. Database available at 'jdbc:h2:mem:testdb'
2026-02-12 16:36:51 INFO  [main] o.s.b.t.m.w.SpringBootMockServletContext - Initializing Spring TestDispatcherServlet ''
2026-02-12 16:36:51 INFO  [main] o.s.t.w.s.TestDispatcherServlet - Initializing Servlet ''
2026-02-12 16:36:51 INFO  [main] o.s.t.w.s.TestDispatcherServlet - Completed initialization in 1 ms
2026-02-12 16:36:51 INFO  [main] c.M.O.i.OrderIntegrationTest - Started OrderIntegrationTest in 15.345 seconds (process running for 38.888)
2026-02-12 16:36:51 INFO  [main] c.M.O.controller.OrderController - GET /order request fetch by id=2
2026-02-12 16:36:52 WARN  [main] c.M.O.service.OrderService - Order with id=2 not found
2026-02-12 16:36:52 WARN  [main] c.M.O.e.GlobalExceptionHandler - Order Not Found Exception: Order with id=2 not found
2026-02-12 16:36:52 INFO  [main] c.M.O.controller.OrderController - POST /order request received 
2026-02-12 16:36:52 INFO  [main] c.M.O.service.OrderService - Create order request was received for user id=1, and amount=2522 
2026-02-12 16:36:52 INFO  [main] c.M.O.service.OrderService - Order Cerated successfully with userId=1, and amount=2522
2026-02-12 16:36:52 INFO  [main] c.M.O.controller.OrderController - POST / Create order successfully with orderId=1 
2026-02-12 16:36:52 INFO  [main] c.M.O.controller.OrderController - POST /order request received 
2026-02-12 16:36:52 INFO  [main] c.M.O.service.OrderService - Create order request was received for user id=2, and amount=2586 
2026-02-12 16:36:52 INFO  [main] c.M.O.service.OrderService - Order Cerated successfully with userId=2, and amount=2586
2026-02-12 16:36:52 INFO  [main] c.M.O.controller.OrderController - POST / Create order successfully with orderId=2 
2026-02-12 16:36:52 INFO  [main] c.M.O.controller.OrderController - GET /order request fetch by id=2
2026-02-12 16:36:52 INFO  [main] c.M.O.controller.OrderController - GET /Order successfully fetched with id=2 
2026-02-12 16:36:52 WARN  [main] c.M.O.e.GlobalExceptionHandler - Validation Error: [amount: Amount must Not be null]
2026-02-12 16:36:52 INFO  [main] o.s.t.c.s.AnnotationConfigContextLoaderUtils - Could not detect default configuration classes for test class [com.MFP.OrderService.OrderServiceApplicationTests]: OrderServiceApplicationTests does not declare any static, non-private, non-final, nested classes annotated with @Configuration.
2026-02-12 16:36:52 INFO  [main] o.s.b.t.c.SpringBootTestContextBootstrapper - Found @SpringBootConfiguration com.MFP.OrderService.OrderServiceApplication for test class com.MFP.OrderService.OrderServiceApplicationTests
2026-02-12 16:36:53 INFO  [main] o.s.b.d.r.RestartApplicationListener - Restart disabled due to context in which it is running
2026-02-12 16:36:53 INFO  [main] c.M.O.OrderServiceApplicationTests - Starting OrderServiceApplicationTests using Java 23.0.2 with PID 20308 (started by firoz in D:\Microservice projects\Microservices-First-Project\order-service)
2026-02-12 16:36:53 INFO  [main] c.M.O.OrderServiceApplicationTests - No active profile set, falling back to 1 default profile: "default"
2026-02-12 16:36:53 INFO  [main] o.s.d.r.c.RepositoryConfigurationDelegate - Bootstrapping Spring Data JPA repositories in DEFAULT mode.
2026-02-12 16:36:53 INFO  [main] o.s.d.r.c.RepositoryConfigurationDelegate - Finished Spring Data repository scanning in 31 ms. Found 1 JPA repository interface.
2026-02-12 16:36:54 INFO  [main] o.h.jpa.internal.util.LogHelper - HHH000204: Processing PersistenceUnitInfo [name: default]
2026-02-12 16:36:54 INFO  [main] o.h.c.i.RegionFactoryInitiator - HHH000026: Second-level cache disabled
2026-02-12 16:36:54 INFO  [main] o.s.o.j.p.SpringPersistenceUnitInfo - No LoadTimeWeaver setup: ignoring JPA class transformer
2026-02-12 16:36:54 INFO  [main] com.zaxxer.hikari.HikariDataSource - HikariPool-2 - Starting...
2026-02-12 16:36:56 INFO  [main] com.zaxxer.hikari.pool.HikariPool - HikariPool-2 - Added connection com.mysql.cj.jdbc.ConnectionImpl@3222940e
2026-02-12 16:36:56 INFO  [main] com.zaxxer.hikari.HikariDataSource - HikariPool-2 - Start completed.
2026-02-12 16:36:56 INFO  [main] o.hibernate.orm.connections.pooling - HHH10001005: Database info:
	Database JDBC URL [Connecting through datasource 'HikariDataSource (HikariPool-2)']
	Database driver: undefined/unknown
	Database version: 8.0.44
	Autocommit mode: undefined/unknown
	Isolation level: undefined/unknown
	Minimum pool size: undefined/unknown
	Maximum pool size: undefined/unknown
2026-02-12 16:36:56 INFO  [main] o.h.e.t.j.p.i.JtaPlatformInitiator - HHH000489: No JTA platform available (set 'hibernate.transaction.jta.platform' to enable JTA platform integration)
2026-02-12 16:36:56 INFO  [main] o.s.o.j.LocalContainerEntityManagerFactoryBean - Initialized JPA EntityManagerFactory for persistence unit 'default'
2026-02-12 16:36:56 INFO  [main] c.M.O.OrderServiceApplication - Order Service Application started successfully
2026-02-12 16:36:57 WARN  [main] o.s.b.a.o.j.JpaBaseConfiguration$JpaWebConfiguration - spring.jpa.open-in-view is enabled by default. Therefore, database queries may be performed during view rendering. Explicitly configure spring.jpa.open-in-view to disable this warning
2026-02-12 16:36:57 INFO  [main] c.M.O.OrderServiceApplicationTests - Started OrderServiceApplicationTests in 4.312 seconds (process running for 44.708)
2026-02-12 16:36:57 INFO  [main] o.s.t.c.s.AnnotationConfigContextLoaderUtils - Could not detect default configuration classes for test class [com.MFP.OrderService.repository.OrderRepositoryTest]: OrderRepositoryTest does not declare any static, non-private, non-final, nested classes annotated with @Configuration.
2026-02-12 16:36:57 INFO  [main] o.s.b.t.c.SpringBootTestContextBootstrapper - Found @SpringBootConfiguration com.MFP.OrderService.OrderServiceApplication for test class com.MFP.OrderService.repository.OrderRepositoryTest
2026-02-12 16:36:57 INFO  [main] o.s.b.d.r.RestartApplicationListener - Restart disabled due to context in which it is running
2026-02-12 16:36:57 INFO  [main] c.M.O.repository.OrderRepositoryTest - Starting OrderRepositoryTest using Java 23.0.2 with PID 20308 (started by firoz in D:\Microservice projects\Microservices-First-Project\order-service)
2026-02-12 16:36:57 INFO  [main] c.M.O.repository.OrderRepositoryTest - The following 1 profile is active: "test"
2026-02-12 16:36:58 INFO  [main] o.s.d.r.c.RepositoryConfigurationDelegate - Bootstrapping Spring Data JPA repositories in DEFAULT mode.
2026-02-12 16:36:58 INFO  [main] o.s.d.r.c.RepositoryConfigurationDelegate - Finished Spring Data repository scanning in 51 ms. Found 1 JPA repository interface.
2026-02-12 16:36:58 INFO  [main] o.s.b.t.a.j.TestDatabaseAutoConfiguration$EmbeddedDataSourceBeanFactoryPostProcessor - Replacing 'dataSource' DataSource bean with embedded version
2026-02-12 16:36:58 INFO  [main] o.s.j.d.e.EmbeddedDatabaseFactory - Starting embedded database: url='jdbc:h2:mem:029850cc-ded6-4962-912d-d543de0dd0f4;DB_CLOSE_DELAY=-1;DB_CLOSE_ON_EXIT=false', username='sa'
2026-02-12 16:36:58 INFO  [main] o.h.jpa.internal.util.LogHelper - HHH000204: Processing PersistenceUnitInfo [name: default]
2026-02-12 16:36:58 INFO  [main] o.h.c.i.RegionFactoryInitiator - HHH000026: Second-level cache disabled
2026-02-12 16:36:58 INFO  [main] o.s.o.j.p.SpringPersistenceUnitInfo - No LoadTimeWeaver setup: ignoring JPA class transformer
2026-02-12 16:36:58 INFO  [main] o.hibernate.orm.connections.pooling - HHH10001005: Database info:
	Database JDBC URL [Connecting through datasource 'org.springframework.jdbc.datasource.embedded.EmbeddedDatabaseFactory$EmbeddedDataSourceProxy@6381ff2']
	Database driver: undefined/unknown
	Database version: 2.3.232
	Autocommit mode: undefined/unknown
	Isolation level: undefined/unknown
	Minimum pool size: undefined/unknown
	Maximum pool size: undefined/unknown
2026-02-12 16:36:58 INFO  [main] o.h.e.t.j.p.i.JtaPlatformInitiator - HHH000489: No JTA platform available (set 'hibernate.transaction.jta.platform' to enable JTA platform integration)
2026-02-12 16:36:58 INFO  [main] o.s.o.j.LocalContainerEntityManagerFactoryBean - Initialized JPA EntityManagerFactory for persistence unit 'default'
2026-02-12 16:36:58 INFO  [main] c.M.O.OrderServiceApplication - Order Service Application started successfully
2026-02-12 16:36:58 INFO  [main] c.M.O.repository.OrderRepositoryTest - Started OrderRepositoryTest in 0.961 seconds (process running for 45.872)
2026-02-12 16:37:01 INFO  [main] c.M.O.service.OrderService - Delete order with id=1
2026-02-12 16:37:01 INFO  [main] c.M.O.service.OrderService - Order deleted successfully with orderId=1
2026-02-12 16:37:01 INFO  [main] c.M.O.service.OrderService - Delete order with id=1
2026-02-12 16:37:01 WARN  [main] c.M.O.service.OrderService - For deleting Order with id=1 not found
2026-02-12 16:37:01 WARN  [main] c.M.O.service.OrderService - Order with id=1 not found
2026-02-12 16:37:01 INFO  [main] c.M.O.service.OrderService - Fetched 2 Orders successfully
2026-02-12 16:37:01 INFO  [main] c.M.O.service.OrderService - Updating order with id=1
2026-02-12 16:37:01 WARN  [main] c.M.O.service.OrderService - Attempt to update cancelled order with status=Cancelled
2026-02-12 16:37:01 INFO  [main] c.M.O.service.OrderService - Updating order with id=1
2026-02-12 16:37:01 INFO  [main] c.M.O.service.OrderService - Order updated successfully with orderId= 1, new status= Created
2026-02-12 16:37:01 INFO  [main] c.M.O.service.OrderService - Updating order with id=1
2026-02-12 16:37:01 WARN  [main] c.M.O.service.OrderService -  For update Order with id=1 not found
2026-02-12 16:37:01 INFO  [main] c.M.O.service.OrderService - Updating order with id=1
2026-02-12 16:37:01 WARN  [main] c.M.O.service.OrderService - Trying to update the amount with zero 
2026-02-12 16:37:01 INFO  [main] c.M.O.service.OrderService - Create order request was received for user id=1, and amount=3000 
2026-02-12 16:37:01 INFO  [main] c.M.O.service.OrderService - Order Cerated successfully with userId=100, and amount=3000
2026-02-12 16:37:01 INFO  [SpringApplicationShutdownHook] o.s.o.j.LocalContainerEntityManagerFactoryBean - Closing JPA EntityManagerFactory for persistence unit 'default'
2026-02-12 16:37:02 INFO  [SpringApplicationShutdownHook] com.zaxxer.hikari.HikariDataSource - HikariPool-1 - Shutdown initiated...
2026-02-12 16:37:02 INFO  [SpringApplicationShutdownHook] com.zaxxer.hikari.HikariDataSource - HikariPool-1 - Shutdown completed.
2026-02-12 16:37:02 INFO  [SpringApplicationShutdownHook] o.s.o.j.LocalContainerEntityManagerFactoryBean - Closing JPA EntityManagerFactory for persistence unit 'default'
2026-02-12 16:37:02 INFO  [SpringApplicationShutdownHook] com.zaxxer.hikari.HikariDataSource - HikariPool-2 - Shutdown initiated...
2026-02-12 16:37:02 INFO  [SpringApplicationShutdownHook] com.zaxxer.hikari.HikariDataSource - HikariPool-2 - Shutdown completed.
2026-02-12 16:37:02 INFO  [SpringApplicationShutdownHook] o.s.o.j.LocalContainerEntityManagerFactoryBean - Closing JPA EntityManagerFactory for persistence unit 'default'
2026-02-12 16:40:48 INFO  [main] c.M.O.controller.OrderControllerTest - Starting OrderControllerTest using Java 23.0.2 with PID 2328 (started by firoz in D:\Microservice projects\Microservices-First-Project\order-service)
2026-02-12 16:40:48 INFO  [main] c.M.O.controller.OrderControllerTest - No active profile set, falling back to 1 default profile: "default"
2026-02-12 16:40:56 INFO  [main] c.M.O.OrderServiceApplication - Order Service Application started successfully
2026-02-12 16:40:58 INFO  [main] o.s.b.t.m.w.SpringBootMockServletContext - Initializing Spring TestDispatcherServlet ''
2026-02-12 16:40:58 INFO  [main] o.s.t.w.s.TestDispatcherServlet - Initializing Servlet ''
2026-02-12 16:40:58 INFO  [main] o.s.t.w.s.TestDispatcherServlet - Completed initialization in 4 ms
2026-02-12 16:40:58 INFO  [main] c.M.O.controller.OrderControllerTest - Started OrderControllerTest in 13.105 seconds (process running for 19.876)
2026-02-12 16:40:59 WARN  [main] c.M.O.e.GlobalExceptionHandler - Validation Error: [userId: User Id must not be null]
2026-02-12 16:41:00 INFO  [main] c.M.O.controller.OrderController - GET /All Orders fetched
2026-02-12 16:41:00 INFO  [main] c.M.O.controller.OrderController - GET /2 Orders successfully fetched
2026-02-12 16:41:00 INFO  [main] c.M.O.controller.OrderController - POST /order request received 
2026-02-12 16:41:00 INFO  [main] c.M.O.controller.OrderController - POST / Create order successfully with orderId=1 
2026-02-12 16:41:00 INFO  [main] c.M.O.controller.OrderController - DELETE /order request Delete with id 1
2026-02-12 16:41:00 INFO  [main] c.M.O.controller.OrderController - DELETE /Delete order successfully with id=Deleted successfully 
2026-02-12 16:41:00 INFO  [main] c.M.O.controller.OrderController - PUT /order request Updated with id 1
2026-02-12 16:41:00 INFO  [main] c.M.O.controller.OrderController - PUT /Update order successfully with id=1 
2026-02-12 16:41:00 INFO  [main] c.M.O.controller.OrderController - GET /order request fetch by id=1
2026-02-12 16:41:00 WARN  [main] c.M.O.e.GlobalExceptionHandler - Order Not Found Exception: Order with id=1 not found
2026-02-12 16:41:00 INFO  [main] c.M.O.controller.OrderController - GET /order request fetch by id=1
2026-02-12 16:41:00 INFO  [main] c.M.O.controller.OrderController - GET /Order successfully fetched with id=1 
2026-02-12 16:41:00 INFO  [main] c.M.O.controller.OrderController - PUT /order request Updated with id 1
2026-02-12 16:41:00 WARN  [main] c.M.O.e.GlobalExceptionHandler - Order Not Found Exception: Order with id=1 not found
2026-02-12 16:41:01 INFO  [main] o.s.t.c.s.AnnotationConfigContextLoaderUtils - Could not detect default configuration classes for test class [com.MFP.OrderService.integration.OrderIntegrationTest]: OrderIntegrationTest does not declare any static, non-private, non-final, nested classes annotated with @Configuration.
2026-02-12 16:41:01 INFO  [main] o.s.b.t.c.SpringBootTestContextBootstrapper - Found @SpringBootConfiguration com.MFP.OrderService.OrderServiceApplication for test class com.MFP.OrderService.integration.OrderIntegrationTest
2026-02-12 16:41:01 INFO  [main] o.s.b.d.r.RestartApplicationListener - Restart disabled due to context in which it is running
2026-02-12 16:41:01 INFO  [main] c.M.O.i.OrderIntegrationTest - Starting OrderIntegrationTest using Java 23.0.2 with PID 2328 (started by firoz in D:\Microservice projects\Microservices-First-Project\order-service)
2026-02-12 16:41:01 INFO  [main] c.M.O.i.OrderIntegrationTest - The following 1 profile is active: "test"
2026-02-12 16:41:03 INFO  [main] o.s.d.r.c.RepositoryConfigurationDelegate - Bootstrapping Spring Data JPA repositories in DEFAULT mode.
2026-02-12 16:41:03 INFO  [main] o.s.d.r.c.RepositoryConfigurationDelegate - Finished Spring Data repository scanning in 311 ms. Found 1 JPA repository interface.
2026-02-12 16:41:05 INFO  [main] o.h.jpa.internal.util.LogHelper - HHH000204: Processing PersistenceUnitInfo [name: default]
2026-02-12 16:41:06 INFO  [main] org.hibernate.Version - HHH000412: Hibernate ORM core version 6.6.41.Final
2026-02-12 16:41:06 INFO  [main] o.h.c.i.RegionFactoryInitiator - HHH000026: Second-level cache disabled
2026-02-12 16:41:07 INFO  [main] o.s.o.j.p.SpringPersistenceUnitInfo - No LoadTimeWeaver setup: ignoring JPA class transformer
2026-02-12 16:41:07 INFO  [main] com.zaxxer.hikari.HikariDataSource - HikariPool-1 - Starting...
2026-02-12 16:41:10 INFO  [main] com.zaxxer.hikari.pool.HikariPool - HikariPool-1 - Added connection conn0: url=jdbc:h2:mem:testdb user=SA
2026-02-12 16:41:10 INFO  [main] com.zaxxer.hikari.HikariDataSource - HikariPool-1 - Start completed.
2026-02-12 16:41:11 INFO  [main] o.hibernate.orm.connections.pooling - HHH10001005: Database info:
	Database JDBC URL [Connecting through datasource 'HikariDataSource (HikariPool-1)']
	Database driver: undefined/unknown
	Database version: 2.3.232
	Autocommit mode: undefined/unknown
	Isolation level: undefined/unknown
	Minimum pool size: undefined/unknown
	Maximum pool size: undefined/unknown
2026-02-12 16:41:14 INFO  [main] o.h.e.t.j.p.i.JtaPlatformInitiator - HHH000489: No JTA platform available (set 'hibernate.transaction.jta.platform' to enable JTA platform integration)
2026-02-12 16:41:14 INFO  [main] o.s.o.j.LocalContainerEntityManagerFactoryBean - Initialized JPA EntityManagerFactory for persistence unit 'default'
2026-02-12 16:41:14 INFO  [main] c.M.O.OrderServiceApplication - Order Service Application started successfully
2026-02-12 16:41:16 WARN  [main] o.s.b.a.o.j.JpaBaseConfiguration$JpaWebConfiguration - spring.jpa.open-in-view is enabled by default. Therefore, database queries may be performed during view rendering. Explicitly configure spring.jpa.open-in-view to disable this warning
2026-02-12 16:41:16 INFO  [main] o.s.b.a.h.H2ConsoleAutoConfiguration - H2 console available at '/h2-console'. Database available at 'jdbc:h2:mem:testdb'
2026-02-12 16:41:16 INFO  [main] o.s.b.t.m.w.SpringBootMockServletContext - Initializing Spring TestDispatcherServlet ''
2026-02-12 16:41:16 INFO  [main] o.s.t.w.s.TestDispatcherServlet - Initializing Servlet ''
2026-02-12 16:41:16 INFO  [main] o.s.t.w.s.TestDispatcherServlet - Completed initialization in 1 ms
2026-02-12 16:41:16 INFO  [main] c.M.O.i.OrderIntegrationTest - Started OrderIntegrationTest in 15.731 seconds (process running for 38.22)
2026-02-12 16:41:17 INFO  [main] c.M.O.controller.OrderController - GET /order request fetch by id=2
2026-02-12 16:41:17 WARN  [main] c.M.O.service.OrderService - Order with id=2 not found
2026-02-12 16:41:17 WARN  [main] c.M.O.e.GlobalExceptionHandler - Order Not Found Exception: Order with id=2 not found
2026-02-12 16:41:17 INFO  [main] c.M.O.controller.OrderController - POST /order request received 
2026-02-12 16:41:17 INFO  [main] c.M.O.service.OrderService - Create order request was received for user id=1, and amount=2522 
2026-02-12 16:41:17 INFO  [main] c.M.O.service.OrderService - Order Cerated successfully with userId=1, and amount=2522
2026-02-12 16:41:17 INFO  [main] c.M.O.controller.OrderController - POST / Create order successfully with orderId=1 
2026-02-12 16:41:18 INFO  [main] c.M.O.controller.OrderController - POST /order request received 
2026-02-12 16:41:18 INFO  [main] c.M.O.service.OrderService - Create order request was received for user id=2, and amount=2586 
2026-02-12 16:41:18 INFO  [main] c.M.O.service.OrderService - Order Cerated successfully with userId=2, and amount=2586
2026-02-12 16:41:18 INFO  [main] c.M.O.controller.OrderController - POST / Create order successfully with orderId=2 
2026-02-12 16:41:18 INFO  [main] c.M.O.controller.OrderController - GET /order request fetch by id=2
2026-02-12 16:41:18 INFO  [main] c.M.O.controller.OrderController - GET /Order successfully fetched with id=2 
2026-02-12 16:41:18 WARN  [main] c.M.O.e.GlobalExceptionHandler - Validation Error: [amount: Amount must Not be null]
2026-02-12 16:41:18 INFO  [main] o.s.t.c.s.AnnotationConfigContextLoaderUtils - Could not detect default configuration classes for test class [com.MFP.OrderService.OrderServiceApplicationTests]: OrderServiceApplicationTests does not declare any static, non-private, non-final, nested classes annotated with @Configuration.
2026-02-12 16:41:18 INFO  [main] o.s.b.t.c.SpringBootTestContextBootstrapper - Found @SpringBootConfiguration com.MFP.OrderService.OrderServiceApplication for test class com.MFP.OrderService.OrderServiceApplicationTests
2026-02-12 16:41:18 INFO  [main] o.s.b.d.r.RestartApplicationListener - Restart disabled due to context in which it is running
2026-02-12 16:41:18 INFO  [main] c.M.O.OrderServiceApplicationTests - Starting OrderServiceApplicationTests using Java 23.0.2 with PID 2328 (started by firoz in D:\Microservice projects\Microservices-First-Project\order-service)
2026-02-12 16:41:18 INFO  [main] c.M.O.OrderServiceApplicationTests - No active profile set, falling back to 1 default profile: "default"
2026-02-12 16:41:18 INFO  [main] o.s.d.r.c.RepositoryConfigurationDelegate - Bootstrapping Spring Data JPA repositories in DEFAULT mode.
2026-02-12 16:41:18 INFO  [main] o.s.d.r.c.RepositoryConfigurationDelegate - Finished Spring Data repository scanning in 31 ms. Found 1 JPA repository interface.
2026-02-12 16:41:19 INFO  [main] o.h.jpa.internal.util.LogHelper - HHH000204: Processing PersistenceUnitInfo [name: default]
2026-02-12 16:41:19 INFO  [main] o.h.c.i.RegionFactoryInitiator - HHH000026: Second-level cache disabled
2026-02-12 16:41:19 INFO  [main] o.s.o.j.p.SpringPersistenceUnitInfo - No LoadTimeWeaver setup: ignoring JPA class transformer
2026-02-12 16:41:19 INFO  [main] com.zaxxer.hikari.HikariDataSource - HikariPool-2 - Starting...
2026-02-12 16:41:20 INFO  [main] com.zaxxer.hikari.pool.HikariPool - HikariPool-2 - Added connection com.mysql.cj.jdbc.ConnectionImpl@15e7f7d8
2026-02-12 16:41:20 INFO  [main] com.zaxxer.hikari.HikariDataSource - HikariPool-2 - Start completed.
2026-02-12 16:41:21 INFO  [main] o.hibernate.orm.connections.pooling - HHH10001005: Database info:
	Database JDBC URL [Connecting through datasource 'HikariDataSource (HikariPool-2)']
	Database driver: undefined/unknown
	Database version: 8.0.44
	Autocommit mode: undefined/unknown
	Isolation level: undefined/unknown
	Minimum pool size: undefined/unknown
	Maximum pool size: undefined/unknown
2026-02-12 16:41:21 INFO  [main] o.h.e.t.j.p.i.JtaPlatformInitiator - HHH000489: No JTA platform available (set 'hibernate.transaction.jta.platform' to enable JTA platform integration)
2026-02-12 16:41:21 INFO  [main] o.s.o.j.LocalContainerEntityManagerFactoryBean - Initialized JPA EntityManagerFactory for persistence unit 'default'
2026-02-12 16:41:21 INFO  [main] c.M.O.OrderServiceApplication - Order Service Application started successfully
2026-02-12 16:41:22 WARN  [main] o.s.b.a.o.j.JpaBaseConfiguration$JpaWebConfiguration - spring.jpa.open-in-view is enabled by default. Therefore, database queries may be performed during view rendering. Explicitly configure spring.jpa.open-in-view to disable this warning
2026-02-12 16:41:22 INFO  [main] c.M.O.OrderServiceApplicationTests - Started OrderServiceApplicationTests in 4.237 seconds (process running for 43.667)
2026-02-12 16:41:22 INFO  [main] o.s.t.c.s.AnnotationConfigContextLoaderUtils - Could not detect default configuration classes for test class [com.MFP.OrderService.repository.OrderRepositoryTest]: OrderRepositoryTest does not declare any static, non-private, non-final, nested classes annotated with @Configuration.
2026-02-12 16:41:22 INFO  [main] o.s.b.t.c.SpringBootTestContextBootstrapper - Found @SpringBootConfiguration com.MFP.OrderService.OrderServiceApplication for test class com.MFP.OrderService.repository.OrderRepositoryTest
2026-02-12 16:41:22 INFO  [main] o.s.b.d.r.RestartApplicationListener - Restart disabled due to context in which it is running
2026-02-12 16:41:22 INFO  [main] c.M.O.repository.OrderRepositoryTest - Starting OrderRepositoryTest using Java 23.0.2 with PID 2328 (started by firoz in D:\Microservice projects\Microservices-First-Project\order-service)
2026-02-12 16:41:22 INFO  [main] c.M.O.repository.OrderRepositoryTest - The following 1 profile is active: "test"
2026-02-12 16:41:22 INFO  [main] o.s.d.r.c.RepositoryConfigurationDelegate - Bootstrapping Spring Data JPA repositories in DEFAULT mode.
2026-02-12 16:41:23 INFO  [main] o.s.d.r.c.RepositoryConfigurationDelegate - Finished Spring Data repository scanning in 32 ms. Found 1 JPA repository interface.
2026-02-12 16:41:23 INFO  [main] o.s.b.t.a.j.TestDatabaseAutoConfiguration$EmbeddedDataSourceBeanFactoryPostProcessor - Replacing 'dataSource' DataSource bean with embedded version
2026-02-12 16:41:23 INFO  [main] o.s.j.d.e.EmbeddedDatabaseFactory - Starting embedded database: url='jdbc:h2:mem:0b5ae91e-46ff-4b2c-9b94-351942755ab7;DB_CLOSE_DELAY=-1;DB_CLOSE_ON_EXIT=false', username='sa'
2026-02-12 16:41:23 INFO  [main] o.h.jpa.internal.util.LogHelper - HHH000204: Processing PersistenceUnitInfo [name: default]
2026-02-12 16:41:23 INFO  [main] o.h.c.i.RegionFactoryInitiator - HHH000026: Second-level cache disabled
2026-02-12 16:41:23 INFO  [main] o.s.o.j.p.SpringPersistenceUnitInfo - No LoadTimeWeaver setup: ignoring JPA class transformer
2026-02-12 16:41:23 INFO  [main] o.hibernate.orm.connections.pooling - HHH10001005: Database info:
	Database JDBC URL [Connecting through datasource 'org.springframework.jdbc.datasource.embedded.EmbeddedDatabaseFactory$EmbeddedDataSourceProxy@4b1b853a']
	Database driver: undefined/unknown
	Database version: 2.3.232
	Autocommit mode: undefined/unknown
	Isolation level: undefined/unknown
	Minimum pool size: undefined/unknown
	Maximum pool size: undefined/unknown
2026-02-12 16:41:23 INFO  [main] o.h.e.t.j.p.i.JtaPlatformInitiator - HHH000489: No JTA platform available (set 'hibernate.transaction.jta.platform' to enable JTA platform integration)
2026-02-12 16:41:23 INFO  [main] o.s.o.j.LocalContainerEntityManagerFactoryBean - Initialized JPA EntityManagerFactory for persistence unit 'default'
2026-02-12 16:41:23 INFO  [main] c.M.O.OrderServiceApplication - Order Service Application started successfully
2026-02-12 16:41:23 INFO  [main] c.M.O.repository.OrderRepositoryTest - Started OrderRepositoryTest in 0.909 seconds (process running for 44.714)
2026-02-12 16:41:26 INFO  [main] c.M.O.service.OrderService - Delete order with id=1
2026-02-12 16:41:26 INFO  [main] c.M.O.service.OrderService - Order deleted successfully with orderId=1
2026-02-12 16:41:26 INFO  [main] c.M.O.service.OrderService - Delete order with id=1
2026-02-12 16:41:26 WARN  [main] c.M.O.service.OrderService - For deleting Order with id=1 not found
2026-02-12 16:41:26 WARN  [main] c.M.O.service.OrderService - Order with id=1 not found
2026-02-12 16:41:26 INFO  [main] c.M.O.service.OrderService - Fetched 2 Orders successfully
2026-02-12 16:41:26 INFO  [main] c.M.O.service.OrderService - Updating order with id=1
2026-02-12 16:41:26 WARN  [main] c.M.O.service.OrderService - Attempt to update cancelled order with status=Cancelled
2026-02-12 16:41:26 INFO  [main] c.M.O.service.OrderService - Updating order with id=1
2026-02-12 16:41:26 INFO  [main] c.M.O.service.OrderService - Order updated successfully with orderId= 1, new status= Created
2026-02-12 16:41:26 INFO  [main] c.M.O.service.OrderService - Updating order with id=1
2026-02-12 16:41:26 WARN  [main] c.M.O.service.OrderService -  For update Order with id=1 not found
2026-02-12 16:41:26 INFO  [main] c.M.O.service.OrderService - Updating order with id=1
2026-02-12 16:41:26 WARN  [main] c.M.O.service.OrderService - Trying to update the amount with zero 
2026-02-12 16:41:26 INFO  [main] c.M.O.service.OrderService - Create order request was received for user id=1, and amount=3000 
2026-02-12 16:41:26 INFO  [main] c.M.O.service.OrderService - Order Cerated successfully with userId=100, and amount=3000
2026-02-12 16:41:26 INFO  [SpringApplicationShutdownHook] o.s.o.j.LocalContainerEntityManagerFactoryBean - Closing JPA EntityManagerFactory for persistence unit 'default'
2026-02-12 16:41:27 INFO  [SpringApplicationShutdownHook] com.zaxxer.hikari.HikariDataSource - HikariPool-1 - Shutdown initiated...
2026-02-12 16:41:27 INFO  [SpringApplicationShutdownHook] com.zaxxer.hikari.HikariDataSource - HikariPool-1 - Shutdown completed.
2026-02-12 16:41:27 INFO  [SpringApplicationShutdownHook] o.s.o.j.LocalContainerEntityManagerFactoryBean - Closing JPA EntityManagerFactory for persistence unit 'default'
2026-02-12 16:41:27 INFO  [SpringApplicationShutdownHook] com.zaxxer.hikari.HikariDataSource - HikariPool-2 - Shutdown initiated...
2026-02-12 16:41:27 INFO  [SpringApplicationShutdownHook] com.zaxxer.hikari.HikariDataSource - HikariPool-2 - Shutdown completed.
2026-02-12 16:41:27 INFO  [SpringApplicationShutdownHook] o.s.o.j.LocalContainerEntityManagerFactoryBean - Closing JPA EntityManagerFactory for persistence unit 'default'
2026-02-12 21:11:49 INFO  [main] c.M.O.controller.OrderControllerTest - Starting OrderControllerTest using Java 23.0.2 with PID 17044 (started by firoz in D:\Microservice projects\Microservices-First-Project\order-service)
2026-02-12 21:11:49 INFO  [main] c.M.O.controller.OrderControllerTest - No active profile set, falling back to 1 default profile: "default"
2026-02-12 21:12:01 INFO  [main] c.M.O.OrderServiceApplication - Order Service Application started successfully
2026-02-12 21:12:05 INFO  [main] o.s.b.t.m.w.SpringBootMockServletContext - Initializing Spring TestDispatcherServlet ''
2026-02-12 21:12:05 INFO  [main] o.s.t.w.s.TestDispatcherServlet - Initializing Servlet ''
2026-02-12 21:12:05 INFO  [main] o.s.t.w.s.TestDispatcherServlet - Completed initialization in 5 ms
2026-02-12 21:12:05 INFO  [main] c.M.O.controller.OrderControllerTest - Started OrderControllerTest in 20.935 seconds (process running for 32.583)
2026-02-12 21:12:08 WARN  [main] c.M.O.e.GlobalExceptionHandler - Validation Error: [userId: User Id must not be null]
2026-02-12 21:12:11 INFO  [main] c.M.O.controller.OrderController - GET /All Orders fetched
2026-02-12 21:12:11 INFO  [main] c.M.O.controller.OrderController - GET /2 Orders successfully fetched
2026-02-12 21:12:13 INFO  [main] c.M.O.controller.OrderController - POST /order request received 
2026-02-12 21:12:13 INFO  [main] c.M.O.controller.OrderController - POST / Create order successfully with orderId=1 
2026-02-12 21:12:13 INFO  [main] c.M.O.controller.OrderController - DELETE /order request Delete with id 1
2026-02-12 21:12:13 INFO  [main] c.M.O.controller.OrderController - DELETE /Delete order successfully with id=Deleted successfully 
2026-02-12 21:12:13 INFO  [main] c.M.O.controller.OrderController - PUT /order request Updated with id 1
2026-02-12 21:12:13 INFO  [main] c.M.O.controller.OrderController - PUT /Update order successfully with id=1 
2026-02-12 21:12:13 INFO  [main] c.M.O.controller.OrderController - GET /order request fetch by id=1
2026-02-12 21:12:13 WARN  [main] c.M.O.e.GlobalExceptionHandler - Order Not Found Exception: Order with id=1 not found
2026-02-12 21:12:13 INFO  [main] c.M.O.controller.OrderController - GET /order request fetch by id=1
2026-02-12 21:12:13 INFO  [main] c.M.O.controller.OrderController - GET /Order successfully fetched with id=1 
2026-02-12 21:12:13 INFO  [main] c.M.O.controller.OrderController - PUT /order request Updated with id 1
2026-02-12 21:12:13 WARN  [main] c.M.O.e.GlobalExceptionHandler - Order Not Found Exception: Order with id=1 not found
2026-02-12 21:12:14 INFO  [main] o.s.t.c.s.AnnotationConfigContextLoaderUtils - Could not detect default configuration classes for test class [com.MFP.OrderService.integration.OrderIntegrationTest]: OrderIntegrationTest does not declare any static, non-private, non-final, nested classes annotated with @Configuration.
2026-02-12 21:12:14 INFO  [main] o.s.b.t.c.SpringBootTestContextBootstrapper - Found @SpringBootConfiguration com.MFP.OrderService.OrderServiceApplication for test class com.MFP.OrderService.integration.OrderIntegrationTest
2026-02-12 21:12:14 INFO  [main] o.s.b.d.r.RestartApplicationListener - Restart disabled due to context in which it is running
2026-02-12 21:12:14 INFO  [main] c.M.O.i.OrderIntegrationTest - Starting OrderIntegrationTest using Java 23.0.2 with PID 17044 (started by firoz in D:\Microservice projects\Microservices-First-Project\order-service)
2026-02-12 21:12:14 INFO  [main] c.M.O.i.OrderIntegrationTest - The following 1 profile is active: "test"
2026-02-12 21:12:19 INFO  [main] o.s.d.r.c.RepositoryConfigurationDelegate - Bootstrapping Spring Data JPA repositories in DEFAULT mode.
2026-02-12 21:12:19 INFO  [main] o.s.d.r.c.RepositoryConfigurationDelegate - Finished Spring Data repository scanning in 159 ms. Found 1 JPA repository interface.
2026-02-12 21:12:22 INFO  [main] o.h.jpa.internal.util.LogHelper - HHH000204: Processing PersistenceUnitInfo [name: default]
2026-02-12 21:12:25 INFO  [main] org.hibernate.Version - HHH000412: Hibernate ORM core version 6.6.41.Final
2026-02-12 21:12:26 INFO  [main] o.h.c.i.RegionFactoryInitiator - HHH000026: Second-level cache disabled
2026-02-12 21:12:28 INFO  [main] o.s.o.j.p.SpringPersistenceUnitInfo - No LoadTimeWeaver setup: ignoring JPA class transformer
2026-02-12 21:12:32 INFO  [main] com.zaxxer.hikari.HikariDataSource - HikariPool-1 - Starting...
2026-02-12 21:12:52 INFO  [main] com.zaxxer.hikari.pool.HikariPool - HikariPool-1 - Added connection conn0: url=jdbc:h2:mem:testdb user=SA
2026-02-12 21:12:52 INFO  [main] com.zaxxer.hikari.HikariDataSource - HikariPool-1 - Start completed.
2026-02-12 21:12:53 INFO  [main] o.hibernate.orm.connections.pooling - HHH10001005: Database info:
	Database JDBC URL [Connecting through datasource 'HikariDataSource (HikariPool-1)']
	Database driver: undefined/unknown
	Database version: 2.3.232
	Autocommit mode: undefined/unknown
	Isolation level: undefined/unknown
	Minimum pool size: undefined/unknown
	Maximum pool size: undefined/unknown
2026-02-12 21:13:03 INFO  [main] o.h.e.t.j.p.i.JtaPlatformInitiator - HHH000489: No JTA platform available (set 'hibernate.transaction.jta.platform' to enable JTA platform integration)
2026-02-12 21:13:03 INFO  [main] o.s.o.j.LocalContainerEntityManagerFactoryBean - Initialized JPA EntityManagerFactory for persistence unit 'default'
2026-02-12 21:13:03 INFO  [main] c.M.O.OrderServiceApplication - Order Service Application started successfully
2026-02-12 21:13:05 WARN  [main] o.s.b.a.o.j.JpaBaseConfiguration$JpaWebConfiguration - spring.jpa.open-in-view is enabled by default. Therefore, database queries may be performed during view rendering. Explicitly configure spring.jpa.open-in-view to disable this warning
2026-02-12 21:13:05 INFO  [main] o.s.b.a.h.H2ConsoleAutoConfiguration - H2 console available at '/h2-console'. Database available at 'jdbc:h2:mem:testdb'
2026-02-12 21:13:06 INFO  [main] o.s.b.t.m.w.SpringBootMockServletContext - Initializing Spring TestDispatcherServlet ''
2026-02-12 21:13:06 INFO  [main] o.s.t.w.s.TestDispatcherServlet - Initializing Servlet ''
2026-02-12 21:13:06 INFO  [main] o.s.t.w.s.TestDispatcherServlet - Completed initialization in 5 ms
2026-02-12 21:13:06 INFO  [main] c.M.O.i.OrderIntegrationTest - Started OrderIntegrationTest in 51.814 seconds (process running for 93.404)
2026-02-12 21:13:06 INFO  [main] c.M.O.controller.OrderController - GET /order request fetch by id=2
2026-02-12 21:13:07 WARN  [main] c.M.O.service.OrderService - Order with id=2 not found
2026-02-12 21:13:07 WARN  [main] c.M.O.e.GlobalExceptionHandler - Order Not Found Exception: Order with id=2 not found
2026-02-12 21:13:07 INFO  [main] c.M.O.controller.OrderController - POST /order request received 
2026-02-12 21:13:07 INFO  [main] c.M.O.service.OrderService - Create order request was received for user id=1, and amount=2522 
2026-02-12 21:13:07 INFO  [main] c.M.O.service.OrderService - Order Cerated successfully with userId=1, and amount=2522
2026-02-12 21:13:07 INFO  [main] c.M.O.controller.OrderController - POST / Create order successfully with orderId=1 
2026-02-12 21:13:07 INFO  [main] c.M.O.controller.OrderController - POST /order request received 
2026-02-12 21:13:07 INFO  [main] c.M.O.service.OrderService - Create order request was received for user id=2, and amount=2586 
2026-02-12 21:13:07 INFO  [main] c.M.O.service.OrderService - Order Cerated successfully with userId=2, and amount=2586
2026-02-12 21:13:07 INFO  [main] c.M.O.controller.OrderController - POST / Create order successfully with orderId=2 
2026-02-12 21:13:07 INFO  [main] c.M.O.controller.OrderController - GET /order request fetch by id=2
2026-02-12 21:13:07 INFO  [main] c.M.O.controller.OrderController - GET /Order successfully fetched with id=2 
2026-02-12 21:13:07 WARN  [main] c.M.O.e.GlobalExceptionHandler - Validation Error: [amount: Amount must Not be null]
2026-02-12 21:13:07 INFO  [main] o.s.t.c.s.AnnotationConfigContextLoaderUtils - Could not detect default configuration classes for test class [com.MFP.OrderService.OrderServiceApplicationTests]: OrderServiceApplicationTests does not declare any static, non-private, non-final, nested classes annotated with @Configuration.
2026-02-12 21:13:07 INFO  [main] o.s.b.t.c.SpringBootTestContextBootstrapper - Found @SpringBootConfiguration com.MFP.OrderService.OrderServiceApplication for test class com.MFP.OrderService.OrderServiceApplicationTests
2026-02-12 21:13:07 INFO  [main] o.s.b.d.r.RestartApplicationListener - Restart disabled due to context in which it is running
2026-02-12 21:13:08 INFO  [main] c.M.O.OrderServiceApplicationTests - Starting OrderServiceApplicationTests using Java 23.0.2 with PID 17044 (started by firoz in D:\Microservice projects\Microservices-First-Project\order-service)
2026-02-12 21:13:08 INFO  [main] c.M.O.OrderServiceApplicationTests - No active profile set, falling back to 1 default profile: "default"
2026-02-12 21:13:09 INFO  [main] o.s.d.r.c.RepositoryConfigurationDelegate - Bootstrapping Spring Data JPA repositories in DEFAULT mode.
2026-02-12 21:13:09 INFO  [main] o.s.d.r.c.RepositoryConfigurationDelegate - Finished Spring Data repository scanning in 83 ms. Found 1 JPA repository interface.
2026-02-12 21:13:10 INFO  [main] o.h.jpa.internal.util.LogHelper - HHH000204: Processing PersistenceUnitInfo [name: default]
2026-02-12 21:13:10 INFO  [main] o.h.c.i.RegionFactoryInitiator - HHH000026: Second-level cache disabled
2026-02-12 21:13:10 INFO  [main] o.s.o.j.p.SpringPersistenceUnitInfo - No LoadTimeWeaver setup: ignoring JPA class transformer
2026-02-12 21:13:10 INFO  [main] com.zaxxer.hikari.HikariDataSource - HikariPool-2 - Starting...
2026-02-12 21:13:14 INFO  [main] com.zaxxer.hikari.pool.HikariPool - HikariPool-2 - Added connection com.mysql.cj.jdbc.ConnectionImpl@49577338
2026-02-12 21:13:14 INFO  [main] com.zaxxer.hikari.HikariDataSource - HikariPool-2 - Start completed.
2026-02-12 21:13:14 INFO  [main] o.hibernate.orm.connections.pooling - HHH10001005: Database info:
	Database JDBC URL [Connecting through datasource 'HikariDataSource (HikariPool-2)']
	Database driver: undefined/unknown
	Database version: 8.0.44
	Autocommit mode: undefined/unknown
	Isolation level: undefined/unknown
	Minimum pool size: undefined/unknown
	Maximum pool size: undefined/unknown
2026-02-12 21:13:14 INFO  [main] o.h.e.t.j.p.i.JtaPlatformInitiator - HHH000489: No JTA platform available (set 'hibernate.transaction.jta.platform' to enable JTA platform integration)
2026-02-12 21:13:15 INFO  [main] o.s.o.j.LocalContainerEntityManagerFactoryBean - Initialized JPA EntityManagerFactory for persistence unit 'default'
2026-02-12 21:13:15 INFO  [main] c.M.O.OrderServiceApplication - Order Service Application started successfully
2026-02-12 21:13:15 WARN  [main] o.s.b.a.o.j.JpaBaseConfiguration$JpaWebConfiguration - spring.jpa.open-in-view is enabled by default. Therefore, database queries may be performed during view rendering. Explicitly configure spring.jpa.open-in-view to disable this warning
2026-02-12 21:13:16 INFO  [main] c.M.O.OrderServiceApplicationTests - Started OrderServiceApplicationTests in 8.529 seconds (process running for 103.676)
2026-02-12 21:13:16 INFO  [main] o.s.t.c.s.AnnotationConfigContextLoaderUtils - Could not detect default configuration classes for test class [com.MFP.OrderService.repository.OrderRepositoryTest]: OrderRepositoryTest does not declare any static, non-private, non-final, nested classes annotated with @Configuration.
2026-02-12 21:13:16 INFO  [main] o.s.b.t.c.SpringBootTestContextBootstrapper - Found @SpringBootConfiguration com.MFP.OrderService.OrderServiceApplication for test class com.MFP.OrderService.repository.OrderRepositoryTest
2026-02-12 21:13:16 INFO  [main] o.s.b.d.r.RestartApplicationListener - Restart disabled due to context in which it is running
2026-02-12 21:13:16 INFO  [main] c.M.O.repository.OrderRepositoryTest - Starting OrderRepositoryTest using Java 23.0.2 with PID 17044 (started by firoz in D:\Microservice projects\Microservices-First-Project\order-service)
2026-02-12 21:13:16 INFO  [main] c.M.O.repository.OrderRepositoryTest - The following 1 profile is active: "test"
2026-02-12 21:13:17 INFO  [main] o.s.d.r.c.RepositoryConfigurationDelegate - Bootstrapping Spring Data JPA repositories in DEFAULT mode.
2026-02-12 21:13:17 INFO  [main] o.s.d.r.c.RepositoryConfigurationDelegate - Finished Spring Data repository scanning in 132 ms. Found 1 JPA repository interface.
2026-02-12 21:13:17 INFO  [main] o.s.b.t.a.j.TestDatabaseAutoConfiguration$EmbeddedDataSourceBeanFactoryPostProcessor - Replacing 'dataSource' DataSource bean with embedded version
2026-02-12 21:13:17 INFO  [main] o.s.j.d.e.EmbeddedDatabaseFactory - Starting embedded database: url='jdbc:h2:mem:45304b42-7ff6-4232-9aeb-63f6f8120a03;DB_CLOSE_DELAY=-1;DB_CLOSE_ON_EXIT=false', username='sa'
2026-02-12 21:13:17 INFO  [main] o.h.jpa.internal.util.LogHelper - HHH000204: Processing PersistenceUnitInfo [name: default]
2026-02-12 21:13:17 INFO  [main] o.h.c.i.RegionFactoryInitiator - HHH000026: Second-level cache disabled
2026-02-12 21:13:17 INFO  [main] o.s.o.j.p.SpringPersistenceUnitInfo - No LoadTimeWeaver setup: ignoring JPA class transformer
2026-02-12 21:13:17 INFO  [main] o.hibernate.orm.connections.pooling - HHH10001005: Database info:
	Database JDBC URL [Connecting through datasource 'org.springframework.jdbc.datasource.embedded.EmbeddedDatabaseFactory$EmbeddedDataSourceProxy@3af71897']
	Database driver: undefined/unknown
	Database version: 2.3.232
	Autocommit mode: undefined/unknown
	Isolation level: undefined/unknown
	Minimum pool size: undefined/unknown
	Maximum pool size: undefined/unknown
2026-02-12 21:13:17 INFO  [main] o.h.e.t.j.p.i.JtaPlatformInitiator - HHH000489: No JTA platform available (set 'hibernate.transaction.jta.platform' to enable JTA platform integration)
2026-02-12 21:13:17 INFO  [main] o.s.o.j.LocalContainerEntityManagerFactoryBean - Initialized JPA EntityManagerFactory for persistence unit 'default'
2026-02-12 21:13:17 INFO  [main] c.M.O.OrderServiceApplication - Order Service Application started successfully
2026-02-12 21:13:18 INFO  [main] c.M.O.repository.OrderRepositoryTest - Started OrderRepositoryTest in 1.24 seconds (process running for 105.312)
2026-02-12 21:13:22 INFO  [main] c.M.O.service.OrderService - Delete order with id=1
2026-02-12 21:13:22 INFO  [main] c.M.O.service.OrderService - Order deleted successfully with orderId=1
2026-02-12 21:13:22 INFO  [main] c.M.O.service.OrderService - Delete order with id=1
2026-02-12 21:13:22 WARN  [main] c.M.O.service.OrderService - For deleting Order with id=1 not found
2026-02-12 21:13:22 WARN  [main] c.M.O.service.OrderService - Order with id=1 not found
2026-02-12 21:13:22 INFO  [main] c.M.O.service.OrderService - Fetched 2 Orders successfully
2026-02-12 21:13:22 INFO  [main] c.M.O.service.OrderService - Updating order with id=1
2026-02-12 21:13:22 WARN  [main] c.M.O.service.OrderService - Attempt to update cancelled order with status=Cancelled
2026-02-12 21:13:22 INFO  [main] c.M.O.service.OrderService - Updating order with id=1
2026-02-12 21:13:22 INFO  [main] c.M.O.service.OrderService - Order updated successfully with orderId= 1, new status= Created
2026-02-12 21:13:22 INFO  [main] c.M.O.service.OrderService - Updating order with id=1
2026-02-12 21:13:22 WARN  [main] c.M.O.service.OrderService -  For update Order with id=1 not found
2026-02-12 21:13:22 INFO  [main] c.M.O.service.OrderService - Updating order with id=1
2026-02-12 21:13:22 WARN  [main] c.M.O.service.OrderService - Trying to update the amount with zero 
2026-02-12 21:13:22 INFO  [main] c.M.O.service.OrderService - Create order request was received for user id=1, and amount=3000 
2026-02-12 21:13:22 INFO  [main] c.M.O.service.OrderService - Order Cerated successfully with userId=100, and amount=3000
2026-02-12 21:13:23 INFO  [SpringApplicationShutdownHook] o.s.o.j.LocalContainerEntityManagerFactoryBean - Closing JPA EntityManagerFactory for persistence unit 'default'
2026-02-12 21:13:24 INFO  [SpringApplicationShutdownHook] com.zaxxer.hikari.HikariDataSource - HikariPool-1 - Shutdown initiated...
2026-02-12 21:13:24 INFO  [SpringApplicationShutdownHook] com.zaxxer.hikari.HikariDataSource - HikariPool-1 - Shutdown completed.
2026-02-12 21:13:24 INFO  [SpringApplicationShutdownHook] o.s.o.j.LocalContainerEntityManagerFactoryBean - Closing JPA EntityManagerFactory for persistence unit 'default'
2026-02-12 21:13:24 INFO  [SpringApplicationShutdownHook] com.zaxxer.hikari.HikariDataSource - HikariPool-2 - Shutdown initiated...
2026-02-12 21:13:24 INFO  [SpringApplicationShutdownHook] com.zaxxer.hikari.HikariDataSource - HikariPool-2 - Shutdown completed.
2026-02-12 21:13:24 INFO  [SpringApplicationShutdownHook] o.s.o.j.LocalContainerEntityManagerFactoryBean - Closing JPA EntityManagerFactory for persistence unit 'default'
2026-02-12 22:10:37 INFO  [restartedMain] c.M.O.OrderServiceApplication - Starting OrderServiceApplication using Java 23.0.2 with PID 17468 (D:\Microservice projects\Microservices-First-Project\order-service\target\classes started by firoz in D:\Microservice projects\Microservices-First-Project\order-service)
2026-02-12 22:10:37 INFO  [restartedMain] c.M.O.OrderServiceApplication - No active profile set, falling back to 1 default profile: "default"
2026-02-12 22:10:38 INFO  [restartedMain] o.s.b.d.e.DevToolsPropertyDefaultsPostProcessor - Devtools property defaults active! Set 'spring.devtools.add-properties' to 'false' to disable
2026-02-12 22:10:38 INFO  [restartedMain] o.s.b.d.e.DevToolsPropertyDefaultsPostProcessor - For additional web related logging consider setting the 'logging.level.web' property to 'DEBUG'
2026-02-12 22:10:41 INFO  [restartedMain] o.s.d.r.c.RepositoryConfigurationDelegate - Bootstrapping Spring Data JPA repositories in DEFAULT mode.
2026-02-12 22:10:41 INFO  [restartedMain] o.s.d.r.c.RepositoryConfigurationDelegate - Finished Spring Data repository scanning in 185 ms. Found 1 JPA repository interface.
2026-02-12 22:10:43 INFO  [restartedMain] o.s.b.w.e.tomcat.TomcatWebServer - Tomcat initialized with port 8080 (http)
2026-02-12 22:10:43 INFO  [restartedMain] o.a.catalina.core.StandardService - Starting service [Tomcat]
2026-02-12 22:10:43 INFO  [restartedMain] o.a.catalina.core.StandardEngine - Starting Servlet engine: [Apache Tomcat/10.1.50]
2026-02-12 22:10:43 INFO  [restartedMain] o.a.c.c.C.[Tomcat].[localhost].[/] - Initializing Spring embedded WebApplicationContext
2026-02-12 22:10:43 INFO  [restartedMain] o.s.b.w.s.c.ServletWebServerApplicationContext - Root WebApplicationContext: initialization completed in 5489 ms
2026-02-12 22:10:44 INFO  [restartedMain] o.h.jpa.internal.util.LogHelper - HHH000204: Processing PersistenceUnitInfo [name: default]
2026-02-12 22:10:45 INFO  [restartedMain] org.hibernate.Version - HHH000412: Hibernate ORM core version 6.6.41.Final
2026-02-12 22:10:45 INFO  [restartedMain] o.h.c.i.RegionFactoryInitiator - HHH000026: Second-level cache disabled
2026-02-12 22:10:47 INFO  [restartedMain] o.s.o.j.p.SpringPersistenceUnitInfo - No LoadTimeWeaver setup: ignoring JPA class transformer
2026-02-12 22:10:47 INFO  [restartedMain] com.zaxxer.hikari.HikariDataSource - HikariPool-1 - Starting...
2026-02-12 22:10:49 INFO  [restartedMain] com.zaxxer.hikari.pool.HikariPool - HikariPool-1 - Added connection com.mysql.cj.jdbc.ConnectionImpl@4b865329
2026-02-12 22:10:49 INFO  [restartedMain] com.zaxxer.hikari.HikariDataSource - HikariPool-1 - Start completed.
2026-02-12 22:10:49 INFO  [restartedMain] o.hibernate.orm.connections.pooling - HHH10001005: Database info:
	Database JDBC URL [Connecting through datasource 'HikariDataSource (HikariPool-1)']
	Database driver: undefined/unknown
	Database version: 8.4.8
	Autocommit mode: undefined/unknown
	Isolation level: undefined/unknown
	Minimum pool size: undefined/unknown
	Maximum pool size: undefined/unknown
2026-02-12 22:10:53 INFO  [restartedMain] o.h.e.t.j.p.i.JtaPlatformInitiator - HHH000489: No JTA platform available (set 'hibernate.transaction.jta.platform' to enable JTA platform integration)
2026-02-12 22:10:54 INFO  [restartedMain] o.s.o.j.LocalContainerEntityManagerFactoryBean - Initialized JPA EntityManagerFactory for persistence unit 'default'
2026-02-12 22:10:54 INFO  [restartedMain] c.M.O.OrderServiceApplication - Order Service Application started successfully
2026-02-12 22:10:55 WARN  [restartedMain] o.s.b.a.o.j.JpaBaseConfiguration$JpaWebConfiguration - spring.jpa.open-in-view is enabled by default. Therefore, database queries may be performed during view rendering. Explicitly configure spring.jpa.open-in-view to disable this warning
2026-02-12 22:10:57 INFO  [restartedMain] o.s.b.d.a.OptionalLiveReloadServer - LiveReload server is running on port 35729
2026-02-12 22:10:57 INFO  [restartedMain] o.s.b.w.e.tomcat.TomcatWebServer - Tomcat started on port 8080 (http) with context path '/'
2026-02-12 22:10:57 INFO  [restartedMain] c.M.O.OrderServiceApplication - Started OrderServiceApplication in 21.917 seconds (process running for 25.295)
2026-02-12 22:20:44 INFO  [http-nio-8080-exec-2] o.a.c.c.C.[Tomcat].[localhost].[/] - Initializing Spring DispatcherServlet 'dispatcherServlet'
2026-02-12 22:20:44 INFO  [http-nio-8080-exec-2] o.s.web.servlet.DispatcherServlet - Initializing Servlet 'dispatcherServlet'
2026-02-12 22:20:44 INFO  [http-nio-8080-exec-2] o.s.web.servlet.DispatcherServlet - Completed initialization in 17 ms
2026-02-12 22:20:47 WARN  [http-nio-8080-exec-2] c.M.O.e.GlobalExceptionHandler - Validation Error: [userId: User Id must not be null]
2026-02-12 22:20:47 WARN  [http-nio-8080-exec-2] o.s.w.s.m.m.a.ExceptionHandlerExceptionResolver - Resolved [org.springframework.web.bind.MethodArgumentNotValidException: Validation failed for argument [0] in public org.springframework.http.ResponseEntity<com.MFP.OrderService.dto.OrderResponse> com.MFP.OrderService.controller.OrderController.createOrder(com.MFP.OrderService.dto.CreateOrderRequest): [Field error in object 'createOrderRequest' on field 'userId': rejected value [null]; codes [NotNull.createOrderRequest.userId,NotNull.userId,NotNull.java.lang.Long,NotNull]; arguments [org.springframework.context.support.DefaultMessageSourceResolvable: codes [createOrderRequest.userId,userId]; arguments []; default message [userId]]; default message [User Id must not be null]] ]
2026-02-12 22:21:00 INFO  [http-nio-8080-exec-3] c.M.O.controller.OrderController - POST /order request received 
2026-02-12 22:21:00 INFO  [http-nio-8080-exec-3] c.M.O.service.OrderService - Create order request was received for user id=1, and amount=32000 
2026-02-12 22:21:02 INFO  [http-nio-8080-exec-3] c.M.O.service.OrderService - Order Cerated successfully with userId=1, and amount=32000
2026-02-12 22:21:02 INFO  [http-nio-8080-exec-3] c.M.O.controller.OrderController - POST / Create order successfully with orderId=1 
2026-02-12 22:53:38 INFO  [http-nio-8080-exec-7] c.M.O.controller.OrderController - POST /order request received 
2026-02-12 22:53:38 INFO  [http-nio-8080-exec-7] c.M.O.service.OrderService - Create order request was received for user id=1, and amount=32000 
2026-02-12 22:53:38 INFO  [http-nio-8080-exec-7] c.M.O.service.OrderService - Order Cerated successfully with userId=1, and amount=32000
2026-02-12 22:53:38 INFO  [http-nio-8080-exec-7] c.M.O.controller.OrderController - POST / Create order successfully with orderId=2 
2026-02-12 22:56:38 INFO  [http-nio-8080-exec-9] c.M.O.controller.OrderController - GET /All Orders fetched
2026-02-12 22:56:38 INFO  [http-nio-8080-exec-9] c.M.O.service.OrderService - Fetched 2 Orders successfully
2026-02-12 22:56:38 INFO  [http-nio-8080-exec-9] c.M.O.controller.OrderController - GET /2 Orders successfully fetched
2026-02-12 22:56:38 WARN  [http-nio-8080-exec-10] c.M.O.e.GlobalExceptionHandler - Unhandled Exception: No static resource favicon.ico.
2026-02-12 22:56:38 WARN  [http-nio-8080-exec-10] o.s.w.s.m.m.a.ExceptionHandlerExceptionResolver - Resolved [org.springframework.web.servlet.resource.NoResourceFoundException: No static resource favicon.ico.]
2026-02-12 22:58:10 INFO  [http-nio-8080-exec-4] c.M.O.controller.OrderController - GET /order request fetch by id=20
2026-02-12 22:58:10 WARN  [http-nio-8080-exec-4] c.M.O.service.OrderService - Order with id=20 not found
2026-02-12 22:58:10 WARN  [http-nio-8080-exec-4] c.M.O.e.GlobalExceptionHandler - Order Not Found Exception: Order with id=20 not found
2026-02-12 22:58:10 WARN  [http-nio-8080-exec-4] o.s.w.s.m.m.a.ExceptionHandlerExceptionResolver - Resolved [com.MFP.OrderService.exception.OrderNotFoundException: Order with id=20 not found]
2026-02-12 22:58:38 INFO  [SpringApplicationShutdownHook] o.s.b.w.e.tomcat.GracefulShutdown - Commencing graceful shutdown. Waiting for active requests to complete
2026-02-12 22:58:39 INFO  [tomcat-shutdown] o.s.b.w.e.tomcat.GracefulShutdown - Graceful shutdown complete
2026-02-12 22:58:39 INFO  [SpringApplicationShutdownHook] o.s.o.j.LocalContainerEntityManagerFactoryBean - Closing JPA EntityManagerFactory for persistence unit 'default'
2026-02-12 22:58:39 INFO  [SpringApplicationShutdownHook] com.zaxxer.hikari.HikariDataSource - HikariPool-1 - Shutdown initiated...
2026-02-12 22:58:39 INFO  [SpringApplicationShutdownHook] com.zaxxer.hikari.HikariDataSource - HikariPool-1 - Shutdown completed.
2026-02-20 21:23:07 INFO  [main] c.M.O.controller.OrderControllerTest - Starting OrderControllerTest using Java 23.0.2 with PID 24332 (started by firoz in D:\Microservice projects\Microservices-First-Project\order-service)
2026-02-20 21:23:07 INFO  [main] c.M.O.controller.OrderControllerTest - No active profile set, falling back to 1 default profile: "default"
2026-02-20 21:23:22 INFO  [main] c.M.O.OrderServiceApplication - Order Service Application started successfully
2026-02-20 21:23:26 INFO  [main] o.s.b.t.m.w.SpringBootMockServletContext - Initializing Spring TestDispatcherServlet ''
2026-02-20 21:23:26 INFO  [main] o.s.t.w.s.TestDispatcherServlet - Initializing Servlet ''
2026-02-20 21:23:26 INFO  [main] o.s.t.w.s.TestDispatcherServlet - Completed initialization in 6 ms
2026-02-20 21:23:26 INFO  [main] c.M.O.controller.OrderControllerTest - Started OrderControllerTest in 27.884 seconds (process running for 50.026)
2026-02-20 21:23:28 WARN  [main] c.M.O.e.GlobalExceptionHandler - Validation Error: [userId: User Id must not be null]
2026-02-20 21:23:29 INFO  [main] c.M.O.controller.OrderController - GET /All Orders fetched
2026-02-20 21:23:29 INFO  [main] c.M.O.controller.OrderController - GET /2 Orders successfully fetched
2026-02-20 21:23:30 INFO  [main] c.M.O.controller.OrderController - POST /order request received 
2026-02-20 21:23:30 INFO  [main] c.M.O.controller.OrderController - POST / Create order successfully with orderId=1 
2026-02-20 21:23:30 INFO  [main] c.M.O.controller.OrderController - DELETE /order request Delete with id 1
2026-02-20 21:23:30 INFO  [main] c.M.O.controller.OrderController - DELETE /Delete order successfully with id=Deleted successfully 
2026-02-20 21:23:30 INFO  [main] c.M.O.controller.OrderController - PUT /order request Updated with id 1
2026-02-20 21:23:30 INFO  [main] c.M.O.controller.OrderController - PUT /Update order successfully with id=1 
2026-02-20 21:23:30 INFO  [main] c.M.O.controller.OrderController - GET /order request fetch by id=1
2026-02-20 21:23:30 WARN  [main] c.M.O.e.GlobalExceptionHandler - Order Not Found Exception: Order with id=1 not found
2026-02-20 21:23:30 INFO  [main] c.M.O.controller.OrderController - GET /order request fetch by id=1
2026-02-20 21:23:30 INFO  [main] c.M.O.controller.OrderController - GET /Order successfully fetched with id=1 
2026-02-20 21:23:30 INFO  [main] c.M.O.controller.OrderController - PUT /order request Updated with id 1
2026-02-20 21:23:30 WARN  [main] c.M.O.e.GlobalExceptionHandler - Order Not Found Exception: Order with id=1 not found
2026-02-20 21:23:30 INFO  [main] o.s.t.c.s.AnnotationConfigContextLoaderUtils - Could not detect default configuration classes for test class [com.MFP.OrderService.integration.OrderIntegrationTest]: OrderIntegrationTest does not declare any static, non-private, non-final, nested classes annotated with @Configuration.
2026-02-20 21:23:31 INFO  [main] o.s.b.t.c.SpringBootTestContextBootstrapper - Found @SpringBootConfiguration com.MFP.OrderService.OrderServiceApplication for test class com.MFP.OrderService.integration.OrderIntegrationTest
2026-02-20 21:23:31 INFO  [main] o.testcontainers.images.PullPolicy - Image pull policy will be performed by: DefaultPullPolicy()
2026-02-20 21:23:31 INFO  [main] o.t.utility.ImageNameSubstitutor - Image name substitution will be performed by: DefaultImageNameSubstitutor (composite of 'ConfigurationFileImageNameSubstitutor' and 'PrefixingImageNameSubstitutor')
2026-02-20 21:23:31 INFO  [main] o.testcontainers.DockerClientFactory - Testcontainers version: 1.21.4
2026-02-20 21:23:36 INFO  [main] o.t.d.DockerClientProviderStrategy - Found Docker environment with local Npipe socket (npipe:////./pipe/docker_engine)
2026-02-20 21:23:37 INFO  [main] o.testcontainers.DockerClientFactory - Docker host IP address is localhost
2026-02-20 21:23:37 INFO  [main] o.testcontainers.DockerClientFactory - Connected to docker: 
  Server Version: 29.2.0
  API Version: 1.53
  Operating System: Docker Desktop
  Total Memory: 6905 MB
  Labels: 
    com.docker.desktop.address=npipe://\\.\pipe\docker_cli
2026-02-20 21:23:38 INFO  [main] tc.testcontainers/ryuk:0.12.0 - Pulling docker image: testcontainers/ryuk:0.12.0. Please be patient; this may take some time but only needs to be done once.
2026-02-20 21:23:42 INFO  [docker-java-stream--809697193] tc.testcontainers/ryuk:0.12.0 - Starting to pull image
2026-02-20 21:23:42 INFO  [docker-java-stream--809697193] tc.testcontainers/ryuk:0.12.0 - Pulling image layers:  0 pending,  0 downloaded,  0 extracted, (0 bytes/0 bytes)
2026-02-20 21:23:44 INFO  [docker-java-stream--809697193] tc.testcontainers/ryuk:0.12.0 - Pulling image layers:  2 pending,  1 downloaded,  0 extracted, (0 bytes/? MB)
2026-02-20 21:23:45 INFO  [docker-java-stream--809697193] tc.testcontainers/ryuk:0.12.0 - Pulling image layers:  1 pending,  2 downloaded,  0 extracted, (4 MB/? MB)
2026-02-20 21:23:47 INFO  [docker-java-stream--809697193] tc.testcontainers/ryuk:0.12.0 - Pulling image layers:  1 pending,  2 downloaded,  1 extracted, (7 MB/? MB)
2026-02-20 21:23:49 INFO  [docker-java-stream--809697193] tc.testcontainers/ryuk:0.12.0 - Pulling image layers:  0 pending,  3 downloaded,  1 extracted, (10 MB/10 MB)
2026-02-20 21:23:49 INFO  [docker-java-stream--809697193] tc.testcontainers/ryuk:0.12.0 - Pulling image layers:  0 pending,  3 downloaded,  2 extracted, (10 MB/10 MB)
2026-02-20 21:23:49 INFO  [docker-java-stream--809697193] tc.testcontainers/ryuk:0.12.0 - Pulling image layers:  0 pending,  3 downloaded,  3 extracted, (10 MB/10 MB)
2026-02-20 21:23:50 INFO  [main] tc.testcontainers/ryuk:0.12.0 - Image testcontainers/ryuk:0.12.0 pull took PT12.0055625S
2026-02-20 21:23:50 INFO  [docker-java-stream--809697193] tc.testcontainers/ryuk:0.12.0 - Pull complete. 3 layers, pulled in 7s (downloaded 10 MB at 1 MB/s)
2026-02-20 21:23:51 INFO  [main] tc.testcontainers/ryuk:0.12.0 - Creating container for image: testcontainers/ryuk:0.12.0
2026-02-20 21:23:52 INFO  [main] tc.testcontainers/ryuk:0.12.0 - Container testcontainers/ryuk:0.12.0 is starting: 5c02936e0d6560d4882a9d05a75cf9c816de1e2bead91a6ad2dfe3c38d109582
2026-02-20 21:23:56 INFO  [main] tc.testcontainers/ryuk:0.12.0 - Container testcontainers/ryuk:0.12.0 started in PT5.1356999S
2026-02-20 21:23:56 INFO  [main] o.t.utility.RyukResourceReaper - Ryuk started - will monitor and terminate Testcontainers containers on JVM exit
2026-02-20 21:23:56 INFO  [main] o.testcontainers.DockerClientFactory - Checking the system...
2026-02-20 21:23:56 INFO  [main] o.testcontainers.DockerClientFactory - ?? Docker server version should be at least 1.6.0
2026-02-20 21:23:56 INFO  [main] tc.mysql:8.0 - Pulling docker image: mysql:8.0. Please be patient; this may take some time but only needs to be done once.
2026-02-20 21:23:59 INFO  [docker-java-stream-187484524] tc.mysql:8.0 - Starting to pull image
2026-02-20 21:23:59 INFO  [docker-java-stream-187484524] tc.mysql:8.0 - Pulling image layers:  0 pending,  0 downloaded,  0 extracted, (0 bytes/0 bytes)
2026-02-20 21:24:02 INFO  [docker-java-stream-187484524] tc.mysql:8.0 - Pulling image layers: 11 pending,  1 downloaded,  0 extracted, (0 bytes/? MB)
2026-02-20 21:24:02 INFO  [docker-java-stream-187484524] tc.mysql:8.0 - Pulling image layers: 10 pending,  2 downloaded,  0 extracted, (0 bytes/? MB)
2026-02-20 21:24:02 INFO  [docker-java-stream-187484524] tc.mysql:8.0 - Pulling image layers:  9 pending,  3 downloaded,  0 extracted, (335 bytes/? MB)
2026-02-20 21:24:02 INFO  [docker-java-stream-187484524] tc.mysql:8.0 - Pulling image layers:  8 pending,  4 downloaded,  0 extracted, (335 bytes/? MB)
2026-02-20 21:24:02 INFO  [docker-java-stream-187484524] tc.mysql:8.0 - Pulling image layers:  7 pending,  5 downloaded,  0 extracted, (335 bytes/? MB)
2026-02-20 21:24:02 INFO  [docker-java-stream-187484524] tc.mysql:8.0 - Pulling image layers:  7 pending,  6 downloaded,  0 extracted, (1 MB/? MB)
2026-02-20 21:24:03 INFO  [docker-java-stream-187484524] tc.mysql:8.0 - Pulling image layers:  6 pending,  7 downloaded,  0 extracted, (1 MB/? MB)
2026-02-20 21:24:05 INFO  [docker-java-stream-187484524] tc.mysql:8.0 - Pulling image layers:  5 pending,  8 downloaded,  0 extracted, (8 MB/? MB)
2026-02-20 21:24:11 INFO  [docker-java-stream-187484524] tc.mysql:8.0 - Pulling image layers:  4 pending,  9 downloaded,  0 extracted, (35 MB/? MB)
2026-02-20 21:24:19 INFO  [docker-java-stream-187484524] tc.mysql:8.0 - Pulling image layers:  3 pending, 10 downloaded,  0 extracted, (57 MB/? MB)
2026-02-20 21:24:59 INFO  [docker-java-stream-187484524] tc.mysql:8.0 - Pulling image layers:  2 pending, 11 downloaded,  0 extracted, (132 MB/? MB)
2026-02-20 21:25:11 INFO  [docker-java-stream-187484524] tc.mysql:8.0 - Pulling image layers:  1 pending, 12 downloaded,  0 extracted, (163 MB/? MB)
2026-02-20 21:25:20 INFO  [docker-java-stream-187484524] tc.mysql:8.0 - Pulling image layers:  1 pending, 12 downloaded,  1 extracted, (176 MB/? MB)
2026-02-20 21:25:20 INFO  [docker-java-stream-187484524] tc.mysql:8.0 - Pulling image layers:  1 pending, 12 downloaded,  2 extracted, (176 MB/? MB)
2026-02-20 21:25:20 INFO  [docker-java-stream-187484524] tc.mysql:8.0 - Pulling image layers:  1 pending, 12 downloaded,  3 extracted, (176 MB/? MB)
2026-02-20 21:25:22 INFO  [docker-java-stream-187484524] tc.mysql:8.0 - Pulling image layers:  1 pending, 12 downloaded,  4 extracted, (180 MB/? MB)
2026-02-20 21:25:22 INFO  [docker-java-stream-187484524] tc.mysql:8.0 - Pulling image layers:  1 pending, 12 downloaded,  5 extracted, (181 MB/? MB)
2026-02-20 21:25:22 INFO  [docker-java-stream-187484524] tc.mysql:8.0 - Pulling image layers:  1 pending, 12 downloaded,  6 extracted, (181 MB/? MB)
2026-02-20 21:25:31 INFO  [docker-java-stream-187484524] tc.mysql:8.0 - Pulling image layers:  1 pending, 12 downloaded,  7 extracted, (201 MB/? MB)
2026-02-20 21:25:31 INFO  [docker-java-stream-187484524] tc.mysql:8.0 - Pulling image layers:  1 pending, 12 downloaded,  8 extracted, (201 MB/? MB)
2026-02-20 21:25:43 INFO  [docker-java-stream-187484524] tc.mysql:8.0 - Pulling image layers:  0 pending, 13 downloaded,  8 extracted, (235 MB/235 MB)
2026-02-20 21:26:12 INFO  [docker-java-stream-187484524] tc.mysql:8.0 - Pulling image layers:  0 pending, 13 downloaded,  9 extracted, (235 MB/235 MB)
2026-02-20 21:26:12 INFO  [docker-java-stream-187484524] tc.mysql:8.0 - Pulling image layers:  0 pending, 13 downloaded, 10 extracted, (235 MB/235 MB)
2026-02-20 21:26:13 INFO  [docker-java-stream-187484524] tc.mysql:8.0 - Pulling image layers:  0 pending, 13 downloaded, 11 extracted, (235 MB/235 MB)
2026-02-20 21:26:13 INFO  [main] tc.mysql:8.0 - Image mysql:8.0 pull took PT2M16.5062862S
2026-02-20 21:26:13 INFO  [docker-java-stream-187484524] tc.mysql:8.0 - Pull complete. 13 layers, pulled in 133s (downloaded 235 MB at 1 MB/s)
2026-02-20 21:26:13 INFO  [main] tc.mysql:8.0 - Creating container for image: mysql:8.0
2026-02-20 21:26:16 INFO  [main] tc.mysql:8.0 - Container mysql:8.0 is starting: 945bb64866fe1fbe39c109ce7ae08371fd88a4e37c99a8c237337f221fd987db
2026-02-20 21:26:18 INFO  [main] tc.mysql:8.0 - Waiting for database connection to become available at jdbc:mysql://localhost:62195/testdb using query 'SELECT 1'
2026-02-20 21:27:21 INFO  [main] tc.mysql:8.0 - Container mysql:8.0 started in PT1M7.6306299S
2026-02-20 21:27:21 INFO  [main] tc.mysql:8.0 - Container is started (JDBC URL: jdbc:mysql://localhost:62195/testdb)
2026-02-20 21:27:21 INFO  [main] o.s.b.d.r.RestartApplicationListener - Restart disabled due to context in which it is running
2026-02-20 21:27:22 INFO  [main] c.M.O.i.OrderIntegrationTest - Starting OrderIntegrationTest using Java 23.0.2 with PID 24332 (started by firoz in D:\Microservice projects\Microservices-First-Project\order-service)
2026-02-20 21:27:22 INFO  [main] c.M.O.i.OrderIntegrationTest - No active profile set, falling back to 1 default profile: "default"
2026-02-20 21:27:25 INFO  [main] o.s.d.r.c.RepositoryConfigurationDelegate - Bootstrapping Spring Data JPA repositories in DEFAULT mode.
2026-02-20 21:27:25 INFO  [main] o.s.d.r.c.RepositoryConfigurationDelegate - Finished Spring Data repository scanning in 327 ms. Found 1 JPA repository interface.
2026-02-20 21:27:29 INFO  [main] o.h.jpa.internal.util.LogHelper - HHH000204: Processing PersistenceUnitInfo [name: default]
2026-02-20 21:27:29 INFO  [main] org.hibernate.Version - HHH000412: Hibernate ORM core version 6.6.41.Final
2026-02-20 21:27:29 INFO  [main] o.h.c.i.RegionFactoryInitiator - HHH000026: Second-level cache disabled
2026-02-20 21:27:31 INFO  [main] o.s.o.j.p.SpringPersistenceUnitInfo - No LoadTimeWeaver setup: ignoring JPA class transformer
2026-02-20 21:27:31 INFO  [main] com.zaxxer.hikari.HikariDataSource - HikariPool-1 - Starting...
2026-02-20 21:27:32 INFO  [main] com.zaxxer.hikari.pool.HikariPool - HikariPool-1 - Added connection com.mysql.cj.jdbc.ConnectionImpl@5808ae18
2026-02-20 21:27:32 INFO  [main] com.zaxxer.hikari.HikariDataSource - HikariPool-1 - Start completed.
2026-02-20 21:27:33 INFO  [main] o.hibernate.orm.connections.pooling - HHH10001005: Database info:
	Database JDBC URL [Connecting through datasource 'HikariDataSource (HikariPool-1)']
	Database driver: undefined/unknown
	Database version: 8.0.45
	Autocommit mode: undefined/unknown
	Isolation level: undefined/unknown
	Minimum pool size: undefined/unknown
	Maximum pool size: undefined/unknown
2026-02-20 21:27:38 INFO  [main] o.h.e.t.j.p.i.JtaPlatformInitiator - HHH000489: No JTA platform available (set 'hibernate.transaction.jta.platform' to enable JTA platform integration)
2026-02-20 21:27:39 INFO  [main] o.s.o.j.LocalContainerEntityManagerFactoryBean - Initialized JPA EntityManagerFactory for persistence unit 'default'
2026-02-20 21:27:39 INFO  [main] c.M.O.OrderServiceApplication - Order Service Application started successfully
2026-02-20 21:27:40 WARN  [main] o.s.b.a.o.j.JpaBaseConfiguration$JpaWebConfiguration - spring.jpa.open-in-view is enabled by default. Therefore, database queries may be performed during view rendering. Explicitly configure spring.jpa.open-in-view to disable this warning
2026-02-20 21:27:42 INFO  [main] o.s.b.t.m.w.SpringBootMockServletContext - Initializing Spring TestDispatcherServlet ''
2026-02-20 21:27:42 INFO  [main] o.s.t.w.s.TestDispatcherServlet - Initializing Servlet ''
2026-02-20 21:27:42 INFO  [main] o.s.t.w.s.TestDispatcherServlet - Completed initialization in 32 ms
2026-02-20 21:27:42 INFO  [main] c.M.O.i.OrderIntegrationTest - Started OrderIntegrationTest in 21.02 seconds (process running for 305.257)
2026-02-20 21:27:42 INFO  [main] c.M.O.controller.OrderController - GET /order request fetch by id=2
2026-02-20 21:27:42 WARN  [main] c.M.O.service.OrderService - Order with id=2 not found
2026-02-20 21:27:42 WARN  [main] c.M.O.e.GlobalExceptionHandler - Order Not Found Exception: Order with id=2 not found
2026-02-20 21:27:42 INFO  [main] c.M.O.controller.OrderController - POST /order request received 
2026-02-20 21:27:42 INFO  [main] c.M.O.service.OrderService - Create order request was received for user id=1, and amount=2522 
2026-02-20 21:27:43 INFO  [main] c.M.O.service.OrderService - Order Cerated successfully with userId=1, and amount=2522
2026-02-20 21:27:43 INFO  [main] c.M.O.controller.OrderController - POST / Create order successfully with orderId=1 
2026-02-20 21:27:43 INFO  [main] c.M.O.controller.OrderController - POST /order request received 
2026-02-20 21:27:43 INFO  [main] c.M.O.service.OrderService - Create order request was received for user id=2, and amount=2586 
2026-02-20 21:27:43 INFO  [main] c.M.O.service.OrderService - Order Cerated successfully with userId=2, and amount=2586
2026-02-20 21:27:43 INFO  [main] c.M.O.controller.OrderController - POST / Create order successfully with orderId=2 
2026-02-20 21:27:43 INFO  [main] c.M.O.controller.OrderController - GET /order request fetch by id=2
2026-02-20 21:27:43 INFO  [main] c.M.O.controller.OrderController - GET /Order successfully fetched with id=2 
2026-02-20 21:27:43 WARN  [main] c.M.O.e.GlobalExceptionHandler - Validation Error: [amount: Amount must Not be null]
2026-02-20 21:27:44 INFO  [main] o.s.t.c.s.AnnotationConfigContextLoaderUtils - Could not detect default configuration classes for test class [com.MFP.OrderService.repository.OrderRepositoryTest]: OrderRepositoryTest does not declare any static, non-private, non-final, nested classes annotated with @Configuration.
2026-02-20 21:27:45 INFO  [main] o.s.b.t.c.SpringBootTestContextBootstrapper - Found @SpringBootConfiguration com.MFP.OrderService.OrderServiceApplication for test class com.MFP.OrderService.repository.OrderRepositoryTest
2026-02-20 21:27:45 INFO  [main] o.s.b.d.r.RestartApplicationListener - Restart disabled due to context in which it is running
2026-02-20 21:27:45 INFO  [main] c.M.O.repository.OrderRepositoryTest - Starting OrderRepositoryTest using Java 23.0.2 with PID 24332 (started by firoz in D:\Microservice projects\Microservices-First-Project\order-service)
2026-02-20 21:27:45 INFO  [main] c.M.O.repository.OrderRepositoryTest - The following 1 profile is active: "test"
2026-02-20 21:27:46 INFO  [main] o.s.d.r.c.RepositoryConfigurationDelegate - Bootstrapping Spring Data JPA repositories in DEFAULT mode.
2026-02-20 21:27:46 INFO  [main] o.s.d.r.c.RepositoryConfigurationDelegate - Finished Spring Data repository scanning in 48 ms. Found 1 JPA repository interface.
2026-02-20 21:27:46 INFO  [main] o.s.b.t.a.j.TestDatabaseAutoConfiguration$EmbeddedDataSourceBeanFactoryPostProcessor - Replacing 'dataSource' DataSource bean with embedded version
2026-02-20 21:27:46 WARN  [main] o.s.c.a.AnnotationConfigApplicationContext - Exception encountered during context initialization - cancelling refresh attempt: org.springframework.beans.factory.BeanCreationException: Error creating bean with name 'entityManagerFactory' defined in class path resource [org/springframework/boot/autoconfigure/orm/jpa/HibernateJpaConfiguration.class]: Failed to initialize dependency 'dataSourceScriptDatabaseInitializer' of LoadTimeWeaverAware bean 'entityManagerFactory': Error creating bean with name 'dataSourceScriptDatabaseInitializer' defined in class path resource [org/springframework/boot/autoconfigure/sql/init/DataSourceInitializationConfiguration.class]: Unsatisfied dependency expressed through method 'dataSourceScriptDatabaseInitializer' parameter 0: Error creating bean with name 'dataSource': Failed to replace DataSource with an embedded database for tests. If you want an embedded database please put a supported one on the classpath or tune the replace attribute of @AutoConfigureTestDatabase.
2026-02-20 21:27:46 INFO  [main] o.s.b.a.l.ConditionEvaluationReportLogger - 

Error starting ApplicationContext. To display the condition evaluation report re-run your application with 'debug' enabled.
2026-02-20 21:27:46 ERROR [main] o.s.boot.SpringApplication - Application run failed
org.springframework.beans.factory.BeanCreationException: Error creating bean with name 'entityManagerFactory' defined in class path resource [org/springframework/boot/autoconfigure/orm/jpa/HibernateJpaConfiguration.class]: Failed to initialize dependency 'dataSourceScriptDatabaseInitializer' of LoadTimeWeaverAware bean 'entityManagerFactory': Error creating bean with name 'dataSourceScriptDatabaseInitializer' defined in class path resource [org/springframework/boot/autoconfigure/sql/init/DataSourceInitializationConfiguration.class]: Unsatisfied dependency expressed through method 'dataSourceScriptDatabaseInitializer' parameter 0: Error creating bean with name 'dataSource': Failed to replace DataSource with an embedded database for tests. If you want an embedded database please put a supported one on the classpath or tune the replace attribute of @AutoConfigureTestDatabase.
	at org.springframework.beans.factory.support.AbstractBeanFactory.doGetBean(AbstractBeanFactory.java:328)
	at org.springframework.beans.factory.support.AbstractBeanFactory.getBean(AbstractBeanFactory.java:207)
	at org.springframework.context.support.AbstractApplicationContext.finishBeanFactoryInitialization(AbstractApplicationContext.java:973)
	at org.springframework.context.support.AbstractApplicationContext.refresh(AbstractApplicationContext.java:627)
	at org.springframework.boot.SpringApplication.refresh(SpringApplication.java:752)
	at org.springframework.boot.SpringApplication.refreshContext(SpringApplication.java:439)
	at org.springframework.boot.SpringApplication.run(SpringApplication.java:318)
	at org.springframework.boot.test.context.SpringBootContextLoader.lambda$loadContext$3(SpringBootContextLoader.java:152)
	at org.springframework.util.function.ThrowingSupplier.get(ThrowingSupplier.java:58)
	at org.springframework.util.function.ThrowingSupplier.get(ThrowingSupplier.java:46)
	at org.springframework.boot.SpringApplication.withHook(SpringApplication.java:1461)
	at org.springframework.boot.test.context.SpringBootContextLoader$ContextLoaderHook.run(SpringBootContextLoader.java:595)
	at org.springframework.boot.test.context.SpringBootContextLoader.loadContext(SpringBootContextLoader.java:152)
	at org.springframework.boot.test.context.SpringBootContextLoader.loadContext(SpringBootContextLoader.java:111)
	at org.springframework.test.context.cache.DefaultCacheAwareContextLoaderDelegate.loadContextInternal(DefaultCacheAwareContextLoaderDelegate.java:225)
	at org.springframework.test.context.cache.DefaultCacheAwareContextLoaderDelegate.loadContext(DefaultCacheAwareContextLoaderDelegate.java:152)
	at org.springframework.test.context.support.DefaultTestContext.getApplicationContext(DefaultTestContext.java:130)
	at org.springframework.test.context.support.DependencyInjectionTestExecutionListener.injectDependencies(DependencyInjectionTestExecutionListener.java:155)
	at org.springframework.test.context.support.DependencyInjectionTestExecutionListener.prepareTestInstance(DependencyInjectionTestExecutionListener.java:111)
	at org.springframework.test.context.TestContextManager.prepareTestInstance(TestContextManager.java:260)
	at org.springframework.test.context.junit.jupiter.SpringExtension.postProcessTestInstance(SpringExtension.java:159)
	at org.junit.jupiter.engine.descriptor.ClassBasedTestDescriptor.lambda$invokeTestInstancePostProcessors$10(ClassBasedTestDescriptor.java:383)
	at org.junit.jupiter.engine.descriptor.ClassBasedTestDescriptor.executeAndMaskThrowable(ClassBasedTestDescriptor.java:388)
	at org.junit.jupiter.engine.descriptor.ClassBasedTestDescriptor.lambda$invokeTestInstancePostProcessors$11(ClassBasedTestDescriptor.java:382)
	at java.base/java.util.stream.ForEachOps$ForEachOp$OfRef.accept(ForEachOps.java:184)
	at java.base/java.util.stream.ReferencePipeline$3$1.accept(ReferencePipeline.java:215)
	at java.base/java.util.stream.ReferencePipeline$2$1.accept(ReferencePipeline.java:197)
	at java.base/java.util.stream.ReferencePipeline$3$1.accept(ReferencePipeline.java:215)
	at java.base/java.util.ArrayList$ArrayListSpliterator.forEachRemaining(ArrayList.java:1709)
	at java.base/java.util.stream.AbstractPipeline.copyInto(AbstractPipeline.java:570)
	at java.base/java.util.stream.AbstractPipeline.wrapAndCopyInto(AbstractPipeline.java:560)
	at java.base/java.util.stream.ForEachOps$ForEachOp.evaluateSequential(ForEachOps.java:151)
	at java.base/java.util.stream.ForEachOps$ForEachOp$OfRef.evaluateSequential(ForEachOps.java:174)
	at java.base/java.util.stream.AbstractPipeline.evaluate(AbstractPipeline.java:265)
	at java.base/java.util.stream.ReferencePipeline.forEach(ReferencePipeline.java:636)
	at org.junit.jupiter.engine.descriptor.ClassBasedTestDescriptor.invokeTestInstancePostProcessors(ClassBasedTestDescriptor.java:382)
	at org.junit.jupiter.engine.descriptor.ClassBasedTestDescriptor.lambda$instantiateAndPostProcessTestInstance$6(ClassBasedTestDescriptor.java:293)
	at org.junit.platform.engine.support.hierarchical.ThrowableCollector.execute(ThrowableCollector.java:73)
	at org.junit.jupiter.engine.descriptor.ClassBasedTestDescriptor.instantiateAndPostProcessTestInstance(ClassBasedTestDescriptor.java:292)
	at org.junit.jupiter.engine.descriptor.ClassBasedTestDescriptor.lambda$testInstancesProvider$4(ClassBasedTestDescriptor.java:281)
	at java.base/java.util.Optional.orElseGet(Optional.java:364)
	at org.junit.jupiter.engine.descriptor.ClassBasedTestDescriptor.lambda$testInstancesProvider$5(ClassBasedTestDescriptor.java:280)
	at org.junit.jupiter.engine.execution.TestInstancesProvider.getTestInstances(TestInstancesProvider.java:27)
	at org.junit.jupiter.engine.descriptor.TestMethodTestDescriptor.lambda$prepare$0(TestMethodTestDescriptor.java:112)
	at org.junit.platform.engine.support.hierarchical.ThrowableCollector.execute(ThrowableCollector.java:73)
	at org.junit.jupiter.engine.descriptor.TestMethodTestDescriptor.prepare(TestMethodTestDescriptor.java:111)
	at org.junit.jupiter.engine.descriptor.TestMethodTestDescriptor.prepare(TestMethodTestDescriptor.java:69)
	at org.junit.platform.engine.support.hierarchical.NodeTestTask.lambda$prepare$2(NodeTestTask.java:128)
	at org.junit.platform.engine.support.hierarchical.ThrowableCollector.execute(ThrowableCollector.java:73)
	at org.junit.platform.engine.support.hierarchical.NodeTestTask.prepare(NodeTestTask.java:128)
	at org.junit.platform.engine.support.hierarchical.NodeTestTask.execute(NodeTestTask.java:95)
	at java.base/java.util.ArrayList.forEach(ArrayList.java:1597)
	at org.junit.platform.engine.support.hierarchical.SameThreadHierarchicalTestExecutorService.invokeAll(SameThreadHierarchicalTestExecutorService.java:41)
	at org.junit.platform.engine.support.hierarchical.NodeTestTask.lambda$executeRecursively$6(NodeTestTask.java:160)
	at org.junit.platform.engine.support.hierarchical.ThrowableCollector.execute(ThrowableCollector.java:73)
	at org.junit.platform.engine.support.hierarchical.NodeTestTask.lambda$executeRecursively$8(NodeTestTask.java:146)
	at org.junit.platform.engine.support.hierarchical.Node.around(Node.java:137)
	at org.junit.platform.engine.support.hierarchical.NodeTestTask.lambda$executeRecursively$9(NodeTestTask.java:144)
	at org.junit.platform.engine.support.hierarchical.ThrowableCollector.execute(ThrowableCollector.java:73)
	at org.junit.platform.engine.support.hierarchical.NodeTestTask.executeRecursively(NodeTestTask.java:143)
	at org.junit.platform.engine.support.hierarchical.NodeTestTask.execute(NodeTestTask.java:100)
	at java.base/java.util.ArrayList.forEach(ArrayList.java:1597)
	at org.junit.platform.engine.support.hierarchical.SameThreadHierarchicalTestExecutorService.invokeAll(SameThreadHierarchicalTestExecutorService.java:41)
	at org.junit.platform.engine.support.hierarchical.NodeTestTask.lambda$executeRecursively$6(NodeTestTask.java:160)
	at org.junit.platform.engine.support.hierarchical.ThrowableCollector.execute(ThrowableCollector.java:73)
	at org.junit.platform.engine.support.hierarchical.NodeTestTask.lambda$executeRecursively$8(NodeTestTask.java:146)
	at org.junit.platform.engine.support.hierarchical.Node.around(Node.java:137)
	at org.junit.platform.engine.support.hierarchical.NodeTestTask.lambda$executeRecursively$9(NodeTestTask.java:144)
	at org.junit.platform.engine.support.hierarchical.ThrowableCollector.execute(ThrowableCollector.java:73)
	at org.junit.platform.engine.support.hierarchical.NodeTestTask.executeRecursively(NodeTestTask.java:143)
	at org.junit.platform.engine.support.hierarchical.NodeTestTask.execute(NodeTestTask.java:100)
	at org.junit.platform.engine.support.hierarchical.SameThreadHierarchicalTestExecutorService.submit(SameThreadHierarchicalTestExecutorService.java:35)
	at org.junit.platform.engine.support.hierarchical.HierarchicalTestExecutor.execute(HierarchicalTestExecutor.java:57)
	at org.junit.platform.engine.support.hierarchical.HierarchicalTestEngine.execute(HierarchicalTestEngine.java:54)
	at org.junit.platform.launcher.core.EngineExecutionOrchestrator.execute(EngineExecutionOrchestrator.java:201)
	at org.junit.platform.launcher.core.EngineExecutionOrchestrator.execute(EngineExecutionOrchestrator.java:170)
	at org.junit.platform.launcher.core.EngineExecutionOrchestrator.execute(EngineExecutionOrchestrator.java:94)
	at org.junit.platform.launcher.core.EngineExecutionOrchestrator.lambda$execute$0(EngineExecutionOrchestrator.java:59)
	at org.junit.platform.launcher.core.EngineExecutionOrchestrator.withInterceptedStreams(EngineExecutionOrchestrator.java:142)
	at org.junit.platform.launcher.core.EngineExecutionOrchestrator.execute(EngineExecutionOrchestrator.java:58)
	at org.junit.platform.launcher.core.DefaultLauncher.execute(DefaultLauncher.java:103)
	at org.junit.platform.launcher.core.DefaultLauncher.execute(DefaultLauncher.java:85)
	at org.junit.platform.launcher.core.DelegatingLauncher.execute(DelegatingLauncher.java:47)
	at org.junit.platform.launcher.core.InterceptingLauncher.lambda$execute$1(InterceptingLauncher.java:39)
	at org.junit.platform.launcher.core.ClasspathAlignmentCheckingLauncherInterceptor.intercept(ClasspathAlignmentCheckingLauncherInterceptor.java:25)
	at org.junit.platform.launcher.core.InterceptingLauncher.execute(InterceptingLauncher.java:38)
	at org.junit.platform.launcher.core.DelegatingLauncher.execute(DelegatingLauncher.java:47)
	at org.apache.maven.surefire.junitplatform.LauncherAdapter.executeWithoutCancellationToken(LauncherAdapter.java:60)
	at org.apache.maven.surefire.junitplatform.LauncherAdapter.execute(LauncherAdapter.java:52)
	at org.apache.maven.surefire.junitplatform.JUnitPlatformProvider.execute(JUnitPlatformProvider.java:203)
	at org.apache.maven.surefire.junitplatform.JUnitPlatformProvider.invokeAllTests(JUnitPlatformProvider.java:168)
	at org.apache.maven.surefire.junitplatform.JUnitPlatformProvider.invoke(JUnitPlatformProvider.java:136)
	at org.apache.maven.surefire.booter.ForkedBooter.runSuitesInProcess(ForkedBooter.java:385)
	at org.apache.maven.surefire.booter.ForkedBooter.execute(ForkedBooter.java:162)
	at org.apache.maven.surefire.booter.ForkedBooter.run(ForkedBooter.java:507)
	at org.apache.maven.surefire.booter.ForkedBooter.main(ForkedBooter.java:495)
Caused by: org.springframework.beans.factory.UnsatisfiedDependencyException: Error creating bean with name 'dataSourceScriptDatabaseInitializer' defined in class path resource [org/springframework/boot/autoconfigure/sql/init/DataSourceInitializationConfiguration.class]: Unsatisfied dependency expressed through method 'dataSourceScriptDatabaseInitializer' parameter 0: Error creating bean with name 'dataSource': Failed to replace DataSource with an embedded database for tests. If you want an embedded database please put a supported one on the classpath or tune the replace attribute of @AutoConfigureTestDatabase.
	at org.springframework.beans.factory.support.ConstructorResolver.createArgumentArray(ConstructorResolver.java:804)
	at org.springframework.beans.factory.support.ConstructorResolver.instantiateUsingFactoryMethod(ConstructorResolver.java:546)
	at org.springframework.beans.factory.support.AbstractAutowireCapableBeanFactory.instantiateUsingFactoryMethod(AbstractAutowireCapableBeanFactory.java:1375)
	at org.springframework.beans.factory.support.AbstractAutowireCapableBeanFactory.createBeanInstance(AbstractAutowireCapableBeanFactory.java:1205)
	at org.springframework.beans.factory.support.AbstractAutowireCapableBeanFactory.doCreateBean(AbstractAutowireCapableBeanFactory.java:569)
	at org.springframework.beans.factory.support.AbstractAutowireCapableBeanFactory.createBean(AbstractAutowireCapableBeanFactory.java:529)
	at org.springframework.beans.factory.support.AbstractBeanFactory.lambda$doGetBean$0(AbstractBeanFactory.java:339)
	at org.springframework.beans.factory.support.DefaultSingletonBeanRegistry.getSingleton(DefaultSingletonBeanRegistry.java:373)
	at org.springframework.beans.factory.support.AbstractBeanFactory.doGetBean(AbstractBeanFactory.java:337)
	at org.springframework.beans.factory.support.AbstractBeanFactory.getBean(AbstractBeanFactory.java:202)
	at org.springframework.beans.factory.support.AbstractBeanFactory.doGetBean(AbstractBeanFactory.java:315)
	... 95 common frames omitted
Caused by: org.springframework.beans.factory.BeanCreationException: Error creating bean with name 'dataSource': Failed to replace DataSource with an embedded database for tests. If you want an embedded database please put a supported one on the classpath or tune the replace attribute of @AutoConfigureTestDatabase.
	at org.springframework.beans.factory.support.AbstractAutowireCapableBeanFactory.initializeBean(AbstractAutowireCapableBeanFactory.java:1826)
	at org.springframework.beans.factory.support.AbstractAutowireCapableBeanFactory.doCreateBean(AbstractAutowireCapableBeanFactory.java:607)
	at org.springframework.beans.factory.support.AbstractAutowireCapableBeanFactory.createBean(AbstractAutowireCapableBeanFactory.java:529)
	at org.springframework.beans.factory.support.AbstractBeanFactory.lambda$doGetBean$0(AbstractBeanFactory.java:339)
	at org.springframework.beans.factory.support.DefaultSingletonBeanRegistry.getSingleton(DefaultSingletonBeanRegistry.java:373)
	at org.springframework.beans.factory.support.AbstractBeanFactory.doGetBean(AbstractBeanFactory.java:337)
	at org.springframework.beans.factory.support.AbstractBeanFactory.getBean(AbstractBeanFactory.java:202)
	at org.springframework.beans.factory.support.DefaultListableBeanFactory.doResolveDependency(DefaultListableBeanFactory.java:1708)
	at org.springframework.beans.factory.support.DefaultListableBeanFactory.resolveDependency(DefaultListableBeanFactory.java:1653)
	at org.springframework.beans.factory.support.ConstructorResolver.resolveAutowiredArgument(ConstructorResolver.java:913)
	at org.springframework.beans.factory.support.ConstructorResolver.createArgumentArray(ConstructorResolver.java:791)
	... 105 common frames omitted
Caused by: java.lang.IllegalStateException: Failed to replace DataSource with an embedded database for tests. If you want an embedded database please put a supported one on the classpath or tune the replace attribute of @AutoConfigureTestDatabase.
	at org.springframework.util.Assert.state(Assert.java:79)
	at org.springframework.boot.test.autoconfigure.jdbc.TestDatabaseAutoConfiguration$EmbeddedDataSourceFactory.getEmbeddedDatabase(TestDatabaseAutoConfiguration.java:291)
	at org.springframework.boot.test.autoconfigure.jdbc.TestDatabaseAutoConfiguration$EmbeddedDataSourceFactoryBean.afterPropertiesSet(TestDatabaseAutoConfiguration.java:256)
	at org.springframework.beans.factory.support.AbstractAutowireCapableBeanFactory.invokeInitMethods(AbstractAutowireCapableBeanFactory.java:1873)
	at org.springframework.beans.factory.support.AbstractAutowireCapableBeanFactory.initializeBean(AbstractAutowireCapableBeanFactory.java:1822)
	... 115 common frames omitted
2026-02-20 21:27:46 WARN  [main] o.s.test.context.TestContextManager - Caught exception while allowing TestExecutionListener [org.springframework.test.context.support.DependencyInjectionTestExecutionListener] to prepare test instance [com.MFP.OrderService.repository.OrderRepositoryTest@6ee043ea]
java.lang.IllegalStateException: Failed to load ApplicationContext for [MergedContextConfiguration@79de7e5e testClass = com.MFP.OrderService.repository.OrderRepositoryTest, locations = [], classes = [com.MFP.OrderService.OrderServiceApplication], contextInitializerClasses = [], activeProfiles = ["test"], propertySourceDescriptors = [], propertySourceProperties = ["org.springframework.boot.test.autoconfigure.orm.jpa.DataJpaTestContextBootstrapper=true"], contextCustomizers = [[ImportsContextCustomizer@54e66551 key = [org.springframework.boot.autoconfigure.transaction.TransactionAutoConfiguration, org.springframework.boot.autoconfigure.data.jpa.JpaRepositoriesAutoConfiguration, org.springframework.boot.test.autoconfigure.orm.jpa.TestEntityManagerAutoConfiguration, org.springframework.boot.autoconfigure.cache.CacheAutoConfiguration, org.springframework.boot.autoconfigure.orm.jpa.HibernateJpaAutoConfiguration, org.springframework.boot.autoconfigure.sql.init.SqlInitializationAutoConfiguration, org.springframework.boot.test.autoconfigure.jdbc.TestDatabaseAutoConfiguration, org.springframework.boot.autoconfigure.flyway.FlywayAutoConfiguration, org.springframework.boot.autoconfigure.jdbc.DataSourceTransactionManagerAutoConfiguration, org.springframework.boot.autoconfigure.liquibase.LiquibaseAutoConfiguration, org.springframework.boot.autoconfigure.jdbc.JdbcClientAutoConfiguration, org.springframework.boot.autoconfigure.jdbc.DataSourceAutoConfiguration, org.springframework.boot.autoconfigure.jdbc.JdbcTemplateAutoConfiguration]], org.springframework.boot.test.context.filter.ExcludeFilterContextCustomizer@7a7d1b47, org.springframework.boot.test.json.DuplicateJsonObjectContextCustomizerFactory$DuplicateJsonObjectContextCustomizer@2f2d52ef, org.springframework.boot.test.mock.mockito.MockitoContextCustomizer@0, org.springframework.boot.test.web.reactor.netty.DisableReactorResourceFactoryGlobalResourcesContextCustomizerFactory$DisableReactorResourceFactoryGlobalResourcesContextCustomizerCustomizer@29528a22, org.springframework.boot.test.autoconfigure.OnFailureConditionReportContextCustomizerFactory$OnFailureConditionReportContextCustomizer@71dfcf21, org.springframework.boot.test.autoconfigure.OverrideAutoConfigurationContextCustomizerFactory$DisableAutoConfigurationContextCustomizer@11e33bac, org.springframework.boot.test.autoconfigure.actuate.observability.ObservabilityContextCustomizerFactory$DisableObservabilityContextCustomizer@1f, org.springframework.boot.test.autoconfigure.filter.TypeExcludeFiltersContextCustomizer@34be3d80, org.springframework.boot.test.autoconfigure.properties.PropertyMappingContextCustomizer@dff961ca, org.springframework.boot.test.autoconfigure.web.servlet.WebDriverContextCustomizer@54d901aa, org.springframework.test.context.support.DynamicPropertiesContextCustomizer@0, org.springframework.boot.test.context.SpringBootTestAnnotation@a1389691], contextLoader = org.springframework.boot.test.context.SpringBootContextLoader, parent = null]
	at org.springframework.test.context.cache.DefaultCacheAwareContextLoaderDelegate.loadContext(DefaultCacheAwareContextLoaderDelegate.java:180)
	at org.springframework.test.context.support.DefaultTestContext.getApplicationContext(DefaultTestContext.java:130)
	at org.springframework.test.context.support.DependencyInjectionTestExecutionListener.injectDependencies(DependencyInjectionTestExecutionListener.java:155)
	at org.springframework.test.context.support.DependencyInjectionTestExecutionListener.prepareTestInstance(DependencyInjectionTestExecutionListener.java:111)
	at org.springframework.test.context.TestContextManager.prepareTestInstance(TestContextManager.java:260)
	at org.springframework.test.context.junit.jupiter.SpringExtension.postProcessTestInstance(SpringExtension.java:159)
	at org.junit.jupiter.engine.descriptor.ClassBasedTestDescriptor.lambda$invokeTestInstancePostProcessors$10(ClassBasedTestDescriptor.java:383)
	at org.junit.jupiter.engine.descriptor.ClassBasedTestDescriptor.executeAndMaskThrowable(ClassBasedTestDescriptor.java:388)
	at org.junit.jupiter.engine.descriptor.ClassBasedTestDescriptor.lambda$invokeTestInstancePostProcessors$11(ClassBasedTestDescriptor.java:382)
	at java.base/java.util.stream.ForEachOps$ForEachOp$OfRef.accept(ForEachOps.java:184)
	at java.base/java.util.stream.ReferencePipeline$3$1.accept(ReferencePipeline.java:215)
	at java.base/java.util.stream.ReferencePipeline$2$1.accept(ReferencePipeline.java:197)
	at java.base/java.util.stream.ReferencePipeline$3$1.accept(ReferencePipeline.java:215)
	at java.base/java.util.ArrayList$ArrayListSpliterator.forEachRemaining(ArrayList.java:1709)
	at java.base/java.util.stream.AbstractPipeline.copyInto(AbstractPipeline.java:570)
	at java.base/java.util.stream.AbstractPipeline.wrapAndCopyInto(AbstractPipeline.java:560)
	at java.base/java.util.stream.ForEachOps$ForEachOp.evaluateSequential(ForEachOps.java:151)
	at java.base/java.util.stream.ForEachOps$ForEachOp$OfRef.evaluateSequential(ForEachOps.java:174)
	at java.base/java.util.stream.AbstractPipeline.evaluate(AbstractPipeline.java:265)
	at java.base/java.util.stream.ReferencePipeline.forEach(ReferencePipeline.java:636)
	at org.junit.jupiter.engine.descriptor.ClassBasedTestDescriptor.invokeTestInstancePostProcessors(ClassBasedTestDescriptor.java:382)
	at org.junit.jupiter.engine.descriptor.ClassBasedTestDescriptor.lambda$instantiateAndPostProcessTestInstance$6(ClassBasedTestDescriptor.java:293)
	at org.junit.platform.engine.support.hierarchical.ThrowableCollector.execute(ThrowableCollector.java:73)
	at org.junit.jupiter.engine.descriptor.ClassBasedTestDescriptor.instantiateAndPostProcessTestInstance(ClassBasedTestDescriptor.java:292)
	at org.junit.jupiter.engine.descriptor.ClassBasedTestDescriptor.lambda$testInstancesProvider$4(ClassBasedTestDescriptor.java:281)
	at java.base/java.util.Optional.orElseGet(Optional.java:364)
	at org.junit.jupiter.engine.descriptor.ClassBasedTestDescriptor.lambda$testInstancesProvider$5(ClassBasedTestDescriptor.java:280)
	at org.junit.jupiter.engine.execution.TestInstancesProvider.getTestInstances(TestInstancesProvider.java:27)
	at org.junit.jupiter.engine.descriptor.TestMethodTestDescriptor.lambda$prepare$0(TestMethodTestDescriptor.java:112)
	at org.junit.platform.engine.support.hierarchical.ThrowableCollector.execute(ThrowableCollector.java:73)
	at org.junit.jupiter.engine.descriptor.TestMethodTestDescriptor.prepare(TestMethodTestDescriptor.java:111)
	at org.junit.jupiter.engine.descriptor.TestMethodTestDescriptor.prepare(TestMethodTestDescriptor.java:69)
	at org.junit.platform.engine.support.hierarchical.NodeTestTask.lambda$prepare$2(NodeTestTask.java:128)
	at org.junit.platform.engine.support.hierarchical.ThrowableCollector.execute(ThrowableCollector.java:73)
	at org.junit.platform.engine.support.hierarchical.NodeTestTask.prepare(NodeTestTask.java:128)
	at org.junit.platform.engine.support.hierarchical.NodeTestTask.execute(NodeTestTask.java:95)
	at java.base/java.util.ArrayList.forEach(ArrayList.java:1597)
	at org.junit.platform.engine.support.hierarchical.SameThreadHierarchicalTestExecutorService.invokeAll(SameThreadHierarchicalTestExecutorService.java:41)
	at org.junit.platform.engine.support.hierarchical.NodeTestTask.lambda$executeRecursively$6(NodeTestTask.java:160)
	at org.junit.platform.engine.support.hierarchical.ThrowableCollector.execute(ThrowableCollector.java:73)
	at org.junit.platform.engine.support.hierarchical.NodeTestTask.lambda$executeRecursively$8(NodeTestTask.java:146)
	at org.junit.platform.engine.support.hierarchical.Node.around(Node.java:137)
	at org.junit.platform.engine.support.hierarchical.NodeTestTask.lambda$executeRecursively$9(NodeTestTask.java:144)
	at org.junit.platform.engine.support.hierarchical.ThrowableCollector.execute(ThrowableCollector.java:73)
	at org.junit.platform.engine.support.hierarchical.NodeTestTask.executeRecursively(NodeTestTask.java:143)
	at org.junit.platform.engine.support.hierarchical.NodeTestTask.execute(NodeTestTask.java:100)
	at java.base/java.util.ArrayList.forEach(ArrayList.java:1597)
	at org.junit.platform.engine.support.hierarchical.SameThreadHierarchicalTestExecutorService.invokeAll(SameThreadHierarchicalTestExecutorService.java:41)
	at org.junit.platform.engine.support.hierarchical.NodeTestTask.lambda$executeRecursively$6(NodeTestTask.java:160)
	at org.junit.platform.engine.support.hierarchical.ThrowableCollector.execute(ThrowableCollector.java:73)
	at org.junit.platform.engine.support.hierarchical.NodeTestTask.lambda$executeRecursively$8(NodeTestTask.java:146)
	at org.junit.platform.engine.support.hierarchical.Node.around(Node.java:137)
	at org.junit.platform.engine.support.hierarchical.NodeTestTask.lambda$executeRecursively$9(NodeTestTask.java:144)
	at org.junit.platform.engine.support.hierarchical.ThrowableCollector.execute(ThrowableCollector.java:73)
	at org.junit.platform.engine.support.hierarchical.NodeTestTask.executeRecursively(NodeTestTask.java:143)
	at org.junit.platform.engine.support.hierarchical.NodeTestTask.execute(NodeTestTask.java:100)
	at org.junit.platform.engine.support.hierarchical.SameThreadHierarchicalTestExecutorService.submit(SameThreadHierarchicalTestExecutorService.java:35)
	at org.junit.platform.engine.support.hierarchical.HierarchicalTestExecutor.execute(HierarchicalTestExecutor.java:57)
	at org.junit.platform.engine.support.hierarchical.HierarchicalTestEngine.execute(HierarchicalTestEngine.java:54)
	at org.junit.platform.launcher.core.EngineExecutionOrchestrator.execute(EngineExecutionOrchestrator.java:201)
	at org.junit.platform.launcher.core.EngineExecutionOrchestrator.execute(EngineExecutionOrchestrator.java:170)
	at org.junit.platform.launcher.core.EngineExecutionOrchestrator.execute(EngineExecutionOrchestrator.java:94)
	at org.junit.platform.launcher.core.EngineExecutionOrchestrator.lambda$execute$0(EngineExecutionOrchestrator.java:59)
	at org.junit.platform.launcher.core.EngineExecutionOrchestrator.withInterceptedStreams(EngineExecutionOrchestrator.java:142)
	at org.junit.platform.launcher.core.EngineExecutionOrchestrator.execute(EngineExecutionOrchestrator.java:58)
	at org.junit.platform.launcher.core.DefaultLauncher.execute(DefaultLauncher.java:103)
	at org.junit.platform.launcher.core.DefaultLauncher.execute(DefaultLauncher.java:85)
	at org.junit.platform.launcher.core.DelegatingLauncher.execute(DelegatingLauncher.java:47)
	at org.junit.platform.launcher.core.InterceptingLauncher.lambda$execute$1(InterceptingLauncher.java:39)
	at org.junit.platform.launcher.core.ClasspathAlignmentCheckingLauncherInterceptor.intercept(ClasspathAlignmentCheckingLauncherInterceptor.java:25)
	at org.junit.platform.launcher.core.InterceptingLauncher.execute(InterceptingLauncher.java:38)
	at org.junit.platform.launcher.core.DelegatingLauncher.execute(DelegatingLauncher.java:47)
	at org.apache.maven.surefire.junitplatform.LauncherAdapter.executeWithoutCancellationToken(LauncherAdapter.java:60)
	at org.apache.maven.surefire.junitplatform.LauncherAdapter.execute(LauncherAdapter.java:52)
	at org.apache.maven.surefire.junitplatform.JUnitPlatformProvider.execute(JUnitPlatformProvider.java:203)
	at org.apache.maven.surefire.junitplatform.JUnitPlatformProvider.invokeAllTests(JUnitPlatformProvider.java:168)
	at org.apache.maven.surefire.junitplatform.JUnitPlatformProvider.invoke(JUnitPlatformProvider.java:136)
	at org.apache.maven.surefire.booter.ForkedBooter.runSuitesInProcess(ForkedBooter.java:385)
	at org.apache.maven.surefire.booter.ForkedBooter.execute(ForkedBooter.java:162)
	at org.apache.maven.surefire.booter.ForkedBooter.run(ForkedBooter.java:507)
	at org.apache.maven.surefire.booter.ForkedBooter.main(ForkedBooter.java:495)
Caused by: org.springframework.beans.factory.BeanCreationException: Error creating bean with name 'entityManagerFactory' defined in class path resource [org/springframework/boot/autoconfigure/orm/jpa/HibernateJpaConfiguration.class]: Failed to initialize dependency 'dataSourceScriptDatabaseInitializer' of LoadTimeWeaverAware bean 'entityManagerFactory': Error creating bean with name 'dataSourceScriptDatabaseInitializer' defined in class path resource [org/springframework/boot/autoconfigure/sql/init/DataSourceInitializationConfiguration.class]: Unsatisfied dependency expressed through method 'dataSourceScriptDatabaseInitializer' parameter 0: Error creating bean with name 'dataSource': Failed to replace DataSource with an embedded database for tests. If you want an embedded database please put a supported one on the classpath or tune the replace attribute of @AutoConfigureTestDatabase.
	at org.springframework.beans.factory.support.AbstractBeanFactory.doGetBean(AbstractBeanFactory.java:328)
	at org.springframework.beans.factory.support.AbstractBeanFactory.getBean(AbstractBeanFactory.java:207)
	at org.springframework.context.support.AbstractApplicationContext.finishBeanFactoryInitialization(AbstractApplicationContext.java:973)
	at org.springframework.context.support.AbstractApplicationContext.refresh(AbstractApplicationContext.java:627)
	at org.springframework.boot.SpringApplication.refresh(SpringApplication.java:752)
	at org.springframework.boot.SpringApplication.refreshContext(SpringApplication.java:439)
	at org.springframework.boot.SpringApplication.run(SpringApplication.java:318)
	at org.springframework.boot.test.context.SpringBootContextLoader.lambda$loadContext$3(SpringBootContextLoader.java:152)
	at org.springframework.util.function.ThrowingSupplier.get(ThrowingSupplier.java:58)
	at org.springframework.util.function.ThrowingSupplier.get(ThrowingSupplier.java:46)
	at org.springframework.boot.SpringApplication.withHook(SpringApplication.java:1461)
	at org.springframework.boot.test.context.SpringBootContextLoader$ContextLoaderHook.run(SpringBootContextLoader.java:595)
	at org.springframework.boot.test.context.SpringBootContextLoader.loadContext(SpringBootContextLoader.java:152)
	at org.springframework.boot.test.context.SpringBootContextLoader.loadContext(SpringBootContextLoader.java:111)
	at org.springframework.test.context.cache.DefaultCacheAwareContextLoaderDelegate.loadContextInternal(DefaultCacheAwareContextLoaderDelegate.java:225)
	at org.springframework.test.context.cache.DefaultCacheAwareContextLoaderDelegate.loadContext(DefaultCacheAwareContextLoaderDelegate.java:152)
	... 80 common frames omitted
Caused by: org.springframework.beans.factory.UnsatisfiedDependencyException: Error creating bean with name 'dataSourceScriptDatabaseInitializer' defined in class path resource [org/springframework/boot/autoconfigure/sql/init/DataSourceInitializationConfiguration.class]: Unsatisfied dependency expressed through method 'dataSourceScriptDatabaseInitializer' parameter 0: Error creating bean with name 'dataSource': Failed to replace DataSource with an embedded database for tests. If you want an embedded database please put a supported one on the classpath or tune the replace attribute of @AutoConfigureTestDatabase.
	at org.springframework.beans.factory.support.ConstructorResolver.createArgumentArray(ConstructorResolver.java:804)
	at org.springframework.beans.factory.support.ConstructorResolver.instantiateUsingFactoryMethod(ConstructorResolver.java:546)
	at org.springframework.beans.factory.support.AbstractAutowireCapableBeanFactory.instantiateUsingFactoryMethod(AbstractAutowireCapableBeanFactory.java:1375)
	at org.springframework.beans.factory.support.AbstractAutowireCapableBeanFactory.createBeanInstance(AbstractAutowireCapableBeanFactory.java:1205)
	at org.springframework.beans.factory.support.AbstractAutowireCapableBeanFactory.doCreateBean(AbstractAutowireCapableBeanFactory.java:569)
	at org.springframework.beans.factory.support.AbstractAutowireCapableBeanFactory.createBean(AbstractAutowireCapableBeanFactory.java:529)
	at org.springframework.beans.factory.support.AbstractBeanFactory.lambda$doGetBean$0(AbstractBeanFactory.java:339)
	at org.springframework.beans.factory.support.DefaultSingletonBeanRegistry.getSingleton(DefaultSingletonBeanRegistry.java:373)
	at org.springframework.beans.factory.support.AbstractBeanFactory.doGetBean(AbstractBeanFactory.java:337)
	at org.springframework.beans.factory.support.AbstractBeanFactory.getBean(AbstractBeanFactory.java:202)
	at org.springframework.beans.factory.support.AbstractBeanFactory.doGetBean(AbstractBeanFactory.java:315)
	... 95 common frames omitted
Caused by: org.springframework.beans.factory.BeanCreationException: Error creating bean with name 'dataSource': Failed to replace DataSource with an embedded database for tests. If you want an embedded database please put a supported one on the classpath or tune the replace attribute of @AutoConfigureTestDatabase.
	at org.springframework.beans.factory.support.AbstractAutowireCapableBeanFactory.initializeBean(AbstractAutowireCapableBeanFactory.java:1826)
	at org.springframework.beans.factory.support.AbstractAutowireCapableBeanFactory.doCreateBean(AbstractAutowireCapableBeanFactory.java:607)
	at org.springframework.beans.factory.support.AbstractAutowireCapableBeanFactory.createBean(AbstractAutowireCapableBeanFactory.java:529)
	at org.springframework.beans.factory.support.AbstractBeanFactory.lambda$doGetBean$0(AbstractBeanFactory.java:339)
	at org.springframework.beans.factory.support.DefaultSingletonBeanRegistry.getSingleton(DefaultSingletonBeanRegistry.java:373)
	at org.springframework.beans.factory.support.AbstractBeanFactory.doGetBean(AbstractBeanFactory.java:337)
	at org.springframework.beans.factory.support.AbstractBeanFactory.getBean(AbstractBeanFactory.java:202)
	at org.springframework.beans.factory.support.DefaultListableBeanFactory.doResolveDependency(DefaultListableBeanFactory.java:1708)
	at org.springframework.beans.factory.support.DefaultListableBeanFactory.resolveDependency(DefaultListableBeanFactory.java:1653)
	at org.springframework.beans.factory.support.ConstructorResolver.resolveAutowiredArgument(ConstructorResolver.java:913)
	at org.springframework.beans.factory.support.ConstructorResolver.createArgumentArray(ConstructorResolver.java:791)
	... 105 common frames omitted
Caused by: java.lang.IllegalStateException: Failed to replace DataSource with an embedded database for tests. If you want an embedded database please put a supported one on the classpath or tune the replace attribute of @AutoConfigureTestDatabase.
	at org.springframework.util.Assert.state(Assert.java:79)
	at org.springframework.boot.test.autoconfigure.jdbc.TestDatabaseAutoConfiguration$EmbeddedDataSourceFactory.getEmbeddedDatabase(TestDatabaseAutoConfiguration.java:291)
	at org.springframework.boot.test.autoconfigure.jdbc.TestDatabaseAutoConfiguration$EmbeddedDataSourceFactoryBean.afterPropertiesSet(TestDatabaseAutoConfiguration.java:256)
	at org.springframework.beans.factory.support.AbstractAutowireCapableBeanFactory.invokeInitMethods(AbstractAutowireCapableBeanFactory.java:1873)
	at org.springframework.beans.factory.support.AbstractAutowireCapableBeanFactory.initializeBean(AbstractAutowireCapableBeanFactory.java:1822)
	... 115 common frames omitted
2026-02-20 21:27:46 WARN  [main] o.s.test.context.TestContextManager - Caught exception while allowing TestExecutionListener [org.springframework.test.context.support.DependencyInjectionTestExecutionListener] to prepare test instance [com.MFP.OrderService.repository.OrderRepositoryTest@20173acf]
java.lang.IllegalStateException: ApplicationContext failure threshold (1) exceeded: skipping repeated attempt to load context for [MergedContextConfiguration@79de7e5e testClass = com.MFP.OrderService.repository.OrderRepositoryTest, locations = [], classes = [com.MFP.OrderService.OrderServiceApplication], contextInitializerClasses = [], activeProfiles = ["test"], propertySourceDescriptors = [], propertySourceProperties = ["org.springframework.boot.test.autoconfigure.orm.jpa.DataJpaTestContextBootstrapper=true"], contextCustomizers = [[ImportsContextCustomizer@54e66551 key = [org.springframework.boot.autoconfigure.transaction.TransactionAutoConfiguration, org.springframework.boot.autoconfigure.data.jpa.JpaRepositoriesAutoConfiguration, org.springframework.boot.test.autoconfigure.orm.jpa.TestEntityManagerAutoConfiguration, org.springframework.boot.autoconfigure.cache.CacheAutoConfiguration, org.springframework.boot.autoconfigure.orm.jpa.HibernateJpaAutoConfiguration, org.springframework.boot.autoconfigure.sql.init.SqlInitializationAutoConfiguration, org.springframework.boot.test.autoconfigure.jdbc.TestDatabaseAutoConfiguration, org.springframework.boot.autoconfigure.flyway.FlywayAutoConfiguration, org.springframework.boot.autoconfigure.jdbc.DataSourceTransactionManagerAutoConfiguration, org.springframework.boot.autoconfigure.liquibase.LiquibaseAutoConfiguration, org.springframework.boot.autoconfigure.jdbc.JdbcClientAutoConfiguration, org.springframework.boot.autoconfigure.jdbc.DataSourceAutoConfiguration, org.springframework.boot.autoconfigure.jdbc.JdbcTemplateAutoConfiguration]], org.springframework.boot.test.context.filter.ExcludeFilterContextCustomizer@7a7d1b47, org.springframework.boot.test.json.DuplicateJsonObjectContextCustomizerFactory$DuplicateJsonObjectContextCustomizer@2f2d52ef, org.springframework.boot.test.mock.mockito.MockitoContextCustomizer@0, org.springframework.boot.test.web.reactor.netty.DisableReactorResourceFactoryGlobalResourcesContextCustomizerFactory$DisableReactorResourceFactoryGlobalResourcesContextCustomizerCustomizer@29528a22, org.springframework.boot.test.autoconfigure.OnFailureConditionReportContextCustomizerFactory$OnFailureConditionReportContextCustomizer@71dfcf21, org.springframework.boot.test.autoconfigure.OverrideAutoConfigurationContextCustomizerFactory$DisableAutoConfigurationContextCustomizer@11e33bac, org.springframework.boot.test.autoconfigure.actuate.observability.ObservabilityContextCustomizerFactory$DisableObservabilityContextCustomizer@1f, org.springframework.boot.test.autoconfigure.filter.TypeExcludeFiltersContextCustomizer@34be3d80, org.springframework.boot.test.autoconfigure.properties.PropertyMappingContextCustomizer@dff961ca, org.springframework.boot.test.autoconfigure.web.servlet.WebDriverContextCustomizer@54d901aa, org.springframework.test.context.support.DynamicPropertiesContextCustomizer@0, org.springframework.boot.test.context.SpringBootTestAnnotation@a1389691], contextLoader = org.springframework.boot.test.context.SpringBootContextLoader, parent = null]
	at org.springframework.test.context.cache.DefaultCacheAwareContextLoaderDelegate.loadContext(DefaultCacheAwareContextLoaderDelegate.java:145)
	at org.springframework.test.context.support.DefaultTestContext.getApplicationContext(DefaultTestContext.java:130)
	at org.springframework.test.context.support.DependencyInjectionTestExecutionListener.injectDependencies(DependencyInjectionTestExecutionListener.java:155)
	at org.springframework.test.context.support.DependencyInjectionTestExecutionListener.prepareTestInstance(DependencyInjectionTestExecutionListener.java:111)
	at org.springframework.test.context.TestContextManager.prepareTestInstance(TestContextManager.java:260)
	at org.springframework.test.context.junit.jupiter.SpringExtension.postProcessTestInstance(SpringExtension.java:159)
	at org.junit.jupiter.engine.descriptor.ClassBasedTestDescriptor.lambda$invokeTestInstancePostProcessors$10(ClassBasedTestDescriptor.java:383)
	at org.junit.jupiter.engine.descriptor.ClassBasedTestDescriptor.executeAndMaskThrowable(ClassBasedTestDescriptor.java:388)
	at org.junit.jupiter.engine.descriptor.ClassBasedTestDescriptor.lambda$invokeTestInstancePostProcessors$11(ClassBasedTestDescriptor.java:382)
	at java.base/java.util.stream.ForEachOps$ForEachOp$OfRef.accept(ForEachOps.java:184)
	at java.base/java.util.stream.ReferencePipeline$3$1.accept(ReferencePipeline.java:215)
	at java.base/java.util.stream.ReferencePipeline$2$1.accept(ReferencePipeline.java:197)
	at java.base/java.util.stream.ReferencePipeline$3$1.accept(ReferencePipeline.java:215)
	at java.base/java.util.ArrayList$ArrayListSpliterator.forEachRemaining(ArrayList.java:1709)
	at java.base/java.util.stream.AbstractPipeline.copyInto(AbstractPipeline.java:570)
	at java.base/java.util.stream.AbstractPipeline.wrapAndCopyInto(AbstractPipeline.java:560)
	at java.base/java.util.stream.ForEachOps$ForEachOp.evaluateSequential(ForEachOps.java:151)
	at java.base/java.util.stream.ForEachOps$ForEachOp$OfRef.evaluateSequential(ForEachOps.java:174)
	at java.base/java.util.stream.AbstractPipeline.evaluate(AbstractPipeline.java:265)
	at java.base/java.util.stream.ReferencePipeline.forEach(ReferencePipeline.java:636)
	at org.junit.jupiter.engine.descriptor.ClassBasedTestDescriptor.invokeTestInstancePostProcessors(ClassBasedTestDescriptor.java:382)
	at org.junit.jupiter.engine.descriptor.ClassBasedTestDescriptor.lambda$instantiateAndPostProcessTestInstance$6(ClassBasedTestDescriptor.java:293)
	at org.junit.platform.engine.support.hierarchical.ThrowableCollector.execute(ThrowableCollector.java:73)
	at org.junit.jupiter.engine.descriptor.ClassBasedTestDescriptor.instantiateAndPostProcessTestInstance(ClassBasedTestDescriptor.java:292)
	at org.junit.jupiter.engine.descriptor.ClassBasedTestDescriptor.lambda$testInstancesProvider$4(ClassBasedTestDescriptor.java:281)
	at java.base/java.util.Optional.orElseGet(Optional.java:364)
	at org.junit.jupiter.engine.descriptor.ClassBasedTestDescriptor.lambda$testInstancesProvider$5(ClassBasedTestDescriptor.java:280)
	at org.junit.jupiter.engine.execution.TestInstancesProvider.getTestInstances(TestInstancesProvider.java:27)
	at org.junit.jupiter.engine.descriptor.TestMethodTestDescriptor.lambda$prepare$0(TestMethodTestDescriptor.java:112)
	at org.junit.platform.engine.support.hierarchical.ThrowableCollector.execute(ThrowableCollector.java:73)
	at org.junit.jupiter.engine.descriptor.TestMethodTestDescriptor.prepare(TestMethodTestDescriptor.java:111)
	at org.junit.jupiter.engine.descriptor.TestMethodTestDescriptor.prepare(TestMethodTestDescriptor.java:69)
	at org.junit.platform.engine.support.hierarchical.NodeTestTask.lambda$prepare$2(NodeTestTask.java:128)
	at org.junit.platform.engine.support.hierarchical.ThrowableCollector.execute(ThrowableCollector.java:73)
	at org.junit.platform.engine.support.hierarchical.NodeTestTask.prepare(NodeTestTask.java:128)
	at org.junit.platform.engine.support.hierarchical.NodeTestTask.execute(NodeTestTask.java:95)
	at java.base/java.util.ArrayList.forEach(ArrayList.java:1597)
	at org.junit.platform.engine.support.hierarchical.SameThreadHierarchicalTestExecutorService.invokeAll(SameThreadHierarchicalTestExecutorService.java:41)
	at org.junit.platform.engine.support.hierarchical.NodeTestTask.lambda$executeRecursively$6(NodeTestTask.java:160)
	at org.junit.platform.engine.support.hierarchical.ThrowableCollector.execute(ThrowableCollector.java:73)
	at org.junit.platform.engine.support.hierarchical.NodeTestTask.lambda$executeRecursively$8(NodeTestTask.java:146)
	at org.junit.platform.engine.support.hierarchical.Node.around(Node.java:137)
	at org.junit.platform.engine.support.hierarchical.NodeTestTask.lambda$executeRecursively$9(NodeTestTask.java:144)
	at org.junit.platform.engine.support.hierarchical.ThrowableCollector.execute(ThrowableCollector.java:73)
	at org.junit.platform.engine.support.hierarchical.NodeTestTask.executeRecursively(NodeTestTask.java:143)
	at org.junit.platform.engine.support.hierarchical.NodeTestTask.execute(NodeTestTask.java:100)
	at java.base/java.util.ArrayList.forEach(ArrayList.java:1597)
	at org.junit.platform.engine.support.hierarchical.SameThreadHierarchicalTestExecutorService.invokeAll(SameThreadHierarchicalTestExecutorService.java:41)
	at org.junit.platform.engine.support.hierarchical.NodeTestTask.lambda$executeRecursively$6(NodeTestTask.java:160)
	at org.junit.platform.engine.support.hierarchical.ThrowableCollector.execute(ThrowableCollector.java:73)
	at org.junit.platform.engine.support.hierarchical.NodeTestTask.lambda$executeRecursively$8(NodeTestTask.java:146)
	at org.junit.platform.engine.support.hierarchical.Node.around(Node.java:137)
	at org.junit.platform.engine.support.hierarchical.NodeTestTask.lambda$executeRecursively$9(NodeTestTask.java:144)
	at org.junit.platform.engine.support.hierarchical.ThrowableCollector.execute(ThrowableCollector.java:73)
	at org.junit.platform.engine.support.hierarchical.NodeTestTask.executeRecursively(NodeTestTask.java:143)
	at org.junit.platform.engine.support.hierarchical.NodeTestTask.execute(NodeTestTask.java:100)
	at org.junit.platform.engine.support.hierarchical.SameThreadHierarchicalTestExecutorService.submit(SameThreadHierarchicalTestExecutorService.java:35)
	at org.junit.platform.engine.support.hierarchical.HierarchicalTestExecutor.execute(HierarchicalTestExecutor.java:57)
	at org.junit.platform.engine.support.hierarchical.HierarchicalTestEngine.execute(HierarchicalTestEngine.java:54)
	at org.junit.platform.launcher.core.EngineExecutionOrchestrator.execute(EngineExecutionOrchestrator.java:201)
	at org.junit.platform.launcher.core.EngineExecutionOrchestrator.execute(EngineExecutionOrchestrator.java:170)
	at org.junit.platform.launcher.core.EngineExecutionOrchestrator.execute(EngineExecutionOrchestrator.java:94)
	at org.junit.platform.launcher.core.EngineExecutionOrchestrator.lambda$execute$0(EngineExecutionOrchestrator.java:59)
	at org.junit.platform.launcher.core.EngineExecutionOrchestrator.withInterceptedStreams(EngineExecutionOrchestrator.java:142)
	at org.junit.platform.launcher.core.EngineExecutionOrchestrator.execute(EngineExecutionOrchestrator.java:58)
	at org.junit.platform.launcher.core.DefaultLauncher.execute(DefaultLauncher.java:103)
	at org.junit.platform.launcher.core.DefaultLauncher.execute(DefaultLauncher.java:85)
	at org.junit.platform.launcher.core.DelegatingLauncher.execute(DelegatingLauncher.java:47)
	at org.junit.platform.launcher.core.InterceptingLauncher.lambda$execute$1(InterceptingLauncher.java:39)
	at org.junit.platform.launcher.core.ClasspathAlignmentCheckingLauncherInterceptor.intercept(ClasspathAlignmentCheckingLauncherInterceptor.java:25)
	at org.junit.platform.launcher.core.InterceptingLauncher.execute(InterceptingLauncher.java:38)
	at org.junit.platform.launcher.core.DelegatingLauncher.execute(DelegatingLauncher.java:47)
	at org.apache.maven.surefire.junitplatform.LauncherAdapter.executeWithoutCancellationToken(LauncherAdapter.java:60)
	at org.apache.maven.surefire.junitplatform.LauncherAdapter.execute(LauncherAdapter.java:52)
	at org.apache.maven.surefire.junitplatform.JUnitPlatformProvider.execute(JUnitPlatformProvider.java:203)
	at org.apache.maven.surefire.junitplatform.JUnitPlatformProvider.invokeAllTests(JUnitPlatformProvider.java:168)
	at org.apache.maven.surefire.junitplatform.JUnitPlatformProvider.invoke(JUnitPlatformProvider.java:136)
	at org.apache.maven.surefire.booter.ForkedBooter.runSuitesInProcess(ForkedBooter.java:385)
	at org.apache.maven.surefire.booter.ForkedBooter.execute(ForkedBooter.java:162)
	at org.apache.maven.surefire.booter.ForkedBooter.run(ForkedBooter.java:507)
	at org.apache.maven.surefire.booter.ForkedBooter.main(ForkedBooter.java:495)
2026-02-20 21:27:46 WARN  [main] o.s.test.context.TestContextManager - Caught exception while allowing TestExecutionListener [org.springframework.test.context.support.DependencyInjectionTestExecutionListener] to prepare test instance [com.MFP.OrderService.repository.OrderRepositoryTest@36f69f05]
java.lang.IllegalStateException: ApplicationContext failure threshold (1) exceeded: skipping repeated attempt to load context for [MergedContextConfiguration@79de7e5e testClass = com.MFP.OrderService.repository.OrderRepositoryTest, locations = [], classes = [com.MFP.OrderService.OrderServiceApplication], contextInitializerClasses = [], activeProfiles = ["test"], propertySourceDescriptors = [], propertySourceProperties = ["org.springframework.boot.test.autoconfigure.orm.jpa.DataJpaTestContextBootstrapper=true"], contextCustomizers = [[ImportsContextCustomizer@54e66551 key = [org.springframework.boot.autoconfigure.transaction.TransactionAutoConfiguration, org.springframework.boot.autoconfigure.data.jpa.JpaRepositoriesAutoConfiguration, org.springframework.boot.test.autoconfigure.orm.jpa.TestEntityManagerAutoConfiguration, org.springframework.boot.autoconfigure.cache.CacheAutoConfiguration, org.springframework.boot.autoconfigure.orm.jpa.HibernateJpaAutoConfiguration, org.springframework.boot.autoconfigure.sql.init.SqlInitializationAutoConfiguration, org.springframework.boot.test.autoconfigure.jdbc.TestDatabaseAutoConfiguration, org.springframework.boot.autoconfigure.flyway.FlywayAutoConfiguration, org.springframework.boot.autoconfigure.jdbc.DataSourceTransactionManagerAutoConfiguration, org.springframework.boot.autoconfigure.liquibase.LiquibaseAutoConfiguration, org.springframework.boot.autoconfigure.jdbc.JdbcClientAutoConfiguration, org.springframework.boot.autoconfigure.jdbc.DataSourceAutoConfiguration, org.springframework.boot.autoconfigure.jdbc.JdbcTemplateAutoConfiguration]], org.springframework.boot.test.context.filter.ExcludeFilterContextCustomizer@7a7d1b47, org.springframework.boot.test.json.DuplicateJsonObjectContextCustomizerFactory$DuplicateJsonObjectContextCustomizer@2f2d52ef, org.springframework.boot.test.mock.mockito.MockitoContextCustomizer@0, org.springframework.boot.test.web.reactor.netty.DisableReactorResourceFactoryGlobalResourcesContextCustomizerFactory$DisableReactorResourceFactoryGlobalResourcesContextCustomizerCustomizer@29528a22, org.springframework.boot.test.autoconfigure.OnFailureConditionReportContextCustomizerFactory$OnFailureConditionReportContextCustomizer@71dfcf21, org.springframework.boot.test.autoconfigure.OverrideAutoConfigurationContextCustomizerFactory$DisableAutoConfigurationContextCustomizer@11e33bac, org.springframework.boot.test.autoconfigure.actuate.observability.ObservabilityContextCustomizerFactory$DisableObservabilityContextCustomizer@1f, org.springframework.boot.test.autoconfigure.filter.TypeExcludeFiltersContextCustomizer@34be3d80, org.springframework.boot.test.autoconfigure.properties.PropertyMappingContextCustomizer@dff961ca, org.springframework.boot.test.autoconfigure.web.servlet.WebDriverContextCustomizer@54d901aa, org.springframework.test.context.support.DynamicPropertiesContextCustomizer@0, org.springframework.boot.test.context.SpringBootTestAnnotation@a1389691], contextLoader = org.springframework.boot.test.context.SpringBootContextLoader, parent = null]
	at org.springframework.test.context.cache.DefaultCacheAwareContextLoaderDelegate.loadContext(DefaultCacheAwareContextLoaderDelegate.java:145)
	at org.springframework.test.context.support.DefaultTestContext.getApplicationContext(DefaultTestContext.java:130)
	at org.springframework.test.context.support.DependencyInjectionTestExecutionListener.injectDependencies(DependencyInjectionTestExecutionListener.java:155)
	at org.springframework.test.context.support.DependencyInjectionTestExecutionListener.prepareTestInstance(DependencyInjectionTestExecutionListener.java:111)
	at org.springframework.test.context.TestContextManager.prepareTestInstance(TestContextManager.java:260)
	at org.springframework.test.context.junit.jupiter.SpringExtension.postProcessTestInstance(SpringExtension.java:159)
	at org.junit.jupiter.engine.descriptor.ClassBasedTestDescriptor.lambda$invokeTestInstancePostProcessors$10(ClassBasedTestDescriptor.java:383)
	at org.junit.jupiter.engine.descriptor.ClassBasedTestDescriptor.executeAndMaskThrowable(ClassBasedTestDescriptor.java:388)
	at org.junit.jupiter.engine.descriptor.ClassBasedTestDescriptor.lambda$invokeTestInstancePostProcessors$11(ClassBasedTestDescriptor.java:382)
	at java.base/java.util.stream.ForEachOps$ForEachOp$OfRef.accept(ForEachOps.java:184)
	at java.base/java.util.stream.ReferencePipeline$3$1.accept(ReferencePipeline.java:215)
	at java.base/java.util.stream.ReferencePipeline$2$1.accept(ReferencePipeline.java:197)
	at java.base/java.util.stream.ReferencePipeline$3$1.accept(ReferencePipeline.java:215)
	at java.base/java.util.ArrayList$ArrayListSpliterator.forEachRemaining(ArrayList.java:1709)
	at java.base/java.util.stream.AbstractPipeline.copyInto(AbstractPipeline.java:570)
	at java.base/java.util.stream.AbstractPipeline.wrapAndCopyInto(AbstractPipeline.java:560)
	at java.base/java.util.stream.ForEachOps$ForEachOp.evaluateSequential(ForEachOps.java:151)
	at java.base/java.util.stream.ForEachOps$ForEachOp$OfRef.evaluateSequential(ForEachOps.java:174)
	at java.base/java.util.stream.AbstractPipeline.evaluate(AbstractPipeline.java:265)
	at java.base/java.util.stream.ReferencePipeline.forEach(ReferencePipeline.java:636)
	at org.junit.jupiter.engine.descriptor.ClassBasedTestDescriptor.invokeTestInstancePostProcessors(ClassBasedTestDescriptor.java:382)
	at org.junit.jupiter.engine.descriptor.ClassBasedTestDescriptor.lambda$instantiateAndPostProcessTestInstance$6(ClassBasedTestDescriptor.java:293)
	at org.junit.platform.engine.support.hierarchical.ThrowableCollector.execute(ThrowableCollector.java:73)
	at org.junit.jupiter.engine.descriptor.ClassBasedTestDescriptor.instantiateAndPostProcessTestInstance(ClassBasedTestDescriptor.java:292)
	at org.junit.jupiter.engine.descriptor.ClassBasedTestDescriptor.lambda$testInstancesProvider$4(ClassBasedTestDescriptor.java:281)
	at java.base/java.util.Optional.orElseGet(Optional.java:364)
	at org.junit.jupiter.engine.descriptor.ClassBasedTestDescriptor.lambda$testInstancesProvider$5(ClassBasedTestDescriptor.java:280)
	at org.junit.jupiter.engine.execution.TestInstancesProvider.getTestInstances(TestInstancesProvider.java:27)
	at org.junit.jupiter.engine.descriptor.TestMethodTestDescriptor.lambda$prepare$0(TestMethodTestDescriptor.java:112)
	at org.junit.platform.engine.support.hierarchical.ThrowableCollector.execute(ThrowableCollector.java:73)
	at org.junit.jupiter.engine.descriptor.TestMethodTestDescriptor.prepare(TestMethodTestDescriptor.java:111)
	at org.junit.jupiter.engine.descriptor.TestMethodTestDescriptor.prepare(TestMethodTestDescriptor.java:69)
	at org.junit.platform.engine.support.hierarchical.NodeTestTask.lambda$prepare$2(NodeTestTask.java:128)
	at org.junit.platform.engine.support.hierarchical.ThrowableCollector.execute(ThrowableCollector.java:73)
	at org.junit.platform.engine.support.hierarchical.NodeTestTask.prepare(NodeTestTask.java:128)
	at org.junit.platform.engine.support.hierarchical.NodeTestTask.execute(NodeTestTask.java:95)
	at java.base/java.util.ArrayList.forEach(ArrayList.java:1597)
	at org.junit.platform.engine.support.hierarchical.SameThreadHierarchicalTestExecutorService.invokeAll(SameThreadHierarchicalTestExecutorService.java:41)
	at org.junit.platform.engine.support.hierarchical.NodeTestTask.lambda$executeRecursively$6(NodeTestTask.java:160)
	at org.junit.platform.engine.support.hierarchical.ThrowableCollector.execute(ThrowableCollector.java:73)
	at org.junit.platform.engine.support.hierarchical.NodeTestTask.lambda$executeRecursively$8(NodeTestTask.java:146)
	at org.junit.platform.engine.support.hierarchical.Node.around(Node.java:137)
	at org.junit.platform.engine.support.hierarchical.NodeTestTask.lambda$executeRecursively$9(NodeTestTask.java:144)
	at org.junit.platform.engine.support.hierarchical.ThrowableCollector.execute(ThrowableCollector.java:73)
	at org.junit.platform.engine.support.hierarchical.NodeTestTask.executeRecursively(NodeTestTask.java:143)
	at org.junit.platform.engine.support.hierarchical.NodeTestTask.execute(NodeTestTask.java:100)
	at java.base/java.util.ArrayList.forEach(ArrayList.java:1597)
	at org.junit.platform.engine.support.hierarchical.SameThreadHierarchicalTestExecutorService.invokeAll(SameThreadHierarchicalTestExecutorService.java:41)
	at org.junit.platform.engine.support.hierarchical.NodeTestTask.lambda$executeRecursively$6(NodeTestTask.java:160)
	at org.junit.platform.engine.support.hierarchical.ThrowableCollector.execute(ThrowableCollector.java:73)
	at org.junit.platform.engine.support.hierarchical.NodeTestTask.lambda$executeRecursively$8(NodeTestTask.java:146)
	at org.junit.platform.engine.support.hierarchical.Node.around(Node.java:137)
	at org.junit.platform.engine.support.hierarchical.NodeTestTask.lambda$executeRecursively$9(NodeTestTask.java:144)
	at org.junit.platform.engine.support.hierarchical.ThrowableCollector.execute(ThrowableCollector.java:73)
	at org.junit.platform.engine.support.hierarchical.NodeTestTask.executeRecursively(NodeTestTask.java:143)
	at org.junit.platform.engine.support.hierarchical.NodeTestTask.execute(NodeTestTask.java:100)
	at org.junit.platform.engine.support.hierarchical.SameThreadHierarchicalTestExecutorService.submit(SameThreadHierarchicalTestExecutorService.java:35)
	at org.junit.platform.engine.support.hierarchical.HierarchicalTestExecutor.execute(HierarchicalTestExecutor.java:57)
	at org.junit.platform.engine.support.hierarchical.HierarchicalTestEngine.execute(HierarchicalTestEngine.java:54)
	at org.junit.platform.launcher.core.EngineExecutionOrchestrator.execute(EngineExecutionOrchestrator.java:201)
	at org.junit.platform.launcher.core.EngineExecutionOrchestrator.execute(EngineExecutionOrchestrator.java:170)
	at org.junit.platform.launcher.core.EngineExecutionOrchestrator.execute(EngineExecutionOrchestrator.java:94)
	at org.junit.platform.launcher.core.EngineExecutionOrchestrator.lambda$execute$0(EngineExecutionOrchestrator.java:59)
	at org.junit.platform.launcher.core.EngineExecutionOrchestrator.withInterceptedStreams(EngineExecutionOrchestrator.java:142)
	at org.junit.platform.launcher.core.EngineExecutionOrchestrator.execute(EngineExecutionOrchestrator.java:58)
	at org.junit.platform.launcher.core.DefaultLauncher.execute(DefaultLauncher.java:103)
	at org.junit.platform.launcher.core.DefaultLauncher.execute(DefaultLauncher.java:85)
	at org.junit.platform.launcher.core.DelegatingLauncher.execute(DelegatingLauncher.java:47)
	at org.junit.platform.launcher.core.InterceptingLauncher.lambda$execute$1(InterceptingLauncher.java:39)
	at org.junit.platform.launcher.core.ClasspathAlignmentCheckingLauncherInterceptor.intercept(ClasspathAlignmentCheckingLauncherInterceptor.java:25)
	at org.junit.platform.launcher.core.InterceptingLauncher.execute(InterceptingLauncher.java:38)
	at org.junit.platform.launcher.core.DelegatingLauncher.execute(DelegatingLauncher.java:47)
	at org.apache.maven.surefire.junitplatform.LauncherAdapter.executeWithoutCancellationToken(LauncherAdapter.java:60)
	at org.apache.maven.surefire.junitplatform.LauncherAdapter.execute(LauncherAdapter.java:52)
	at org.apache.maven.surefire.junitplatform.JUnitPlatformProvider.execute(JUnitPlatformProvider.java:203)
	at org.apache.maven.surefire.junitplatform.JUnitPlatformProvider.invokeAllTests(JUnitPlatformProvider.java:168)
	at org.apache.maven.surefire.junitplatform.JUnitPlatformProvider.invoke(JUnitPlatformProvider.java:136)
	at org.apache.maven.surefire.booter.ForkedBooter.runSuitesInProcess(ForkedBooter.java:385)
	at org.apache.maven.surefire.booter.ForkedBooter.execute(ForkedBooter.java:162)
	at org.apache.maven.surefire.booter.ForkedBooter.run(ForkedBooter.java:507)
	at org.apache.maven.surefire.booter.ForkedBooter.main(ForkedBooter.java:495)
2026-02-20 21:27:46 WARN  [main] o.s.test.context.TestContextManager - Caught exception while allowing TestExecutionListener [org.springframework.test.context.support.DependencyInjectionTestExecutionListener] to prepare test instance [com.MFP.OrderService.repository.OrderRepositoryTest@3d988dc3]
java.lang.IllegalStateException: ApplicationContext failure threshold (1) exceeded: skipping repeated attempt to load context for [MergedContextConfiguration@79de7e5e testClass = com.MFP.OrderService.repository.OrderRepositoryTest, locations = [], classes = [com.MFP.OrderService.OrderServiceApplication], contextInitializerClasses = [], activeProfiles = ["test"], propertySourceDescriptors = [], propertySourceProperties = ["org.springframework.boot.test.autoconfigure.orm.jpa.DataJpaTestContextBootstrapper=true"], contextCustomizers = [[ImportsContextCustomizer@54e66551 key = [org.springframework.boot.autoconfigure.transaction.TransactionAutoConfiguration, org.springframework.boot.autoconfigure.data.jpa.JpaRepositoriesAutoConfiguration, org.springframework.boot.test.autoconfigure.orm.jpa.TestEntityManagerAutoConfiguration, org.springframework.boot.autoconfigure.cache.CacheAutoConfiguration, org.springframework.boot.autoconfigure.orm.jpa.HibernateJpaAutoConfiguration, org.springframework.boot.autoconfigure.sql.init.SqlInitializationAutoConfiguration, org.springframework.boot.test.autoconfigure.jdbc.TestDatabaseAutoConfiguration, org.springframework.boot.autoconfigure.flyway.FlywayAutoConfiguration, org.springframework.boot.autoconfigure.jdbc.DataSourceTransactionManagerAutoConfiguration, org.springframework.boot.autoconfigure.liquibase.LiquibaseAutoConfiguration, org.springframework.boot.autoconfigure.jdbc.JdbcClientAutoConfiguration, org.springframework.boot.autoconfigure.jdbc.DataSourceAutoConfiguration, org.springframework.boot.autoconfigure.jdbc.JdbcTemplateAutoConfiguration]], org.springframework.boot.test.context.filter.ExcludeFilterContextCustomizer@7a7d1b47, org.springframework.boot.test.json.DuplicateJsonObjectContextCustomizerFactory$DuplicateJsonObjectContextCustomizer@2f2d52ef, org.springframework.boot.test.mock.mockito.MockitoContextCustomizer@0, org.springframework.boot.test.web.reactor.netty.DisableReactorResourceFactoryGlobalResourcesContextCustomizerFactory$DisableReactorResourceFactoryGlobalResourcesContextCustomizerCustomizer@29528a22, org.springframework.boot.test.autoconfigure.OnFailureConditionReportContextCustomizerFactory$OnFailureConditionReportContextCustomizer@71dfcf21, org.springframework.boot.test.autoconfigure.OverrideAutoConfigurationContextCustomizerFactory$DisableAutoConfigurationContextCustomizer@11e33bac, org.springframework.boot.test.autoconfigure.actuate.observability.ObservabilityContextCustomizerFactory$DisableObservabilityContextCustomizer@1f, org.springframework.boot.test.autoconfigure.filter.TypeExcludeFiltersContextCustomizer@34be3d80, org.springframework.boot.test.autoconfigure.properties.PropertyMappingContextCustomizer@dff961ca, org.springframework.boot.test.autoconfigure.web.servlet.WebDriverContextCustomizer@54d901aa, org.springframework.test.context.support.DynamicPropertiesContextCustomizer@0, org.springframework.boot.test.context.SpringBootTestAnnotation@a1389691], contextLoader = org.springframework.boot.test.context.SpringBootContextLoader, parent = null]
	at org.springframework.test.context.cache.DefaultCacheAwareContextLoaderDelegate.loadContext(DefaultCacheAwareContextLoaderDelegate.java:145)
	at org.springframework.test.context.support.DefaultTestContext.getApplicationContext(DefaultTestContext.java:130)
	at org.springframework.test.context.support.DependencyInjectionTestExecutionListener.injectDependencies(DependencyInjectionTestExecutionListener.java:155)
	at org.springframework.test.context.support.DependencyInjectionTestExecutionListener.prepareTestInstance(DependencyInjectionTestExecutionListener.java:111)
	at org.springframework.test.context.TestContextManager.prepareTestInstance(TestContextManager.java:260)
	at org.springframework.test.context.junit.jupiter.SpringExtension.postProcessTestInstance(SpringExtension.java:159)
	at org.junit.jupiter.engine.descriptor.ClassBasedTestDescriptor.lambda$invokeTestInstancePostProcessors$10(ClassBasedTestDescriptor.java:383)
	at org.junit.jupiter.engine.descriptor.ClassBasedTestDescriptor.executeAndMaskThrowable(ClassBasedTestDescriptor.java:388)
	at org.junit.jupiter.engine.descriptor.ClassBasedTestDescriptor.lambda$invokeTestInstancePostProcessors$11(ClassBasedTestDescriptor.java:382)
	at java.base/java.util.stream.ForEachOps$ForEachOp$OfRef.accept(ForEachOps.java:184)
	at java.base/java.util.stream.ReferencePipeline$3$1.accept(ReferencePipeline.java:215)
	at java.base/java.util.stream.ReferencePipeline$2$1.accept(ReferencePipeline.java:197)
	at java.base/java.util.stream.ReferencePipeline$3$1.accept(ReferencePipeline.java:215)
	at java.base/java.util.ArrayList$ArrayListSpliterator.forEachRemaining(ArrayList.java:1709)
	at java.base/java.util.stream.AbstractPipeline.copyInto(AbstractPipeline.java:570)
	at java.base/java.util.stream.AbstractPipeline.wrapAndCopyInto(AbstractPipeline.java:560)
	at java.base/java.util.stream.ForEachOps$ForEachOp.evaluateSequential(ForEachOps.java:151)
	at java.base/java.util.stream.ForEachOps$ForEachOp$OfRef.evaluateSequential(ForEachOps.java:174)
	at java.base/java.util.stream.AbstractPipeline.evaluate(AbstractPipeline.java:265)
	at java.base/java.util.stream.ReferencePipeline.forEach(ReferencePipeline.java:636)
	at org.junit.jupiter.engine.descriptor.ClassBasedTestDescriptor.invokeTestInstancePostProcessors(ClassBasedTestDescriptor.java:382)
	at org.junit.jupiter.engine.descriptor.ClassBasedTestDescriptor.lambda$instantiateAndPostProcessTestInstance$6(ClassBasedTestDescriptor.java:293)
	at org.junit.platform.engine.support.hierarchical.ThrowableCollector.execute(ThrowableCollector.java:73)
	at org.junit.jupiter.engine.descriptor.ClassBasedTestDescriptor.instantiateAndPostProcessTestInstance(ClassBasedTestDescriptor.java:292)
	at org.junit.jupiter.engine.descriptor.ClassBasedTestDescriptor.lambda$testInstancesProvider$4(ClassBasedTestDescriptor.java:281)
	at java.base/java.util.Optional.orElseGet(Optional.java:364)
	at org.junit.jupiter.engine.descriptor.ClassBasedTestDescriptor.lambda$testInstancesProvider$5(ClassBasedTestDescriptor.java:280)
	at org.junit.jupiter.engine.execution.TestInstancesProvider.getTestInstances(TestInstancesProvider.java:27)
	at org.junit.jupiter.engine.descriptor.TestMethodTestDescriptor.lambda$prepare$0(TestMethodTestDescriptor.java:112)
	at org.junit.platform.engine.support.hierarchical.ThrowableCollector.execute(ThrowableCollector.java:73)
	at org.junit.jupiter.engine.descriptor.TestMethodTestDescriptor.prepare(TestMethodTestDescriptor.java:111)
	at org.junit.jupiter.engine.descriptor.TestMethodTestDescriptor.prepare(TestMethodTestDescriptor.java:69)
	at org.junit.platform.engine.support.hierarchical.NodeTestTask.lambda$prepare$2(NodeTestTask.java:128)
	at org.junit.platform.engine.support.hierarchical.ThrowableCollector.execute(ThrowableCollector.java:73)
	at org.junit.platform.engine.support.hierarchical.NodeTestTask.prepare(NodeTestTask.java:128)
	at org.junit.platform.engine.support.hierarchical.NodeTestTask.execute(NodeTestTask.java:95)
	at java.base/java.util.ArrayList.forEach(ArrayList.java:1597)
	at org.junit.platform.engine.support.hierarchical.SameThreadHierarchicalTestExecutorService.invokeAll(SameThreadHierarchicalTestExecutorService.java:41)
	at org.junit.platform.engine.support.hierarchical.NodeTestTask.lambda$executeRecursively$6(NodeTestTask.java:160)
	at org.junit.platform.engine.support.hierarchical.ThrowableCollector.execute(ThrowableCollector.java:73)
	at org.junit.platform.engine.support.hierarchical.NodeTestTask.lambda$executeRecursively$8(NodeTestTask.java:146)
	at org.junit.platform.engine.support.hierarchical.Node.around(Node.java:137)
	at org.junit.platform.engine.support.hierarchical.NodeTestTask.lambda$executeRecursively$9(NodeTestTask.java:144)
	at org.junit.platform.engine.support.hierarchical.ThrowableCollector.execute(ThrowableCollector.java:73)
	at org.junit.platform.engine.support.hierarchical.NodeTestTask.executeRecursively(NodeTestTask.java:143)
	at org.junit.platform.engine.support.hierarchical.NodeTestTask.execute(NodeTestTask.java:100)
	at java.base/java.util.ArrayList.forEach(ArrayList.java:1597)
	at org.junit.platform.engine.support.hierarchical.SameThreadHierarchicalTestExecutorService.invokeAll(SameThreadHierarchicalTestExecutorService.java:41)
	at org.junit.platform.engine.support.hierarchical.NodeTestTask.lambda$executeRecursively$6(NodeTestTask.java:160)
	at org.junit.platform.engine.support.hierarchical.ThrowableCollector.execute(ThrowableCollector.java:73)
	at org.junit.platform.engine.support.hierarchical.NodeTestTask.lambda$executeRecursively$8(NodeTestTask.java:146)
	at org.junit.platform.engine.support.hierarchical.Node.around(Node.java:137)
	at org.junit.platform.engine.support.hierarchical.NodeTestTask.lambda$executeRecursively$9(NodeTestTask.java:144)
	at org.junit.platform.engine.support.hierarchical.ThrowableCollector.execute(ThrowableCollector.java:73)
	at org.junit.platform.engine.support.hierarchical.NodeTestTask.executeRecursively(NodeTestTask.java:143)
	at org.junit.platform.engine.support.hierarchical.NodeTestTask.execute(NodeTestTask.java:100)
	at org.junit.platform.engine.support.hierarchical.SameThreadHierarchicalTestExecutorService.submit(SameThreadHierarchicalTestExecutorService.java:35)
	at org.junit.platform.engine.support.hierarchical.HierarchicalTestExecutor.execute(HierarchicalTestExecutor.java:57)
	at org.junit.platform.engine.support.hierarchical.HierarchicalTestEngine.execute(HierarchicalTestEngine.java:54)
	at org.junit.platform.launcher.core.EngineExecutionOrchestrator.execute(EngineExecutionOrchestrator.java:201)
	at org.junit.platform.launcher.core.EngineExecutionOrchestrator.execute(EngineExecutionOrchestrator.java:170)
	at org.junit.platform.launcher.core.EngineExecutionOrchestrator.execute(EngineExecutionOrchestrator.java:94)
	at org.junit.platform.launcher.core.EngineExecutionOrchestrator.lambda$execute$0(EngineExecutionOrchestrator.java:59)
	at org.junit.platform.launcher.core.EngineExecutionOrchestrator.withInterceptedStreams(EngineExecutionOrchestrator.java:142)
	at org.junit.platform.launcher.core.EngineExecutionOrchestrator.execute(EngineExecutionOrchestrator.java:58)
	at org.junit.platform.launcher.core.DefaultLauncher.execute(DefaultLauncher.java:103)
	at org.junit.platform.launcher.core.DefaultLauncher.execute(DefaultLauncher.java:85)
	at org.junit.platform.launcher.core.DelegatingLauncher.execute(DelegatingLauncher.java:47)
	at org.junit.platform.launcher.core.InterceptingLauncher.lambda$execute$1(InterceptingLauncher.java:39)
	at org.junit.platform.launcher.core.ClasspathAlignmentCheckingLauncherInterceptor.intercept(ClasspathAlignmentCheckingLauncherInterceptor.java:25)
	at org.junit.platform.launcher.core.InterceptingLauncher.execute(InterceptingLauncher.java:38)
	at org.junit.platform.launcher.core.DelegatingLauncher.execute(DelegatingLauncher.java:47)
	at org.apache.maven.surefire.junitplatform.LauncherAdapter.executeWithoutCancellationToken(LauncherAdapter.java:60)
	at org.apache.maven.surefire.junitplatform.LauncherAdapter.execute(LauncherAdapter.java:52)
	at org.apache.maven.surefire.junitplatform.JUnitPlatformProvider.execute(JUnitPlatformProvider.java:203)
	at org.apache.maven.surefire.junitplatform.JUnitPlatformProvider.invokeAllTests(JUnitPlatformProvider.java:168)
	at org.apache.maven.surefire.junitplatform.JUnitPlatformProvider.invoke(JUnitPlatformProvider.java:136)
	at org.apache.maven.surefire.booter.ForkedBooter.runSuitesInProcess(ForkedBooter.java:385)
	at org.apache.maven.surefire.booter.ForkedBooter.execute(ForkedBooter.java:162)
	at org.apache.maven.surefire.booter.ForkedBooter.run(ForkedBooter.java:507)
	at org.apache.maven.surefire.booter.ForkedBooter.main(ForkedBooter.java:495)
2026-02-20 21:27:46 WARN  [main] o.s.test.context.TestContextManager - Caught exception while allowing TestExecutionListener [org.springframework.test.context.support.DependencyInjectionTestExecutionListener] to prepare test instance [com.MFP.OrderService.repository.OrderRepositoryTest@53a8de96]
java.lang.IllegalStateException: ApplicationContext failure threshold (1) exceeded: skipping repeated attempt to load context for [MergedContextConfiguration@79de7e5e testClass = com.MFP.OrderService.repository.OrderRepositoryTest, locations = [], classes = [com.MFP.OrderService.OrderServiceApplication], contextInitializerClasses = [], activeProfiles = ["test"], propertySourceDescriptors = [], propertySourceProperties = ["org.springframework.boot.test.autoconfigure.orm.jpa.DataJpaTestContextBootstrapper=true"], contextCustomizers = [[ImportsContextCustomizer@54e66551 key = [org.springframework.boot.autoconfigure.transaction.TransactionAutoConfiguration, org.springframework.boot.autoconfigure.data.jpa.JpaRepositoriesAutoConfiguration, org.springframework.boot.test.autoconfigure.orm.jpa.TestEntityManagerAutoConfiguration, org.springframework.boot.autoconfigure.cache.CacheAutoConfiguration, org.springframework.boot.autoconfigure.orm.jpa.HibernateJpaAutoConfiguration, org.springframework.boot.autoconfigure.sql.init.SqlInitializationAutoConfiguration, org.springframework.boot.test.autoconfigure.jdbc.TestDatabaseAutoConfiguration, org.springframework.boot.autoconfigure.flyway.FlywayAutoConfiguration, org.springframework.boot.autoconfigure.jdbc.DataSourceTransactionManagerAutoConfiguration, org.springframework.boot.autoconfigure.liquibase.LiquibaseAutoConfiguration, org.springframework.boot.autoconfigure.jdbc.JdbcClientAutoConfiguration, org.springframework.boot.autoconfigure.jdbc.DataSourceAutoConfiguration, org.springframework.boot.autoconfigure.jdbc.JdbcTemplateAutoConfiguration]], org.springframework.boot.test.context.filter.ExcludeFilterContextCustomizer@7a7d1b47, org.springframework.boot.test.json.DuplicateJsonObjectContextCustomizerFactory$DuplicateJsonObjectContextCustomizer@2f2d52ef, org.springframework.boot.test.mock.mockito.MockitoContextCustomizer@0, org.springframework.boot.test.web.reactor.netty.DisableReactorResourceFactoryGlobalResourcesContextCustomizerFactory$DisableReactorResourceFactoryGlobalResourcesContextCustomizerCustomizer@29528a22, org.springframework.boot.test.autoconfigure.OnFailureConditionReportContextCustomizerFactory$OnFailureConditionReportContextCustomizer@71dfcf21, org.springframework.boot.test.autoconfigure.OverrideAutoConfigurationContextCustomizerFactory$DisableAutoConfigurationContextCustomizer@11e33bac, org.springframework.boot.test.autoconfigure.actuate.observability.ObservabilityContextCustomizerFactory$DisableObservabilityContextCustomizer@1f, org.springframework.boot.test.autoconfigure.filter.TypeExcludeFiltersContextCustomizer@34be3d80, org.springframework.boot.test.autoconfigure.properties.PropertyMappingContextCustomizer@dff961ca, org.springframework.boot.test.autoconfigure.web.servlet.WebDriverContextCustomizer@54d901aa, org.springframework.test.context.support.DynamicPropertiesContextCustomizer@0, org.springframework.boot.test.context.SpringBootTestAnnotation@a1389691], contextLoader = org.springframework.boot.test.context.SpringBootContextLoader, parent = null]
	at org.springframework.test.context.cache.DefaultCacheAwareContextLoaderDelegate.loadContext(DefaultCacheAwareContextLoaderDelegate.java:145)
	at org.springframework.test.context.support.DefaultTestContext.getApplicationContext(DefaultTestContext.java:130)
	at org.springframework.test.context.support.DependencyInjectionTestExecutionListener.injectDependencies(DependencyInjectionTestExecutionListener.java:155)
	at org.springframework.test.context.support.DependencyInjectionTestExecutionListener.prepareTestInstance(DependencyInjectionTestExecutionListener.java:111)
	at org.springframework.test.context.TestContextManager.prepareTestInstance(TestContextManager.java:260)
	at org.springframework.test.context.junit.jupiter.SpringExtension.postProcessTestInstance(SpringExtension.java:159)
	at org.junit.jupiter.engine.descriptor.ClassBasedTestDescriptor.lambda$invokeTestInstancePostProcessors$10(ClassBasedTestDescriptor.java:383)
	at org.junit.jupiter.engine.descriptor.ClassBasedTestDescriptor.executeAndMaskThrowable(ClassBasedTestDescriptor.java:388)
	at org.junit.jupiter.engine.descriptor.ClassBasedTestDescriptor.lambda$invokeTestInstancePostProcessors$11(ClassBasedTestDescriptor.java:382)
	at java.base/java.util.stream.ForEachOps$ForEachOp$OfRef.accept(ForEachOps.java:184)
	at java.base/java.util.stream.ReferencePipeline$3$1.accept(ReferencePipeline.java:215)
	at java.base/java.util.stream.ReferencePipeline$2$1.accept(ReferencePipeline.java:197)
	at java.base/java.util.stream.ReferencePipeline$3$1.accept(ReferencePipeline.java:215)
	at java.base/java.util.ArrayList$ArrayListSpliterator.forEachRemaining(ArrayList.java:1709)
	at java.base/java.util.stream.AbstractPipeline.copyInto(AbstractPipeline.java:570)
	at java.base/java.util.stream.AbstractPipeline.wrapAndCopyInto(AbstractPipeline.java:560)
	at java.base/java.util.stream.ForEachOps$ForEachOp.evaluateSequential(ForEachOps.java:151)
	at java.base/java.util.stream.ForEachOps$ForEachOp$OfRef.evaluateSequential(ForEachOps.java:174)
	at java.base/java.util.stream.AbstractPipeline.evaluate(AbstractPipeline.java:265)
	at java.base/java.util.stream.ReferencePipeline.forEach(ReferencePipeline.java:636)
	at org.junit.jupiter.engine.descriptor.ClassBasedTestDescriptor.invokeTestInstancePostProcessors(ClassBasedTestDescriptor.java:382)
	at org.junit.jupiter.engine.descriptor.ClassBasedTestDescriptor.lambda$instantiateAndPostProcessTestInstance$6(ClassBasedTestDescriptor.java:293)
	at org.junit.platform.engine.support.hierarchical.ThrowableCollector.execute(ThrowableCollector.java:73)
	at org.junit.jupiter.engine.descriptor.ClassBasedTestDescriptor.instantiateAndPostProcessTestInstance(ClassBasedTestDescriptor.java:292)
	at org.junit.jupiter.engine.descriptor.ClassBasedTestDescriptor.lambda$testInstancesProvider$4(ClassBasedTestDescriptor.java:281)
	at java.base/java.util.Optional.orElseGet(Optional.java:364)
	at org.junit.jupiter.engine.descriptor.ClassBasedTestDescriptor.lambda$testInstancesProvider$5(ClassBasedTestDescriptor.java:280)
	at org.junit.jupiter.engine.execution.TestInstancesProvider.getTestInstances(TestInstancesProvider.java:27)
	at org.junit.jupiter.engine.descriptor.TestMethodTestDescriptor.lambda$prepare$0(TestMethodTestDescriptor.java:112)
	at org.junit.platform.engine.support.hierarchical.ThrowableCollector.execute(ThrowableCollector.java:73)
	at org.junit.jupiter.engine.descriptor.TestMethodTestDescriptor.prepare(TestMethodTestDescriptor.java:111)
	at org.junit.jupiter.engine.descriptor.TestMethodTestDescriptor.prepare(TestMethodTestDescriptor.java:69)
	at org.junit.platform.engine.support.hierarchical.NodeTestTask.lambda$prepare$2(NodeTestTask.java:128)
	at org.junit.platform.engine.support.hierarchical.ThrowableCollector.execute(ThrowableCollector.java:73)
	at org.junit.platform.engine.support.hierarchical.NodeTestTask.prepare(NodeTestTask.java:128)
	at org.junit.platform.engine.support.hierarchical.NodeTestTask.execute(NodeTestTask.java:95)
	at java.base/java.util.ArrayList.forEach(ArrayList.java:1597)
	at org.junit.platform.engine.support.hierarchical.SameThreadHierarchicalTestExecutorService.invokeAll(SameThreadHierarchicalTestExecutorService.java:41)
	at org.junit.platform.engine.support.hierarchical.NodeTestTask.lambda$executeRecursively$6(NodeTestTask.java:160)
	at org.junit.platform.engine.support.hierarchical.ThrowableCollector.execute(ThrowableCollector.java:73)
	at org.junit.platform.engine.support.hierarchical.NodeTestTask.lambda$executeRecursively$8(NodeTestTask.java:146)
	at org.junit.platform.engine.support.hierarchical.Node.around(Node.java:137)
	at org.junit.platform.engine.support.hierarchical.NodeTestTask.lambda$executeRecursively$9(NodeTestTask.java:144)
	at org.junit.platform.engine.support.hierarchical.ThrowableCollector.execute(ThrowableCollector.java:73)
	at org.junit.platform.engine.support.hierarchical.NodeTestTask.executeRecursively(NodeTestTask.java:143)
	at org.junit.platform.engine.support.hierarchical.NodeTestTask.execute(NodeTestTask.java:100)
	at java.base/java.util.ArrayList.forEach(ArrayList.java:1597)
	at org.junit.platform.engine.support.hierarchical.SameThreadHierarchicalTestExecutorService.invokeAll(SameThreadHierarchicalTestExecutorService.java:41)
	at org.junit.platform.engine.support.hierarchical.NodeTestTask.lambda$executeRecursively$6(NodeTestTask.java:160)
	at org.junit.platform.engine.support.hierarchical.ThrowableCollector.execute(ThrowableCollector.java:73)
	at org.junit.platform.engine.support.hierarchical.NodeTestTask.lambda$executeRecursively$8(NodeTestTask.java:146)
	at org.junit.platform.engine.support.hierarchical.Node.around(Node.java:137)
	at org.junit.platform.engine.support.hierarchical.NodeTestTask.lambda$executeRecursively$9(NodeTestTask.java:144)
	at org.junit.platform.engine.support.hierarchical.ThrowableCollector.execute(ThrowableCollector.java:73)
	at org.junit.platform.engine.support.hierarchical.NodeTestTask.executeRecursively(NodeTestTask.java:143)
	at org.junit.platform.engine.support.hierarchical.NodeTestTask.execute(NodeTestTask.java:100)
	at org.junit.platform.engine.support.hierarchical.SameThreadHierarchicalTestExecutorService.submit(SameThreadHierarchicalTestExecutorService.java:35)
	at org.junit.platform.engine.support.hierarchical.HierarchicalTestExecutor.execute(HierarchicalTestExecutor.java:57)
	at org.junit.platform.engine.support.hierarchical.HierarchicalTestEngine.execute(HierarchicalTestEngine.java:54)
	at org.junit.platform.launcher.core.EngineExecutionOrchestrator.execute(EngineExecutionOrchestrator.java:201)
	at org.junit.platform.launcher.core.EngineExecutionOrchestrator.execute(EngineExecutionOrchestrator.java:170)
	at org.junit.platform.launcher.core.EngineExecutionOrchestrator.execute(EngineExecutionOrchestrator.java:94)
	at org.junit.platform.launcher.core.EngineExecutionOrchestrator.lambda$execute$0(EngineExecutionOrchestrator.java:59)
	at org.junit.platform.launcher.core.EngineExecutionOrchestrator.withInterceptedStreams(EngineExecutionOrchestrator.java:142)
	at org.junit.platform.launcher.core.EngineExecutionOrchestrator.execute(EngineExecutionOrchestrator.java:58)
	at org.junit.platform.launcher.core.DefaultLauncher.execute(DefaultLauncher.java:103)
	at org.junit.platform.launcher.core.DefaultLauncher.execute(DefaultLauncher.java:85)
	at org.junit.platform.launcher.core.DelegatingLauncher.execute(DelegatingLauncher.java:47)
	at org.junit.platform.launcher.core.InterceptingLauncher.lambda$execute$1(InterceptingLauncher.java:39)
	at org.junit.platform.launcher.core.ClasspathAlignmentCheckingLauncherInterceptor.intercept(ClasspathAlignmentCheckingLauncherInterceptor.java:25)
	at org.junit.platform.launcher.core.InterceptingLauncher.execute(InterceptingLauncher.java:38)
	at org.junit.platform.launcher.core.DelegatingLauncher.execute(DelegatingLauncher.java:47)
	at org.apache.maven.surefire.junitplatform.LauncherAdapter.executeWithoutCancellationToken(LauncherAdapter.java:60)
	at org.apache.maven.surefire.junitplatform.LauncherAdapter.execute(LauncherAdapter.java:52)
	at org.apache.maven.surefire.junitplatform.JUnitPlatformProvider.execute(JUnitPlatformProvider.java:203)
	at org.apache.maven.surefire.junitplatform.JUnitPlatformProvider.invokeAllTests(JUnitPlatformProvider.java:168)
	at org.apache.maven.surefire.junitplatform.JUnitPlatformProvider.invoke(JUnitPlatformProvider.java:136)
	at org.apache.maven.surefire.booter.ForkedBooter.runSuitesInProcess(ForkedBooter.java:385)
	at org.apache.maven.surefire.booter.ForkedBooter.execute(ForkedBooter.java:162)
	at org.apache.maven.surefire.booter.ForkedBooter.run(ForkedBooter.java:507)
	at org.apache.maven.surefire.booter.ForkedBooter.main(ForkedBooter.java:495)
2026-02-20 21:27:49 INFO  [main] c.M.O.service.OrderService - Delete order with id=1
2026-02-20 21:27:49 INFO  [main] c.M.O.service.OrderService - Order deleted successfully with orderId=1
2026-02-20 21:27:49 INFO  [main] c.M.O.service.OrderService - Delete order with id=1
2026-02-20 21:27:49 WARN  [main] c.M.O.service.OrderService - For deleting Order with id=1 not found
2026-02-20 21:27:49 WARN  [main] c.M.O.service.OrderService - Order with id=1 not found
2026-02-20 21:27:49 INFO  [main] c.M.O.service.OrderService - Fetched 2 Orders successfully
2026-02-20 21:27:49 INFO  [main] c.M.O.service.OrderService - Updating order with id=1
2026-02-20 21:27:49 WARN  [main] c.M.O.service.OrderService - Attempt to update cancelled order with status=Cancelled
2026-02-20 21:27:49 INFO  [main] c.M.O.service.OrderService - Updating order with id=1
2026-02-20 21:27:49 INFO  [main] c.M.O.service.OrderService - Order updated successfully with orderId= 1, new status= Created
2026-02-20 21:27:49 INFO  [main] c.M.O.service.OrderService - Updating order with id=1
2026-02-20 21:27:49 WARN  [main] c.M.O.service.OrderService -  For update Order with id=1 not found
2026-02-20 21:27:49 INFO  [main] c.M.O.service.OrderService - Updating order with id=1
2026-02-20 21:27:49 WARN  [main] c.M.O.service.OrderService - Trying to update the amount with zero 
2026-02-20 21:27:49 INFO  [main] c.M.O.service.OrderService - Create order request was received for user id=1, and amount=3000 
2026-02-20 21:27:49 INFO  [main] c.M.O.service.OrderService - Order Cerated successfully with userId=100, and amount=3000
2026-02-20 21:27:49 INFO  [SpringApplicationShutdownHook] o.s.o.j.LocalContainerEntityManagerFactoryBean - Closing JPA EntityManagerFactory for persistence unit 'default'
2026-02-20 21:27:50 INFO  [SpringApplicationShutdownHook] com.zaxxer.hikari.HikariDataSource - HikariPool-1 - Shutdown initiated...
2026-02-20 21:27:50 INFO  [SpringApplicationShutdownHook] com.zaxxer.hikari.HikariDataSource - HikariPool-1 - Shutdown completed.
2026-02-20 21:32:57 INFO  [main] c.M.O.repository.OrderRepositoryTest - Starting OrderRepositoryTest using Java 23.0.2 with PID 20048 (started by firoz in D:\Microservice projects\Microservices-First-Project\order-service)
2026-02-20 21:32:57 INFO  [main] c.M.O.repository.OrderRepositoryTest - The following 1 profile is active: "test"
2026-02-20 21:32:59 INFO  [main] o.s.d.r.c.RepositoryConfigurationDelegate - Bootstrapping Spring Data JPA repositories in DEFAULT mode.
2026-02-20 21:32:59 INFO  [main] o.s.d.r.c.RepositoryConfigurationDelegate - Finished Spring Data repository scanning in 262 ms. Found 1 JPA repository interface.
2026-02-20 21:32:59 INFO  [main] o.s.b.t.a.j.TestDatabaseAutoConfiguration$EmbeddedDataSourceBeanFactoryPostProcessor - Replacing 'dataSource' DataSource bean with embedded version
2026-02-20 21:33:00 WARN  [main] o.s.c.a.AnnotationConfigApplicationContext - Exception encountered during context initialization - cancelling refresh attempt: org.springframework.beans.factory.BeanCreationException: Error creating bean with name 'entityManagerFactory' defined in class path resource [org/springframework/boot/autoconfigure/orm/jpa/HibernateJpaConfiguration.class]: Failed to initialize dependency 'dataSourceScriptDatabaseInitializer' of LoadTimeWeaverAware bean 'entityManagerFactory': Error creating bean with name 'dataSourceScriptDatabaseInitializer' defined in class path resource [org/springframework/boot/autoconfigure/sql/init/DataSourceInitializationConfiguration.class]: Unsatisfied dependency expressed through method 'dataSourceScriptDatabaseInitializer' parameter 0: Error creating bean with name 'dataSource': Failed to replace DataSource with an embedded database for tests. If you want an embedded database please put a supported one on the classpath or tune the replace attribute of @AutoConfigureTestDatabase.
2026-02-20 21:33:00 INFO  [main] o.s.b.a.l.ConditionEvaluationReportLogger - 

Error starting ApplicationContext. To display the condition evaluation report re-run your application with 'debug' enabled.
2026-02-20 21:33:00 ERROR [main] o.s.boot.SpringApplication - Application run failed
org.springframework.beans.factory.BeanCreationException: Error creating bean with name 'entityManagerFactory' defined in class path resource [org/springframework/boot/autoconfigure/orm/jpa/HibernateJpaConfiguration.class]: Failed to initialize dependency 'dataSourceScriptDatabaseInitializer' of LoadTimeWeaverAware bean 'entityManagerFactory': Error creating bean with name 'dataSourceScriptDatabaseInitializer' defined in class path resource [org/springframework/boot/autoconfigure/sql/init/DataSourceInitializationConfiguration.class]: Unsatisfied dependency expressed through method 'dataSourceScriptDatabaseInitializer' parameter 0: Error creating bean with name 'dataSource': Failed to replace DataSource with an embedded database for tests. If you want an embedded database please put a supported one on the classpath or tune the replace attribute of @AutoConfigureTestDatabase.
	at org.springframework.beans.factory.support.AbstractBeanFactory.doGetBean(AbstractBeanFactory.java:328)
	at org.springframework.beans.factory.support.AbstractBeanFactory.getBean(AbstractBeanFactory.java:207)
	at org.springframework.context.support.AbstractApplicationContext.finishBeanFactoryInitialization(AbstractApplicationContext.java:973)
	at org.springframework.context.support.AbstractApplicationContext.refresh(AbstractApplicationContext.java:627)
	at org.springframework.boot.SpringApplication.refresh(SpringApplication.java:752)
	at org.springframework.boot.SpringApplication.refreshContext(SpringApplication.java:439)
	at org.springframework.boot.SpringApplication.run(SpringApplication.java:318)
	at org.springframework.boot.test.context.SpringBootContextLoader.lambda$loadContext$3(SpringBootContextLoader.java:152)
	at org.springframework.util.function.ThrowingSupplier.get(ThrowingSupplier.java:58)
	at org.springframework.util.function.ThrowingSupplier.get(ThrowingSupplier.java:46)
	at org.springframework.boot.SpringApplication.withHook(SpringApplication.java:1461)
	at org.springframework.boot.test.context.SpringBootContextLoader$ContextLoaderHook.run(SpringBootContextLoader.java:595)
	at org.springframework.boot.test.context.SpringBootContextLoader.loadContext(SpringBootContextLoader.java:152)
	at org.springframework.boot.test.context.SpringBootContextLoader.loadContext(SpringBootContextLoader.java:111)
	at org.springframework.test.context.cache.DefaultCacheAwareContextLoaderDelegate.loadContextInternal(DefaultCacheAwareContextLoaderDelegate.java:225)
	at org.springframework.test.context.cache.DefaultCacheAwareContextLoaderDelegate.loadContext(DefaultCacheAwareContextLoaderDelegate.java:152)
	at org.springframework.test.context.support.DefaultTestContext.getApplicationContext(DefaultTestContext.java:130)
	at org.springframework.test.context.support.DependencyInjectionTestExecutionListener.injectDependencies(DependencyInjectionTestExecutionListener.java:155)
	at org.springframework.test.context.support.DependencyInjectionTestExecutionListener.prepareTestInstance(DependencyInjectionTestExecutionListener.java:111)
	at org.springframework.test.context.TestContextManager.prepareTestInstance(TestContextManager.java:260)
	at org.springframework.test.context.junit.jupiter.SpringExtension.postProcessTestInstance(SpringExtension.java:159)
	at org.junit.jupiter.engine.descriptor.ClassBasedTestDescriptor.lambda$invokeTestInstancePostProcessors$10(ClassBasedTestDescriptor.java:383)
	at org.junit.jupiter.engine.descriptor.ClassBasedTestDescriptor.executeAndMaskThrowable(ClassBasedTestDescriptor.java:388)
	at org.junit.jupiter.engine.descriptor.ClassBasedTestDescriptor.lambda$invokeTestInstancePostProcessors$11(ClassBasedTestDescriptor.java:382)
	at java.base/java.util.stream.ForEachOps$ForEachOp$OfRef.accept(ForEachOps.java:184)
	at java.base/java.util.stream.ReferencePipeline$3$1.accept(ReferencePipeline.java:215)
	at java.base/java.util.stream.ReferencePipeline$2$1.accept(ReferencePipeline.java:197)
	at java.base/java.util.stream.ReferencePipeline$3$1.accept(ReferencePipeline.java:215)
	at java.base/java.util.ArrayList$ArrayListSpliterator.forEachRemaining(ArrayList.java:1709)
	at java.base/java.util.stream.AbstractPipeline.copyInto(AbstractPipeline.java:570)
	at java.base/java.util.stream.AbstractPipeline.wrapAndCopyInto(AbstractPipeline.java:560)
	at java.base/java.util.stream.ForEachOps$ForEachOp.evaluateSequential(ForEachOps.java:151)
	at java.base/java.util.stream.ForEachOps$ForEachOp$OfRef.evaluateSequential(ForEachOps.java:174)
	at java.base/java.util.stream.AbstractPipeline.evaluate(AbstractPipeline.java:265)
	at java.base/java.util.stream.ReferencePipeline.forEach(ReferencePipeline.java:636)
	at org.junit.jupiter.engine.descriptor.ClassBasedTestDescriptor.invokeTestInstancePostProcessors(ClassBasedTestDescriptor.java:382)
	at org.junit.jupiter.engine.descriptor.ClassBasedTestDescriptor.lambda$instantiateAndPostProcessTestInstance$6(ClassBasedTestDescriptor.java:293)
	at org.junit.platform.engine.support.hierarchical.ThrowableCollector.execute(ThrowableCollector.java:73)
	at org.junit.jupiter.engine.descriptor.ClassBasedTestDescriptor.instantiateAndPostProcessTestInstance(ClassBasedTestDescriptor.java:292)
	at org.junit.jupiter.engine.descriptor.ClassBasedTestDescriptor.lambda$testInstancesProvider$4(ClassBasedTestDescriptor.java:281)
	at java.base/java.util.Optional.orElseGet(Optional.java:364)
	at org.junit.jupiter.engine.descriptor.ClassBasedTestDescriptor.lambda$testInstancesProvider$5(ClassBasedTestDescriptor.java:280)
	at org.junit.jupiter.engine.execution.TestInstancesProvider.getTestInstances(TestInstancesProvider.java:27)
	at org.junit.jupiter.engine.descriptor.TestMethodTestDescriptor.lambda$prepare$0(TestMethodTestDescriptor.java:112)
	at org.junit.platform.engine.support.hierarchical.ThrowableCollector.execute(ThrowableCollector.java:73)
	at org.junit.jupiter.engine.descriptor.TestMethodTestDescriptor.prepare(TestMethodTestDescriptor.java:111)
	at org.junit.jupiter.engine.descriptor.TestMethodTestDescriptor.prepare(TestMethodTestDescriptor.java:69)
	at org.junit.platform.engine.support.hierarchical.NodeTestTask.lambda$prepare$2(NodeTestTask.java:128)
	at org.junit.platform.engine.support.hierarchical.ThrowableCollector.execute(ThrowableCollector.java:73)
	at org.junit.platform.engine.support.hierarchical.NodeTestTask.prepare(NodeTestTask.java:128)
	at org.junit.platform.engine.support.hierarchical.NodeTestTask.execute(NodeTestTask.java:95)
	at java.base/java.util.ArrayList.forEach(ArrayList.java:1597)
	at org.junit.platform.engine.support.hierarchical.SameThreadHierarchicalTestExecutorService.invokeAll(SameThreadHierarchicalTestExecutorService.java:41)
	at org.junit.platform.engine.support.hierarchical.NodeTestTask.lambda$executeRecursively$6(NodeTestTask.java:160)
	at org.junit.platform.engine.support.hierarchical.ThrowableCollector.execute(ThrowableCollector.java:73)
	at org.junit.platform.engine.support.hierarchical.NodeTestTask.lambda$executeRecursively$8(NodeTestTask.java:146)
	at org.junit.platform.engine.support.hierarchical.Node.around(Node.java:137)
	at org.junit.platform.engine.support.hierarchical.NodeTestTask.lambda$executeRecursively$9(NodeTestTask.java:144)
	at org.junit.platform.engine.support.hierarchical.ThrowableCollector.execute(ThrowableCollector.java:73)
	at org.junit.platform.engine.support.hierarchical.NodeTestTask.executeRecursively(NodeTestTask.java:143)
	at org.junit.platform.engine.support.hierarchical.NodeTestTask.execute(NodeTestTask.java:100)
	at java.base/java.util.ArrayList.forEach(ArrayList.java:1597)
	at org.junit.platform.engine.support.hierarchical.SameThreadHierarchicalTestExecutorService.invokeAll(SameThreadHierarchicalTestExecutorService.java:41)
	at org.junit.platform.engine.support.hierarchical.NodeTestTask.lambda$executeRecursively$6(NodeTestTask.java:160)
	at org.junit.platform.engine.support.hierarchical.ThrowableCollector.execute(ThrowableCollector.java:73)
	at org.junit.platform.engine.support.hierarchical.NodeTestTask.lambda$executeRecursively$8(NodeTestTask.java:146)
	at org.junit.platform.engine.support.hierarchical.Node.around(Node.java:137)
	at org.junit.platform.engine.support.hierarchical.NodeTestTask.lambda$executeRecursively$9(NodeTestTask.java:144)
	at org.junit.platform.engine.support.hierarchical.ThrowableCollector.execute(ThrowableCollector.java:73)
	at org.junit.platform.engine.support.hierarchical.NodeTestTask.executeRecursively(NodeTestTask.java:143)
	at org.junit.platform.engine.support.hierarchical.NodeTestTask.execute(NodeTestTask.java:100)
	at org.junit.platform.engine.support.hierarchical.SameThreadHierarchicalTestExecutorService.submit(SameThreadHierarchicalTestExecutorService.java:35)
	at org.junit.platform.engine.support.hierarchical.HierarchicalTestExecutor.execute(HierarchicalTestExecutor.java:57)
	at org.junit.platform.engine.support.hierarchical.HierarchicalTestEngine.execute(HierarchicalTestEngine.java:54)
	at org.junit.platform.launcher.core.EngineExecutionOrchestrator.execute(EngineExecutionOrchestrator.java:201)
	at org.junit.platform.launcher.core.EngineExecutionOrchestrator.execute(EngineExecutionOrchestrator.java:170)
	at org.junit.platform.launcher.core.EngineExecutionOrchestrator.execute(EngineExecutionOrchestrator.java:94)
	at org.junit.platform.launcher.core.EngineExecutionOrchestrator.lambda$execute$0(EngineExecutionOrchestrator.java:59)
	at org.junit.platform.launcher.core.EngineExecutionOrchestrator.withInterceptedStreams(EngineExecutionOrchestrator.java:142)
	at org.junit.platform.launcher.core.EngineExecutionOrchestrator.execute(EngineExecutionOrchestrator.java:58)
	at org.junit.platform.launcher.core.DefaultLauncher.execute(DefaultLauncher.java:103)
	at org.junit.platform.launcher.core.DefaultLauncher.execute(DefaultLauncher.java:85)
	at org.junit.platform.launcher.core.DelegatingLauncher.execute(DelegatingLauncher.java:47)
	at org.junit.platform.launcher.core.InterceptingLauncher.lambda$execute$1(InterceptingLauncher.java:39)
	at org.junit.platform.launcher.core.ClasspathAlignmentCheckingLauncherInterceptor.intercept(ClasspathAlignmentCheckingLauncherInterceptor.java:25)
	at org.junit.platform.launcher.core.InterceptingLauncher.execute(InterceptingLauncher.java:38)
	at org.junit.platform.launcher.core.DelegatingLauncher.execute(DelegatingLauncher.java:47)
	at org.junit.platform.launcher.core.SessionPerRequestLauncher.execute(SessionPerRequestLauncher.java:63)
	at com.intellij.junit5.JUnit5IdeaTestRunner.startRunnerWithArgs(JUnit5IdeaTestRunner.java:66)
	at com.intellij.rt.junit.IdeaTestRunner$Repeater$1.execute(IdeaTestRunner.java:38)
	at com.intellij.rt.execution.junit.TestsRepeater.repeat(TestsRepeater.java:11)
	at com.intellij.rt.junit.IdeaTestRunner$Repeater.startRunnerWithArgs(IdeaTestRunner.java:35)
	at com.intellij.rt.junit.JUnitStarter.prepareStreamsAndStart(JUnitStarter.java:237)
	at com.intellij.rt.junit.JUnitStarter.main(JUnitStarter.java:58)
Caused by: org.springframework.beans.factory.UnsatisfiedDependencyException: Error creating bean with name 'dataSourceScriptDatabaseInitializer' defined in class path resource [org/springframework/boot/autoconfigure/sql/init/DataSourceInitializationConfiguration.class]: Unsatisfied dependency expressed through method 'dataSourceScriptDatabaseInitializer' parameter 0: Error creating bean with name 'dataSource': Failed to replace DataSource with an embedded database for tests. If you want an embedded database please put a supported one on the classpath or tune the replace attribute of @AutoConfigureTestDatabase.
	at org.springframework.beans.factory.support.ConstructorResolver.createArgumentArray(ConstructorResolver.java:804)
	at org.springframework.beans.factory.support.ConstructorResolver.instantiateUsingFactoryMethod(ConstructorResolver.java:546)
	at org.springframework.beans.factory.support.AbstractAutowireCapableBeanFactory.instantiateUsingFactoryMethod(AbstractAutowireCapableBeanFactory.java:1375)
	at org.springframework.beans.factory.support.AbstractAutowireCapableBeanFactory.createBeanInstance(AbstractAutowireCapableBeanFactory.java:1205)
	at org.springframework.beans.factory.support.AbstractAutowireCapableBeanFactory.doCreateBean(AbstractAutowireCapableBeanFactory.java:569)
	at org.springframework.beans.factory.support.AbstractAutowireCapableBeanFactory.createBean(AbstractAutowireCapableBeanFactory.java:529)
	at org.springframework.beans.factory.support.AbstractBeanFactory.lambda$doGetBean$0(AbstractBeanFactory.java:339)
	at org.springframework.beans.factory.support.DefaultSingletonBeanRegistry.getSingleton(DefaultSingletonBeanRegistry.java:373)
	at org.springframework.beans.factory.support.AbstractBeanFactory.doGetBean(AbstractBeanFactory.java:337)
	at org.springframework.beans.factory.support.AbstractBeanFactory.getBean(AbstractBeanFactory.java:202)
	at org.springframework.beans.factory.support.AbstractBeanFactory.doGetBean(AbstractBeanFactory.java:315)
	... 93 common frames omitted
Caused by: org.springframework.beans.factory.BeanCreationException: Error creating bean with name 'dataSource': Failed to replace DataSource with an embedded database for tests. If you want an embedded database please put a supported one on the classpath or tune the replace attribute of @AutoConfigureTestDatabase.
	at org.springframework.beans.factory.support.AbstractAutowireCapableBeanFactory.initializeBean(AbstractAutowireCapableBeanFactory.java:1826)
	at org.springframework.beans.factory.support.AbstractAutowireCapableBeanFactory.doCreateBean(AbstractAutowireCapableBeanFactory.java:607)
	at org.springframework.beans.factory.support.AbstractAutowireCapableBeanFactory.createBean(AbstractAutowireCapableBeanFactory.java:529)
	at org.springframework.beans.factory.support.AbstractBeanFactory.lambda$doGetBean$0(AbstractBeanFactory.java:339)
	at org.springframework.beans.factory.support.DefaultSingletonBeanRegistry.getSingleton(DefaultSingletonBeanRegistry.java:373)
	at org.springframework.beans.factory.support.AbstractBeanFactory.doGetBean(AbstractBeanFactory.java:337)
	at org.springframework.beans.factory.support.AbstractBeanFactory.getBean(AbstractBeanFactory.java:202)
	at org.springframework.beans.factory.support.DefaultListableBeanFactory.doResolveDependency(DefaultListableBeanFactory.java:1708)
	at org.springframework.beans.factory.support.DefaultListableBeanFactory.resolveDependency(DefaultListableBeanFactory.java:1653)
	at org.springframework.beans.factory.support.ConstructorResolver.resolveAutowiredArgument(ConstructorResolver.java:913)
	at org.springframework.beans.factory.support.ConstructorResolver.createArgumentArray(ConstructorResolver.java:791)
	... 103 common frames omitted
Caused by: java.lang.IllegalStateException: Failed to replace DataSource with an embedded database for tests. If you want an embedded database please put a supported one on the classpath or tune the replace attribute of @AutoConfigureTestDatabase.
	at org.springframework.util.Assert.state(Assert.java:79)
	at org.springframework.boot.test.autoconfigure.jdbc.TestDatabaseAutoConfiguration$EmbeddedDataSourceFactory.getEmbeddedDatabase(TestDatabaseAutoConfiguration.java:291)
	at org.springframework.boot.test.autoconfigure.jdbc.TestDatabaseAutoConfiguration$EmbeddedDataSourceFactoryBean.afterPropertiesSet(TestDatabaseAutoConfiguration.java:256)
	at org.springframework.beans.factory.support.AbstractAutowireCapableBeanFactory.invokeInitMethods(AbstractAutowireCapableBeanFactory.java:1873)
	at org.springframework.beans.factory.support.AbstractAutowireCapableBeanFactory.initializeBean(AbstractAutowireCapableBeanFactory.java:1822)
	... 113 common frames omitted
2026-02-20 21:33:00 WARN  [main] o.s.test.context.TestContextManager - Caught exception while allowing TestExecutionListener [org.springframework.test.context.support.DependencyInjectionTestExecutionListener] to prepare test instance [com.MFP.OrderService.repository.OrderRepositoryTest@43d3aba5]
java.lang.IllegalStateException: Failed to load ApplicationContext for [MergedContextConfiguration@2fd64b11 testClass = com.MFP.OrderService.repository.OrderRepositoryTest, locations = [], classes = [com.MFP.OrderService.OrderServiceApplication], contextInitializerClasses = [], activeProfiles = ["test"], propertySourceDescriptors = [], propertySourceProperties = ["org.springframework.boot.test.autoconfigure.orm.jpa.DataJpaTestContextBootstrapper=true"], contextCustomizers = [[ImportsContextCustomizer@949c598 key = [org.springframework.boot.autoconfigure.transaction.TransactionAutoConfiguration, org.springframework.boot.autoconfigure.data.jpa.JpaRepositoriesAutoConfiguration, org.springframework.boot.test.autoconfigure.orm.jpa.TestEntityManagerAutoConfiguration, org.springframework.boot.autoconfigure.cache.CacheAutoConfiguration, org.springframework.boot.autoconfigure.orm.jpa.HibernateJpaAutoConfiguration, org.springframework.boot.autoconfigure.sql.init.SqlInitializationAutoConfiguration, org.springframework.boot.test.autoconfigure.jdbc.TestDatabaseAutoConfiguration, org.springframework.boot.autoconfigure.flyway.FlywayAutoConfiguration, org.springframework.boot.autoconfigure.jdbc.DataSourceTransactionManagerAutoConfiguration, org.springframework.boot.autoconfigure.liquibase.LiquibaseAutoConfiguration, org.springframework.boot.autoconfigure.jdbc.JdbcClientAutoConfiguration, org.springframework.boot.autoconfigure.jdbc.DataSourceAutoConfiguration, org.springframework.boot.autoconfigure.jdbc.JdbcTemplateAutoConfiguration]], org.springframework.boot.test.context.filter.ExcludeFilterContextCustomizer@61fe30, org.springframework.boot.test.json.DuplicateJsonObjectContextCustomizerFactory$DuplicateJsonObjectContextCustomizer@3adcc812, org.springframework.boot.test.mock.mockito.MockitoContextCustomizer@0, org.springframework.boot.test.web.reactor.netty.DisableReactorResourceFactoryGlobalResourcesContextCustomizerFactory$DisableReactorResourceFactoryGlobalResourcesContextCustomizerCustomizer@484094a5, org.springframework.boot.test.autoconfigure.OnFailureConditionReportContextCustomizerFactory$OnFailureConditionReportContextCustomizer@602e0143, org.springframework.boot.test.autoconfigure.OverrideAutoConfigurationContextCustomizerFactory$DisableAutoConfigurationContextCustomizer@34c01041, org.springframework.boot.test.autoconfigure.actuate.observability.ObservabilityContextCustomizerFactory$DisableObservabilityContextCustomizer@1f, org.springframework.boot.test.autoconfigure.filter.TypeExcludeFiltersContextCustomizer@34be3d80, org.springframework.boot.test.autoconfigure.properties.PropertyMappingContextCustomizer@2e46382d, org.springframework.boot.test.autoconfigure.web.servlet.WebDriverContextCustomizer@27d4a09, org.springframework.test.context.support.DynamicPropertiesContextCustomizer@0, org.springframework.boot.test.context.SpringBootTestAnnotation@ad3deebc], contextLoader = org.springframework.boot.test.context.SpringBootContextLoader, parent = null]
	at org.springframework.test.context.cache.DefaultCacheAwareContextLoaderDelegate.loadContext(DefaultCacheAwareContextLoaderDelegate.java:180)
	at org.springframework.test.context.support.DefaultTestContext.getApplicationContext(DefaultTestContext.java:130)
	at org.springframework.test.context.support.DependencyInjectionTestExecutionListener.injectDependencies(DependencyInjectionTestExecutionListener.java:155)
	at org.springframework.test.context.support.DependencyInjectionTestExecutionListener.prepareTestInstance(DependencyInjectionTestExecutionListener.java:111)
	at org.springframework.test.context.TestContextManager.prepareTestInstance(TestContextManager.java:260)
	at org.springframework.test.context.junit.jupiter.SpringExtension.postProcessTestInstance(SpringExtension.java:159)
	at org.junit.jupiter.engine.descriptor.ClassBasedTestDescriptor.lambda$invokeTestInstancePostProcessors$10(ClassBasedTestDescriptor.java:383)
	at org.junit.jupiter.engine.descriptor.ClassBasedTestDescriptor.executeAndMaskThrowable(ClassBasedTestDescriptor.java:388)
	at org.junit.jupiter.engine.descriptor.ClassBasedTestDescriptor.lambda$invokeTestInstancePostProcessors$11(ClassBasedTestDescriptor.java:382)
	at java.base/java.util.stream.ForEachOps$ForEachOp$OfRef.accept(ForEachOps.java:184)
	at java.base/java.util.stream.ReferencePipeline$3$1.accept(ReferencePipeline.java:215)
	at java.base/java.util.stream.ReferencePipeline$2$1.accept(ReferencePipeline.java:197)
	at java.base/java.util.stream.ReferencePipeline$3$1.accept(ReferencePipeline.java:215)
	at java.base/java.util.ArrayList$ArrayListSpliterator.forEachRemaining(ArrayList.java:1709)
	at java.base/java.util.stream.AbstractPipeline.copyInto(AbstractPipeline.java:570)
	at java.base/java.util.stream.AbstractPipeline.wrapAndCopyInto(AbstractPipeline.java:560)
	at java.base/java.util.stream.ForEachOps$ForEachOp.evaluateSequential(ForEachOps.java:151)
	at java.base/java.util.stream.ForEachOps$ForEachOp$OfRef.evaluateSequential(ForEachOps.java:174)
	at java.base/java.util.stream.AbstractPipeline.evaluate(AbstractPipeline.java:265)
	at java.base/java.util.stream.ReferencePipeline.forEach(ReferencePipeline.java:636)
	at org.junit.jupiter.engine.descriptor.ClassBasedTestDescriptor.invokeTestInstancePostProcessors(ClassBasedTestDescriptor.java:382)
	at org.junit.jupiter.engine.descriptor.ClassBasedTestDescriptor.lambda$instantiateAndPostProcessTestInstance$6(ClassBasedTestDescriptor.java:293)
	at org.junit.platform.engine.support.hierarchical.ThrowableCollector.execute(ThrowableCollector.java:73)
	at org.junit.jupiter.engine.descriptor.ClassBasedTestDescriptor.instantiateAndPostProcessTestInstance(ClassBasedTestDescriptor.java:292)
	at org.junit.jupiter.engine.descriptor.ClassBasedTestDescriptor.lambda$testInstancesProvider$4(ClassBasedTestDescriptor.java:281)
	at java.base/java.util.Optional.orElseGet(Optional.java:364)
	at org.junit.jupiter.engine.descriptor.ClassBasedTestDescriptor.lambda$testInstancesProvider$5(ClassBasedTestDescriptor.java:280)
	at org.junit.jupiter.engine.execution.TestInstancesProvider.getTestInstances(TestInstancesProvider.java:27)
	at org.junit.jupiter.engine.descriptor.TestMethodTestDescriptor.lambda$prepare$0(TestMethodTestDescriptor.java:112)
	at org.junit.platform.engine.support.hierarchical.ThrowableCollector.execute(ThrowableCollector.java:73)
	at org.junit.jupiter.engine.descriptor.TestMethodTestDescriptor.prepare(TestMethodTestDescriptor.java:111)
	at org.junit.jupiter.engine.descriptor.TestMethodTestDescriptor.prepare(TestMethodTestDescriptor.java:69)
	at org.junit.platform.engine.support.hierarchical.NodeTestTask.lambda$prepare$2(NodeTestTask.java:128)
	at org.junit.platform.engine.support.hierarchical.ThrowableCollector.execute(ThrowableCollector.java:73)
	at org.junit.platform.engine.support.hierarchical.NodeTestTask.prepare(NodeTestTask.java:128)
	at org.junit.platform.engine.support.hierarchical.NodeTestTask.execute(NodeTestTask.java:95)
	at java.base/java.util.ArrayList.forEach(ArrayList.java:1597)
	at org.junit.platform.engine.support.hierarchical.SameThreadHierarchicalTestExecutorService.invokeAll(SameThreadHierarchicalTestExecutorService.java:41)
	at org.junit.platform.engine.support.hierarchical.NodeTestTask.lambda$executeRecursively$6(NodeTestTask.java:160)
	at org.junit.platform.engine.support.hierarchical.ThrowableCollector.execute(ThrowableCollector.java:73)
	at org.junit.platform.engine.support.hierarchical.NodeTestTask.lambda$executeRecursively$8(NodeTestTask.java:146)
	at org.junit.platform.engine.support.hierarchical.Node.around(Node.java:137)
	at org.junit.platform.engine.support.hierarchical.NodeTestTask.lambda$executeRecursively$9(NodeTestTask.java:144)
	at org.junit.platform.engine.support.hierarchical.ThrowableCollector.execute(ThrowableCollector.java:73)
	at org.junit.platform.engine.support.hierarchical.NodeTestTask.executeRecursively(NodeTestTask.java:143)
	at org.junit.platform.engine.support.hierarchical.NodeTestTask.execute(NodeTestTask.java:100)
	at java.base/java.util.ArrayList.forEach(ArrayList.java:1597)
	at org.junit.platform.engine.support.hierarchical.SameThreadHierarchicalTestExecutorService.invokeAll(SameThreadHierarchicalTestExecutorService.java:41)
	at org.junit.platform.engine.support.hierarchical.NodeTestTask.lambda$executeRecursively$6(NodeTestTask.java:160)
	at org.junit.platform.engine.support.hierarchical.ThrowableCollector.execute(ThrowableCollector.java:73)
	at org.junit.platform.engine.support.hierarchical.NodeTestTask.lambda$executeRecursively$8(NodeTestTask.java:146)
	at org.junit.platform.engine.support.hierarchical.Node.around(Node.java:137)
	at org.junit.platform.engine.support.hierarchical.NodeTestTask.lambda$executeRecursively$9(NodeTestTask.java:144)
	at org.junit.platform.engine.support.hierarchical.ThrowableCollector.execute(ThrowableCollector.java:73)
	at org.junit.platform.engine.support.hierarchical.NodeTestTask.executeRecursively(NodeTestTask.java:143)
	at org.junit.platform.engine.support.hierarchical.NodeTestTask.execute(NodeTestTask.java:100)
	at org.junit.platform.engine.support.hierarchical.SameThreadHierarchicalTestExecutorService.submit(SameThreadHierarchicalTestExecutorService.java:35)
	at org.junit.platform.engine.support.hierarchical.HierarchicalTestExecutor.execute(HierarchicalTestExecutor.java:57)
	at org.junit.platform.engine.support.hierarchical.HierarchicalTestEngine.execute(HierarchicalTestEngine.java:54)
	at org.junit.platform.launcher.core.EngineExecutionOrchestrator.execute(EngineExecutionOrchestrator.java:201)
	at org.junit.platform.launcher.core.EngineExecutionOrchestrator.execute(EngineExecutionOrchestrator.java:170)
	at org.junit.platform.launcher.core.EngineExecutionOrchestrator.execute(EngineExecutionOrchestrator.java:94)
	at org.junit.platform.launcher.core.EngineExecutionOrchestrator.lambda$execute$0(EngineExecutionOrchestrator.java:59)
	at org.junit.platform.launcher.core.EngineExecutionOrchestrator.withInterceptedStreams(EngineExecutionOrchestrator.java:142)
	at org.junit.platform.launcher.core.EngineExecutionOrchestrator.execute(EngineExecutionOrchestrator.java:58)
	at org.junit.platform.launcher.core.DefaultLauncher.execute(DefaultLauncher.java:103)
	at org.junit.platform.launcher.core.DefaultLauncher.execute(DefaultLauncher.java:85)
	at org.junit.platform.launcher.core.DelegatingLauncher.execute(DelegatingLauncher.java:47)
	at org.junit.platform.launcher.core.InterceptingLauncher.lambda$execute$1(InterceptingLauncher.java:39)
	at org.junit.platform.launcher.core.ClasspathAlignmentCheckingLauncherInterceptor.intercept(ClasspathAlignmentCheckingLauncherInterceptor.java:25)
	at org.junit.platform.launcher.core.InterceptingLauncher.execute(InterceptingLauncher.java:38)
	at org.junit.platform.launcher.core.DelegatingLauncher.execute(DelegatingLauncher.java:47)
	at org.junit.platform.launcher.core.SessionPerRequestLauncher.execute(SessionPerRequestLauncher.java:63)
	at com.intellij.junit5.JUnit5IdeaTestRunner.startRunnerWithArgs(JUnit5IdeaTestRunner.java:66)
	at com.intellij.rt.junit.IdeaTestRunner$Repeater$1.execute(IdeaTestRunner.java:38)
	at com.intellij.rt.execution.junit.TestsRepeater.repeat(TestsRepeater.java:11)
	at com.intellij.rt.junit.IdeaTestRunner$Repeater.startRunnerWithArgs(IdeaTestRunner.java:35)
	at com.intellij.rt.junit.JUnitStarter.prepareStreamsAndStart(JUnitStarter.java:237)
	at com.intellij.rt.junit.JUnitStarter.main(JUnitStarter.java:58)
Caused by: org.springframework.beans.factory.BeanCreationException: Error creating bean with name 'entityManagerFactory' defined in class path resource [org/springframework/boot/autoconfigure/orm/jpa/HibernateJpaConfiguration.class]: Failed to initialize dependency 'dataSourceScriptDatabaseInitializer' of LoadTimeWeaverAware bean 'entityManagerFactory': Error creating bean with name 'dataSourceScriptDatabaseInitializer' defined in class path resource [org/springframework/boot/autoconfigure/sql/init/DataSourceInitializationConfiguration.class]: Unsatisfied dependency expressed through method 'dataSourceScriptDatabaseInitializer' parameter 0: Error creating bean with name 'dataSource': Failed to replace DataSource with an embedded database for tests. If you want an embedded database please put a supported one on the classpath or tune the replace attribute of @AutoConfigureTestDatabase.
	at org.springframework.beans.factory.support.AbstractBeanFactory.doGetBean(AbstractBeanFactory.java:328)
	at org.springframework.beans.factory.support.AbstractBeanFactory.getBean(AbstractBeanFactory.java:207)
	at org.springframework.context.support.AbstractApplicationContext.finishBeanFactoryInitialization(AbstractApplicationContext.java:973)
	at org.springframework.context.support.AbstractApplicationContext.refresh(AbstractApplicationContext.java:627)
	at org.springframework.boot.SpringApplication.refresh(SpringApplication.java:752)
	at org.springframework.boot.SpringApplication.refreshContext(SpringApplication.java:439)
	at org.springframework.boot.SpringApplication.run(SpringApplication.java:318)
	at org.springframework.boot.test.context.SpringBootContextLoader.lambda$loadContext$3(SpringBootContextLoader.java:152)
	at org.springframework.util.function.ThrowingSupplier.get(ThrowingSupplier.java:58)
	at org.springframework.util.function.ThrowingSupplier.get(ThrowingSupplier.java:46)
	at org.springframework.boot.SpringApplication.withHook(SpringApplication.java:1461)
	at org.springframework.boot.test.context.SpringBootContextLoader$ContextLoaderHook.run(SpringBootContextLoader.java:595)
	at org.springframework.boot.test.context.SpringBootContextLoader.loadContext(SpringBootContextLoader.java:152)
	at org.springframework.boot.test.context.SpringBootContextLoader.loadContext(SpringBootContextLoader.java:111)
	at org.springframework.test.context.cache.DefaultCacheAwareContextLoaderDelegate.loadContextInternal(DefaultCacheAwareContextLoaderDelegate.java:225)
	at org.springframework.test.context.cache.DefaultCacheAwareContextLoaderDelegate.loadContext(DefaultCacheAwareContextLoaderDelegate.java:152)
	... 78 common frames omitted
Caused by: org.springframework.beans.factory.UnsatisfiedDependencyException: Error creating bean with name 'dataSourceScriptDatabaseInitializer' defined in class path resource [org/springframework/boot/autoconfigure/sql/init/DataSourceInitializationConfiguration.class]: Unsatisfied dependency expressed through method 'dataSourceScriptDatabaseInitializer' parameter 0: Error creating bean with name 'dataSource': Failed to replace DataSource with an embedded database for tests. If you want an embedded database please put a supported one on the classpath or tune the replace attribute of @AutoConfigureTestDatabase.
	at org.springframework.beans.factory.support.ConstructorResolver.createArgumentArray(ConstructorResolver.java:804)
	at org.springframework.beans.factory.support.ConstructorResolver.instantiateUsingFactoryMethod(ConstructorResolver.java:546)
	at org.springframework.beans.factory.support.AbstractAutowireCapableBeanFactory.instantiateUsingFactoryMethod(AbstractAutowireCapableBeanFactory.java:1375)
	at org.springframework.beans.factory.support.AbstractAutowireCapableBeanFactory.createBeanInstance(AbstractAutowireCapableBeanFactory.java:1205)
	at org.springframework.beans.factory.support.AbstractAutowireCapableBeanFactory.doCreateBean(AbstractAutowireCapableBeanFactory.java:569)
	at org.springframework.beans.factory.support.AbstractAutowireCapableBeanFactory.createBean(AbstractAutowireCapableBeanFactory.java:529)
	at org.springframework.beans.factory.support.AbstractBeanFactory.lambda$doGetBean$0(AbstractBeanFactory.java:339)
	at org.springframework.beans.factory.support.DefaultSingletonBeanRegistry.getSingleton(DefaultSingletonBeanRegistry.java:373)
	at org.springframework.beans.factory.support.AbstractBeanFactory.doGetBean(AbstractBeanFactory.java:337)
	at org.springframework.beans.factory.support.AbstractBeanFactory.getBean(AbstractBeanFactory.java:202)
	at org.springframework.beans.factory.support.AbstractBeanFactory.doGetBean(AbstractBeanFactory.java:315)
	... 93 common frames omitted
Caused by: org.springframework.beans.factory.BeanCreationException: Error creating bean with name 'dataSource': Failed to replace DataSource with an embedded database for tests. If you want an embedded database please put a supported one on the classpath or tune the replace attribute of @AutoConfigureTestDatabase.
	at org.springframework.beans.factory.support.AbstractAutowireCapableBeanFactory.initializeBean(AbstractAutowireCapableBeanFactory.java:1826)
	at org.springframework.beans.factory.support.AbstractAutowireCapableBeanFactory.doCreateBean(AbstractAutowireCapableBeanFactory.java:607)
	at org.springframework.beans.factory.support.AbstractAutowireCapableBeanFactory.createBean(AbstractAutowireCapableBeanFactory.java:529)
	at org.springframework.beans.factory.support.AbstractBeanFactory.lambda$doGetBean$0(AbstractBeanFactory.java:339)
	at org.springframework.beans.factory.support.DefaultSingletonBeanRegistry.getSingleton(DefaultSingletonBeanRegistry.java:373)
	at org.springframework.beans.factory.support.AbstractBeanFactory.doGetBean(AbstractBeanFactory.java:337)
	at org.springframework.beans.factory.support.AbstractBeanFactory.getBean(AbstractBeanFactory.java:202)
	at org.springframework.beans.factory.support.DefaultListableBeanFactory.doResolveDependency(DefaultListableBeanFactory.java:1708)
	at org.springframework.beans.factory.support.DefaultListableBeanFactory.resolveDependency(DefaultListableBeanFactory.java:1653)
	at org.springframework.beans.factory.support.ConstructorResolver.resolveAutowiredArgument(ConstructorResolver.java:913)
	at org.springframework.beans.factory.support.ConstructorResolver.createArgumentArray(ConstructorResolver.java:791)
	... 103 common frames omitted
Caused by: java.lang.IllegalStateException: Failed to replace DataSource with an embedded database for tests. If you want an embedded database please put a supported one on the classpath or tune the replace attribute of @AutoConfigureTestDatabase.
	at org.springframework.util.Assert.state(Assert.java:79)
	at org.springframework.boot.test.autoconfigure.jdbc.TestDatabaseAutoConfiguration$EmbeddedDataSourceFactory.getEmbeddedDatabase(TestDatabaseAutoConfiguration.java:291)
	at org.springframework.boot.test.autoconfigure.jdbc.TestDatabaseAutoConfiguration$EmbeddedDataSourceFactoryBean.afterPropertiesSet(TestDatabaseAutoConfiguration.java:256)
	at org.springframework.beans.factory.support.AbstractAutowireCapableBeanFactory.invokeInitMethods(AbstractAutowireCapableBeanFactory.java:1873)
	at org.springframework.beans.factory.support.AbstractAutowireCapableBeanFactory.initializeBean(AbstractAutowireCapableBeanFactory.java:1822)
	... 113 common frames omitted
2026-02-20 21:33:00 WARN  [main] o.s.test.context.TestContextManager - Caught exception while allowing TestExecutionListener [org.springframework.test.context.support.DependencyInjectionTestExecutionListener] to prepare test instance [com.MFP.OrderService.repository.OrderRepositoryTest@777d0bc3]
java.lang.IllegalStateException: ApplicationContext failure threshold (1) exceeded: skipping repeated attempt to load context for [MergedContextConfiguration@2fd64b11 testClass = com.MFP.OrderService.repository.OrderRepositoryTest, locations = [], classes = [com.MFP.OrderService.OrderServiceApplication], contextInitializerClasses = [], activeProfiles = ["test"], propertySourceDescriptors = [], propertySourceProperties = ["org.springframework.boot.test.autoconfigure.orm.jpa.DataJpaTestContextBootstrapper=true"], contextCustomizers = [[ImportsContextCustomizer@949c598 key = [org.springframework.boot.autoconfigure.transaction.TransactionAutoConfiguration, org.springframework.boot.autoconfigure.data.jpa.JpaRepositoriesAutoConfiguration, org.springframework.boot.test.autoconfigure.orm.jpa.TestEntityManagerAutoConfiguration, org.springframework.boot.autoconfigure.cache.CacheAutoConfiguration, org.springframework.boot.autoconfigure.orm.jpa.HibernateJpaAutoConfiguration, org.springframework.boot.autoconfigure.sql.init.SqlInitializationAutoConfiguration, org.springframework.boot.test.autoconfigure.jdbc.TestDatabaseAutoConfiguration, org.springframework.boot.autoconfigure.flyway.FlywayAutoConfiguration, org.springframework.boot.autoconfigure.jdbc.DataSourceTransactionManagerAutoConfiguration, org.springframework.boot.autoconfigure.liquibase.LiquibaseAutoConfiguration, org.springframework.boot.autoconfigure.jdbc.JdbcClientAutoConfiguration, org.springframework.boot.autoconfigure.jdbc.DataSourceAutoConfiguration, org.springframework.boot.autoconfigure.jdbc.JdbcTemplateAutoConfiguration]], org.springframework.boot.test.context.filter.ExcludeFilterContextCustomizer@61fe30, org.springframework.boot.test.json.DuplicateJsonObjectContextCustomizerFactory$DuplicateJsonObjectContextCustomizer@3adcc812, org.springframework.boot.test.mock.mockito.MockitoContextCustomizer@0, org.springframework.boot.test.web.reactor.netty.DisableReactorResourceFactoryGlobalResourcesContextCustomizerFactory$DisableReactorResourceFactoryGlobalResourcesContextCustomizerCustomizer@484094a5, org.springframework.boot.test.autoconfigure.OnFailureConditionReportContextCustomizerFactory$OnFailureConditionReportContextCustomizer@602e0143, org.springframework.boot.test.autoconfigure.OverrideAutoConfigurationContextCustomizerFactory$DisableAutoConfigurationContextCustomizer@34c01041, org.springframework.boot.test.autoconfigure.actuate.observability.ObservabilityContextCustomizerFactory$DisableObservabilityContextCustomizer@1f, org.springframework.boot.test.autoconfigure.filter.TypeExcludeFiltersContextCustomizer@34be3d80, org.springframework.boot.test.autoconfigure.properties.PropertyMappingContextCustomizer@2e46382d, org.springframework.boot.test.autoconfigure.web.servlet.WebDriverContextCustomizer@27d4a09, org.springframework.test.context.support.DynamicPropertiesContextCustomizer@0, org.springframework.boot.test.context.SpringBootTestAnnotation@ad3deebc], contextLoader = org.springframework.boot.test.context.SpringBootContextLoader, parent = null]
	at org.springframework.test.context.cache.DefaultCacheAwareContextLoaderDelegate.loadContext(DefaultCacheAwareContextLoaderDelegate.java:145)
	at org.springframework.test.context.support.DefaultTestContext.getApplicationContext(DefaultTestContext.java:130)
	at org.springframework.test.context.support.DependencyInjectionTestExecutionListener.injectDependencies(DependencyInjectionTestExecutionListener.java:155)
	at org.springframework.test.context.support.DependencyInjectionTestExecutionListener.prepareTestInstance(DependencyInjectionTestExecutionListener.java:111)
	at org.springframework.test.context.TestContextManager.prepareTestInstance(TestContextManager.java:260)
	at org.springframework.test.context.junit.jupiter.SpringExtension.postProcessTestInstance(SpringExtension.java:159)
	at org.junit.jupiter.engine.descriptor.ClassBasedTestDescriptor.lambda$invokeTestInstancePostProcessors$10(ClassBasedTestDescriptor.java:383)
	at org.junit.jupiter.engine.descriptor.ClassBasedTestDescriptor.executeAndMaskThrowable(ClassBasedTestDescriptor.java:388)
	at org.junit.jupiter.engine.descriptor.ClassBasedTestDescriptor.lambda$invokeTestInstancePostProcessors$11(ClassBasedTestDescriptor.java:382)
	at java.base/java.util.stream.ForEachOps$ForEachOp$OfRef.accept(ForEachOps.java:184)
	at java.base/java.util.stream.ReferencePipeline$3$1.accept(ReferencePipeline.java:215)
	at java.base/java.util.stream.ReferencePipeline$2$1.accept(ReferencePipeline.java:197)
	at java.base/java.util.stream.ReferencePipeline$3$1.accept(ReferencePipeline.java:215)
	at java.base/java.util.ArrayList$ArrayListSpliterator.forEachRemaining(ArrayList.java:1709)
	at java.base/java.util.stream.AbstractPipeline.copyInto(AbstractPipeline.java:570)
	at java.base/java.util.stream.AbstractPipeline.wrapAndCopyInto(AbstractPipeline.java:560)
	at java.base/java.util.stream.ForEachOps$ForEachOp.evaluateSequential(ForEachOps.java:151)
	at java.base/java.util.stream.ForEachOps$ForEachOp$OfRef.evaluateSequential(ForEachOps.java:174)
	at java.base/java.util.stream.AbstractPipeline.evaluate(AbstractPipeline.java:265)
	at java.base/java.util.stream.ReferencePipeline.forEach(ReferencePipeline.java:636)
	at org.junit.jupiter.engine.descriptor.ClassBasedTestDescriptor.invokeTestInstancePostProcessors(ClassBasedTestDescriptor.java:382)
	at org.junit.jupiter.engine.descriptor.ClassBasedTestDescriptor.lambda$instantiateAndPostProcessTestInstance$6(ClassBasedTestDescriptor.java:293)
	at org.junit.platform.engine.support.hierarchical.ThrowableCollector.execute(ThrowableCollector.java:73)
	at org.junit.jupiter.engine.descriptor.ClassBasedTestDescriptor.instantiateAndPostProcessTestInstance(ClassBasedTestDescriptor.java:292)
	at org.junit.jupiter.engine.descriptor.ClassBasedTestDescriptor.lambda$testInstancesProvider$4(ClassBasedTestDescriptor.java:281)
	at java.base/java.util.Optional.orElseGet(Optional.java:364)
	at org.junit.jupiter.engine.descriptor.ClassBasedTestDescriptor.lambda$testInstancesProvider$5(ClassBasedTestDescriptor.java:280)
	at org.junit.jupiter.engine.execution.TestInstancesProvider.getTestInstances(TestInstancesProvider.java:27)
	at org.junit.jupiter.engine.descriptor.TestMethodTestDescriptor.lambda$prepare$0(TestMethodTestDescriptor.java:112)
	at org.junit.platform.engine.support.hierarchical.ThrowableCollector.execute(ThrowableCollector.java:73)
	at org.junit.jupiter.engine.descriptor.TestMethodTestDescriptor.prepare(TestMethodTestDescriptor.java:111)
	at org.junit.jupiter.engine.descriptor.TestMethodTestDescriptor.prepare(TestMethodTestDescriptor.java:69)
	at org.junit.platform.engine.support.hierarchical.NodeTestTask.lambda$prepare$2(NodeTestTask.java:128)
	at org.junit.platform.engine.support.hierarchical.ThrowableCollector.execute(ThrowableCollector.java:73)
	at org.junit.platform.engine.support.hierarchical.NodeTestTask.prepare(NodeTestTask.java:128)
	at org.junit.platform.engine.support.hierarchical.NodeTestTask.execute(NodeTestTask.java:95)
	at java.base/java.util.ArrayList.forEach(ArrayList.java:1597)
	at org.junit.platform.engine.support.hierarchical.SameThreadHierarchicalTestExecutorService.invokeAll(SameThreadHierarchicalTestExecutorService.java:41)
	at org.junit.platform.engine.support.hierarchical.NodeTestTask.lambda$executeRecursively$6(NodeTestTask.java:160)
	at org.junit.platform.engine.support.hierarchical.ThrowableCollector.execute(ThrowableCollector.java:73)
	at org.junit.platform.engine.support.hierarchical.NodeTestTask.lambda$executeRecursively$8(NodeTestTask.java:146)
	at org.junit.platform.engine.support.hierarchical.Node.around(Node.java:137)
	at org.junit.platform.engine.support.hierarchical.NodeTestTask.lambda$executeRecursively$9(NodeTestTask.java:144)
	at org.junit.platform.engine.support.hierarchical.ThrowableCollector.execute(ThrowableCollector.java:73)
	at org.junit.platform.engine.support.hierarchical.NodeTestTask.executeRecursively(NodeTestTask.java:143)
	at org.junit.platform.engine.support.hierarchical.NodeTestTask.execute(NodeTestTask.java:100)
	at java.base/java.util.ArrayList.forEach(ArrayList.java:1597)
	at org.junit.platform.engine.support.hierarchical.SameThreadHierarchicalTestExecutorService.invokeAll(SameThreadHierarchicalTestExecutorService.java:41)
	at org.junit.platform.engine.support.hierarchical.NodeTestTask.lambda$executeRecursively$6(NodeTestTask.java:160)
	at org.junit.platform.engine.support.hierarchical.ThrowableCollector.execute(ThrowableCollector.java:73)
	at org.junit.platform.engine.support.hierarchical.NodeTestTask.lambda$executeRecursively$8(NodeTestTask.java:146)
	at org.junit.platform.engine.support.hierarchical.Node.around(Node.java:137)
	at org.junit.platform.engine.support.hierarchical.NodeTestTask.lambda$executeRecursively$9(NodeTestTask.java:144)
	at org.junit.platform.engine.support.hierarchical.ThrowableCollector.execute(ThrowableCollector.java:73)
	at org.junit.platform.engine.support.hierarchical.NodeTestTask.executeRecursively(NodeTestTask.java:143)
	at org.junit.platform.engine.support.hierarchical.NodeTestTask.execute(NodeTestTask.java:100)
	at org.junit.platform.engine.support.hierarchical.SameThreadHierarchicalTestExecutorService.submit(SameThreadHierarchicalTestExecutorService.java:35)
	at org.junit.platform.engine.support.hierarchical.HierarchicalTestExecutor.execute(HierarchicalTestExecutor.java:57)
	at org.junit.platform.engine.support.hierarchical.HierarchicalTestEngine.execute(HierarchicalTestEngine.java:54)
	at org.junit.platform.launcher.core.EngineExecutionOrchestrator.execute(EngineExecutionOrchestrator.java:201)
	at org.junit.platform.launcher.core.EngineExecutionOrchestrator.execute(EngineExecutionOrchestrator.java:170)
	at org.junit.platform.launcher.core.EngineExecutionOrchestrator.execute(EngineExecutionOrchestrator.java:94)
	at org.junit.platform.launcher.core.EngineExecutionOrchestrator.lambda$execute$0(EngineExecutionOrchestrator.java:59)
	at org.junit.platform.launcher.core.EngineExecutionOrchestrator.withInterceptedStreams(EngineExecutionOrchestrator.java:142)
	at org.junit.platform.launcher.core.EngineExecutionOrchestrator.execute(EngineExecutionOrchestrator.java:58)
	at org.junit.platform.launcher.core.DefaultLauncher.execute(DefaultLauncher.java:103)
	at org.junit.platform.launcher.core.DefaultLauncher.execute(DefaultLauncher.java:85)
	at org.junit.platform.launcher.core.DelegatingLauncher.execute(DelegatingLauncher.java:47)
	at org.junit.platform.launcher.core.InterceptingLauncher.lambda$execute$1(InterceptingLauncher.java:39)
	at org.junit.platform.launcher.core.ClasspathAlignmentCheckingLauncherInterceptor.intercept(ClasspathAlignmentCheckingLauncherInterceptor.java:25)
	at org.junit.platform.launcher.core.InterceptingLauncher.execute(InterceptingLauncher.java:38)
	at org.junit.platform.launcher.core.DelegatingLauncher.execute(DelegatingLauncher.java:47)
	at org.junit.platform.launcher.core.SessionPerRequestLauncher.execute(SessionPerRequestLauncher.java:63)
	at com.intellij.junit5.JUnit5IdeaTestRunner.startRunnerWithArgs(JUnit5IdeaTestRunner.java:66)
	at com.intellij.rt.junit.IdeaTestRunner$Repeater$1.execute(IdeaTestRunner.java:38)
	at com.intellij.rt.execution.junit.TestsRepeater.repeat(TestsRepeater.java:11)
	at com.intellij.rt.junit.IdeaTestRunner$Repeater.startRunnerWithArgs(IdeaTestRunner.java:35)
	at com.intellij.rt.junit.JUnitStarter.prepareStreamsAndStart(JUnitStarter.java:237)
	at com.intellij.rt.junit.JUnitStarter.main(JUnitStarter.java:58)
2026-02-20 21:33:01 WARN  [main] o.s.test.context.TestContextManager - Caught exception while allowing TestExecutionListener [org.springframework.test.context.support.DependencyInjectionTestExecutionListener] to prepare test instance [com.MFP.OrderService.repository.OrderRepositoryTest@2d85fb64]
java.lang.IllegalStateException: ApplicationContext failure threshold (1) exceeded: skipping repeated attempt to load context for [MergedContextConfiguration@2fd64b11 testClass = com.MFP.OrderService.repository.OrderRepositoryTest, locations = [], classes = [com.MFP.OrderService.OrderServiceApplication], contextInitializerClasses = [], activeProfiles = ["test"], propertySourceDescriptors = [], propertySourceProperties = ["org.springframework.boot.test.autoconfigure.orm.jpa.DataJpaTestContextBootstrapper=true"], contextCustomizers = [[ImportsContextCustomizer@949c598 key = [org.springframework.boot.autoconfigure.transaction.TransactionAutoConfiguration, org.springframework.boot.autoconfigure.data.jpa.JpaRepositoriesAutoConfiguration, org.springframework.boot.test.autoconfigure.orm.jpa.TestEntityManagerAutoConfiguration, org.springframework.boot.autoconfigure.cache.CacheAutoConfiguration, org.springframework.boot.autoconfigure.orm.jpa.HibernateJpaAutoConfiguration, org.springframework.boot.autoconfigure.sql.init.SqlInitializationAutoConfiguration, org.springframework.boot.test.autoconfigure.jdbc.TestDatabaseAutoConfiguration, org.springframework.boot.autoconfigure.flyway.FlywayAutoConfiguration, org.springframework.boot.autoconfigure.jdbc.DataSourceTransactionManagerAutoConfiguration, org.springframework.boot.autoconfigure.liquibase.LiquibaseAutoConfiguration, org.springframework.boot.autoconfigure.jdbc.JdbcClientAutoConfiguration, org.springframework.boot.autoconfigure.jdbc.DataSourceAutoConfiguration, org.springframework.boot.autoconfigure.jdbc.JdbcTemplateAutoConfiguration]], org.springframework.boot.test.context.filter.ExcludeFilterContextCustomizer@61fe30, org.springframework.boot.test.json.DuplicateJsonObjectContextCustomizerFactory$DuplicateJsonObjectContextCustomizer@3adcc812, org.springframework.boot.test.mock.mockito.MockitoContextCustomizer@0, org.springframework.boot.test.web.reactor.netty.DisableReactorResourceFactoryGlobalResourcesContextCustomizerFactory$DisableReactorResourceFactoryGlobalResourcesContextCustomizerCustomizer@484094a5, org.springframework.boot.test.autoconfigure.OnFailureConditionReportContextCustomizerFactory$OnFailureConditionReportContextCustomizer@602e0143, org.springframework.boot.test.autoconfigure.OverrideAutoConfigurationContextCustomizerFactory$DisableAutoConfigurationContextCustomizer@34c01041, org.springframework.boot.test.autoconfigure.actuate.observability.ObservabilityContextCustomizerFactory$DisableObservabilityContextCustomizer@1f, org.springframework.boot.test.autoconfigure.filter.TypeExcludeFiltersContextCustomizer@34be3d80, org.springframework.boot.test.autoconfigure.properties.PropertyMappingContextCustomizer@2e46382d, org.springframework.boot.test.autoconfigure.web.servlet.WebDriverContextCustomizer@27d4a09, org.springframework.test.context.support.DynamicPropertiesContextCustomizer@0, org.springframework.boot.test.context.SpringBootTestAnnotation@ad3deebc], contextLoader = org.springframework.boot.test.context.SpringBootContextLoader, parent = null]
	at org.springframework.test.context.cache.DefaultCacheAwareContextLoaderDelegate.loadContext(DefaultCacheAwareContextLoaderDelegate.java:145)
	at org.springframework.test.context.support.DefaultTestContext.getApplicationContext(DefaultTestContext.java:130)
	at org.springframework.test.context.support.DependencyInjectionTestExecutionListener.injectDependencies(DependencyInjectionTestExecutionListener.java:155)
	at org.springframework.test.context.support.DependencyInjectionTestExecutionListener.prepareTestInstance(DependencyInjectionTestExecutionListener.java:111)
	at org.springframework.test.context.TestContextManager.prepareTestInstance(TestContextManager.java:260)
	at org.springframework.test.context.junit.jupiter.SpringExtension.postProcessTestInstance(SpringExtension.java:159)
	at org.junit.jupiter.engine.descriptor.ClassBasedTestDescriptor.lambda$invokeTestInstancePostProcessors$10(ClassBasedTestDescriptor.java:383)
	at org.junit.jupiter.engine.descriptor.ClassBasedTestDescriptor.executeAndMaskThrowable(ClassBasedTestDescriptor.java:388)
	at org.junit.jupiter.engine.descriptor.ClassBasedTestDescriptor.lambda$invokeTestInstancePostProcessors$11(ClassBasedTestDescriptor.java:382)
	at java.base/java.util.stream.ForEachOps$ForEachOp$OfRef.accept(ForEachOps.java:184)
	at java.base/java.util.stream.ReferencePipeline$3$1.accept(ReferencePipeline.java:215)
	at java.base/java.util.stream.ReferencePipeline$2$1.accept(ReferencePipeline.java:197)
	at java.base/java.util.stream.ReferencePipeline$3$1.accept(ReferencePipeline.java:215)
	at java.base/java.util.ArrayList$ArrayListSpliterator.forEachRemaining(ArrayList.java:1709)
	at java.base/java.util.stream.AbstractPipeline.copyInto(AbstractPipeline.java:570)
	at java.base/java.util.stream.AbstractPipeline.wrapAndCopyInto(AbstractPipeline.java:560)
	at java.base/java.util.stream.ForEachOps$ForEachOp.evaluateSequential(ForEachOps.java:151)
	at java.base/java.util.stream.ForEachOps$ForEachOp$OfRef.evaluateSequential(ForEachOps.java:174)
	at java.base/java.util.stream.AbstractPipeline.evaluate(AbstractPipeline.java:265)
	at java.base/java.util.stream.ReferencePipeline.forEach(ReferencePipeline.java:636)
	at org.junit.jupiter.engine.descriptor.ClassBasedTestDescriptor.invokeTestInstancePostProcessors(ClassBasedTestDescriptor.java:382)
	at org.junit.jupiter.engine.descriptor.ClassBasedTestDescriptor.lambda$instantiateAndPostProcessTestInstance$6(ClassBasedTestDescriptor.java:293)
	at org.junit.platform.engine.support.hierarchical.ThrowableCollector.execute(ThrowableCollector.java:73)
	at org.junit.jupiter.engine.descriptor.ClassBasedTestDescriptor.instantiateAndPostProcessTestInstance(ClassBasedTestDescriptor.java:292)
	at org.junit.jupiter.engine.descriptor.ClassBasedTestDescriptor.lambda$testInstancesProvider$4(ClassBasedTestDescriptor.java:281)
	at java.base/java.util.Optional.orElseGet(Optional.java:364)
	at org.junit.jupiter.engine.descriptor.ClassBasedTestDescriptor.lambda$testInstancesProvider$5(ClassBasedTestDescriptor.java:280)
	at org.junit.jupiter.engine.execution.TestInstancesProvider.getTestInstances(TestInstancesProvider.java:27)
	at org.junit.jupiter.engine.descriptor.TestMethodTestDescriptor.lambda$prepare$0(TestMethodTestDescriptor.java:112)
	at org.junit.platform.engine.support.hierarchical.ThrowableCollector.execute(ThrowableCollector.java:73)
	at org.junit.jupiter.engine.descriptor.TestMethodTestDescriptor.prepare(TestMethodTestDescriptor.java:111)
	at org.junit.jupiter.engine.descriptor.TestMethodTestDescriptor.prepare(TestMethodTestDescriptor.java:69)
	at org.junit.platform.engine.support.hierarchical.NodeTestTask.lambda$prepare$2(NodeTestTask.java:128)
	at org.junit.platform.engine.support.hierarchical.ThrowableCollector.execute(ThrowableCollector.java:73)
	at org.junit.platform.engine.support.hierarchical.NodeTestTask.prepare(NodeTestTask.java:128)
	at org.junit.platform.engine.support.hierarchical.NodeTestTask.execute(NodeTestTask.java:95)
	at java.base/java.util.ArrayList.forEach(ArrayList.java:1597)
	at org.junit.platform.engine.support.hierarchical.SameThreadHierarchicalTestExecutorService.invokeAll(SameThreadHierarchicalTestExecutorService.java:41)
	at org.junit.platform.engine.support.hierarchical.NodeTestTask.lambda$executeRecursively$6(NodeTestTask.java:160)
	at org.junit.platform.engine.support.hierarchical.ThrowableCollector.execute(ThrowableCollector.java:73)
	at org.junit.platform.engine.support.hierarchical.NodeTestTask.lambda$executeRecursively$8(NodeTestTask.java:146)
	at org.junit.platform.engine.support.hierarchical.Node.around(Node.java:137)
	at org.junit.platform.engine.support.hierarchical.NodeTestTask.lambda$executeRecursively$9(NodeTestTask.java:144)
	at org.junit.platform.engine.support.hierarchical.ThrowableCollector.execute(ThrowableCollector.java:73)
	at org.junit.platform.engine.support.hierarchical.NodeTestTask.executeRecursively(NodeTestTask.java:143)
	at org.junit.platform.engine.support.hierarchical.NodeTestTask.execute(NodeTestTask.java:100)
	at java.base/java.util.ArrayList.forEach(ArrayList.java:1597)
	at org.junit.platform.engine.support.hierarchical.SameThreadHierarchicalTestExecutorService.invokeAll(SameThreadHierarchicalTestExecutorService.java:41)
	at org.junit.platform.engine.support.hierarchical.NodeTestTask.lambda$executeRecursively$6(NodeTestTask.java:160)
	at org.junit.platform.engine.support.hierarchical.ThrowableCollector.execute(ThrowableCollector.java:73)
	at org.junit.platform.engine.support.hierarchical.NodeTestTask.lambda$executeRecursively$8(NodeTestTask.java:146)
	at org.junit.platform.engine.support.hierarchical.Node.around(Node.java:137)
	at org.junit.platform.engine.support.hierarchical.NodeTestTask.lambda$executeRecursively$9(NodeTestTask.java:144)
	at org.junit.platform.engine.support.hierarchical.ThrowableCollector.execute(ThrowableCollector.java:73)
	at org.junit.platform.engine.support.hierarchical.NodeTestTask.executeRecursively(NodeTestTask.java:143)
	at org.junit.platform.engine.support.hierarchical.NodeTestTask.execute(NodeTestTask.java:100)
	at org.junit.platform.engine.support.hierarchical.SameThreadHierarchicalTestExecutorService.submit(SameThreadHierarchicalTestExecutorService.java:35)
	at org.junit.platform.engine.support.hierarchical.HierarchicalTestExecutor.execute(HierarchicalTestExecutor.java:57)
	at org.junit.platform.engine.support.hierarchical.HierarchicalTestEngine.execute(HierarchicalTestEngine.java:54)
	at org.junit.platform.launcher.core.EngineExecutionOrchestrator.execute(EngineExecutionOrchestrator.java:201)
	at org.junit.platform.launcher.core.EngineExecutionOrchestrator.execute(EngineExecutionOrchestrator.java:170)
	at org.junit.platform.launcher.core.EngineExecutionOrchestrator.execute(EngineExecutionOrchestrator.java:94)
	at org.junit.platform.launcher.core.EngineExecutionOrchestrator.lambda$execute$0(EngineExecutionOrchestrator.java:59)
	at org.junit.platform.launcher.core.EngineExecutionOrchestrator.withInterceptedStreams(EngineExecutionOrchestrator.java:142)
	at org.junit.platform.launcher.core.EngineExecutionOrchestrator.execute(EngineExecutionOrchestrator.java:58)
	at org.junit.platform.launcher.core.DefaultLauncher.execute(DefaultLauncher.java:103)
	at org.junit.platform.launcher.core.DefaultLauncher.execute(DefaultLauncher.java:85)
	at org.junit.platform.launcher.core.DelegatingLauncher.execute(DelegatingLauncher.java:47)
	at org.junit.platform.launcher.core.InterceptingLauncher.lambda$execute$1(InterceptingLauncher.java:39)
	at org.junit.platform.launcher.core.ClasspathAlignmentCheckingLauncherInterceptor.intercept(ClasspathAlignmentCheckingLauncherInterceptor.java:25)
	at org.junit.platform.launcher.core.InterceptingLauncher.execute(InterceptingLauncher.java:38)
	at org.junit.platform.launcher.core.DelegatingLauncher.execute(DelegatingLauncher.java:47)
	at org.junit.platform.launcher.core.SessionPerRequestLauncher.execute(SessionPerRequestLauncher.java:63)
	at com.intellij.junit5.JUnit5IdeaTestRunner.startRunnerWithArgs(JUnit5IdeaTestRunner.java:66)
	at com.intellij.rt.junit.IdeaTestRunner$Repeater$1.execute(IdeaTestRunner.java:38)
	at com.intellij.rt.execution.junit.TestsRepeater.repeat(TestsRepeater.java:11)
	at com.intellij.rt.junit.IdeaTestRunner$Repeater.startRunnerWithArgs(IdeaTestRunner.java:35)
	at com.intellij.rt.junit.JUnitStarter.prepareStreamsAndStart(JUnitStarter.java:237)
	at com.intellij.rt.junit.JUnitStarter.main(JUnitStarter.java:58)
2026-02-20 21:33:01 WARN  [main] o.s.test.context.TestContextManager - Caught exception while allowing TestExecutionListener [org.springframework.test.context.support.DependencyInjectionTestExecutionListener] to prepare test instance [com.MFP.OrderService.repository.OrderRepositoryTest@497b560e]
java.lang.IllegalStateException: ApplicationContext failure threshold (1) exceeded: skipping repeated attempt to load context for [MergedContextConfiguration@2fd64b11 testClass = com.MFP.OrderService.repository.OrderRepositoryTest, locations = [], classes = [com.MFP.OrderService.OrderServiceApplication], contextInitializerClasses = [], activeProfiles = ["test"], propertySourceDescriptors = [], propertySourceProperties = ["org.springframework.boot.test.autoconfigure.orm.jpa.DataJpaTestContextBootstrapper=true"], contextCustomizers = [[ImportsContextCustomizer@949c598 key = [org.springframework.boot.autoconfigure.transaction.TransactionAutoConfiguration, org.springframework.boot.autoconfigure.data.jpa.JpaRepositoriesAutoConfiguration, org.springframework.boot.test.autoconfigure.orm.jpa.TestEntityManagerAutoConfiguration, org.springframework.boot.autoconfigure.cache.CacheAutoConfiguration, org.springframework.boot.autoconfigure.orm.jpa.HibernateJpaAutoConfiguration, org.springframework.boot.autoconfigure.sql.init.SqlInitializationAutoConfiguration, org.springframework.boot.test.autoconfigure.jdbc.TestDatabaseAutoConfiguration, org.springframework.boot.autoconfigure.flyway.FlywayAutoConfiguration, org.springframework.boot.autoconfigure.jdbc.DataSourceTransactionManagerAutoConfiguration, org.springframework.boot.autoconfigure.liquibase.LiquibaseAutoConfiguration, org.springframework.boot.autoconfigure.jdbc.JdbcClientAutoConfiguration, org.springframework.boot.autoconfigure.jdbc.DataSourceAutoConfiguration, org.springframework.boot.autoconfigure.jdbc.JdbcTemplateAutoConfiguration]], org.springframework.boot.test.context.filter.ExcludeFilterContextCustomizer@61fe30, org.springframework.boot.test.json.DuplicateJsonObjectContextCustomizerFactory$DuplicateJsonObjectContextCustomizer@3adcc812, org.springframework.boot.test.mock.mockito.MockitoContextCustomizer@0, org.springframework.boot.test.web.reactor.netty.DisableReactorResourceFactoryGlobalResourcesContextCustomizerFactory$DisableReactorResourceFactoryGlobalResourcesContextCustomizerCustomizer@484094a5, org.springframework.boot.test.autoconfigure.OnFailureConditionReportContextCustomizerFactory$OnFailureConditionReportContextCustomizer@602e0143, org.springframework.boot.test.autoconfigure.OverrideAutoConfigurationContextCustomizerFactory$DisableAutoConfigurationContextCustomizer@34c01041, org.springframework.boot.test.autoconfigure.actuate.observability.ObservabilityContextCustomizerFactory$DisableObservabilityContextCustomizer@1f, org.springframework.boot.test.autoconfigure.filter.TypeExcludeFiltersContextCustomizer@34be3d80, org.springframework.boot.test.autoconfigure.properties.PropertyMappingContextCustomizer@2e46382d, org.springframework.boot.test.autoconfigure.web.servlet.WebDriverContextCustomizer@27d4a09, org.springframework.test.context.support.DynamicPropertiesContextCustomizer@0, org.springframework.boot.test.context.SpringBootTestAnnotation@ad3deebc], contextLoader = org.springframework.boot.test.context.SpringBootContextLoader, parent = null]
	at org.springframework.test.context.cache.DefaultCacheAwareContextLoaderDelegate.loadContext(DefaultCacheAwareContextLoaderDelegate.java:145)
	at org.springframework.test.context.support.DefaultTestContext.getApplicationContext(DefaultTestContext.java:130)
	at org.springframework.test.context.support.DependencyInjectionTestExecutionListener.injectDependencies(DependencyInjectionTestExecutionListener.java:155)
	at org.springframework.test.context.support.DependencyInjectionTestExecutionListener.prepareTestInstance(DependencyInjectionTestExecutionListener.java:111)
	at org.springframework.test.context.TestContextManager.prepareTestInstance(TestContextManager.java:260)
	at org.springframework.test.context.junit.jupiter.SpringExtension.postProcessTestInstance(SpringExtension.java:159)
	at org.junit.jupiter.engine.descriptor.ClassBasedTestDescriptor.lambda$invokeTestInstancePostProcessors$10(ClassBasedTestDescriptor.java:383)
	at org.junit.jupiter.engine.descriptor.ClassBasedTestDescriptor.executeAndMaskThrowable(ClassBasedTestDescriptor.java:388)
	at org.junit.jupiter.engine.descriptor.ClassBasedTestDescriptor.lambda$invokeTestInstancePostProcessors$11(ClassBasedTestDescriptor.java:382)
	at java.base/java.util.stream.ForEachOps$ForEachOp$OfRef.accept(ForEachOps.java:184)
	at java.base/java.util.stream.ReferencePipeline$3$1.accept(ReferencePipeline.java:215)
	at java.base/java.util.stream.ReferencePipeline$2$1.accept(ReferencePipeline.java:197)
	at java.base/java.util.stream.ReferencePipeline$3$1.accept(ReferencePipeline.java:215)
	at java.base/java.util.ArrayList$ArrayListSpliterator.forEachRemaining(ArrayList.java:1709)
	at java.base/java.util.stream.AbstractPipeline.copyInto(AbstractPipeline.java:570)
	at java.base/java.util.stream.AbstractPipeline.wrapAndCopyInto(AbstractPipeline.java:560)
	at java.base/java.util.stream.ForEachOps$ForEachOp.evaluateSequential(ForEachOps.java:151)
	at java.base/java.util.stream.ForEachOps$ForEachOp$OfRef.evaluateSequential(ForEachOps.java:174)
	at java.base/java.util.stream.AbstractPipeline.evaluate(AbstractPipeline.java:265)
	at java.base/java.util.stream.ReferencePipeline.forEach(ReferencePipeline.java:636)
	at org.junit.jupiter.engine.descriptor.ClassBasedTestDescriptor.invokeTestInstancePostProcessors(ClassBasedTestDescriptor.java:382)
	at org.junit.jupiter.engine.descriptor.ClassBasedTestDescriptor.lambda$instantiateAndPostProcessTestInstance$6(ClassBasedTestDescriptor.java:293)
	at org.junit.platform.engine.support.hierarchical.ThrowableCollector.execute(ThrowableCollector.java:73)
	at org.junit.jupiter.engine.descriptor.ClassBasedTestDescriptor.instantiateAndPostProcessTestInstance(ClassBasedTestDescriptor.java:292)
	at org.junit.jupiter.engine.descriptor.ClassBasedTestDescriptor.lambda$testInstancesProvider$4(ClassBasedTestDescriptor.java:281)
	at java.base/java.util.Optional.orElseGet(Optional.java:364)
	at org.junit.jupiter.engine.descriptor.ClassBasedTestDescriptor.lambda$testInstancesProvider$5(ClassBasedTestDescriptor.java:280)
	at org.junit.jupiter.engine.execution.TestInstancesProvider.getTestInstances(TestInstancesProvider.java:27)
	at org.junit.jupiter.engine.descriptor.TestMethodTestDescriptor.lambda$prepare$0(TestMethodTestDescriptor.java:112)
	at org.junit.platform.engine.support.hierarchical.ThrowableCollector.execute(ThrowableCollector.java:73)
	at org.junit.jupiter.engine.descriptor.TestMethodTestDescriptor.prepare(TestMethodTestDescriptor.java:111)
	at org.junit.jupiter.engine.descriptor.TestMethodTestDescriptor.prepare(TestMethodTestDescriptor.java:69)
	at org.junit.platform.engine.support.hierarchical.NodeTestTask.lambda$prepare$2(NodeTestTask.java:128)
	at org.junit.platform.engine.support.hierarchical.ThrowableCollector.execute(ThrowableCollector.java:73)
	at org.junit.platform.engine.support.hierarchical.NodeTestTask.prepare(NodeTestTask.java:128)
	at org.junit.platform.engine.support.hierarchical.NodeTestTask.execute(NodeTestTask.java:95)
	at java.base/java.util.ArrayList.forEach(ArrayList.java:1597)
	at org.junit.platform.engine.support.hierarchical.SameThreadHierarchicalTestExecutorService.invokeAll(SameThreadHierarchicalTestExecutorService.java:41)
	at org.junit.platform.engine.support.hierarchical.NodeTestTask.lambda$executeRecursively$6(NodeTestTask.java:160)
	at org.junit.platform.engine.support.hierarchical.ThrowableCollector.execute(ThrowableCollector.java:73)
	at org.junit.platform.engine.support.hierarchical.NodeTestTask.lambda$executeRecursively$8(NodeTestTask.java:146)
	at org.junit.platform.engine.support.hierarchical.Node.around(Node.java:137)
	at org.junit.platform.engine.support.hierarchical.NodeTestTask.lambda$executeRecursively$9(NodeTestTask.java:144)
	at org.junit.platform.engine.support.hierarchical.ThrowableCollector.execute(ThrowableCollector.java:73)
	at org.junit.platform.engine.support.hierarchical.NodeTestTask.executeRecursively(NodeTestTask.java:143)
	at org.junit.platform.engine.support.hierarchical.NodeTestTask.execute(NodeTestTask.java:100)
	at java.base/java.util.ArrayList.forEach(ArrayList.java:1597)
	at org.junit.platform.engine.support.hierarchical.SameThreadHierarchicalTestExecutorService.invokeAll(SameThreadHierarchicalTestExecutorService.java:41)
	at org.junit.platform.engine.support.hierarchical.NodeTestTask.lambda$executeRecursively$6(NodeTestTask.java:160)
	at org.junit.platform.engine.support.hierarchical.ThrowableCollector.execute(ThrowableCollector.java:73)
	at org.junit.platform.engine.support.hierarchical.NodeTestTask.lambda$executeRecursively$8(NodeTestTask.java:146)
	at org.junit.platform.engine.support.hierarchical.Node.around(Node.java:137)
	at org.junit.platform.engine.support.hierarchical.NodeTestTask.lambda$executeRecursively$9(NodeTestTask.java:144)
	at org.junit.platform.engine.support.hierarchical.ThrowableCollector.execute(ThrowableCollector.java:73)
	at org.junit.platform.engine.support.hierarchical.NodeTestTask.executeRecursively(NodeTestTask.java:143)
	at org.junit.platform.engine.support.hierarchical.NodeTestTask.execute(NodeTestTask.java:100)
	at org.junit.platform.engine.support.hierarchical.SameThreadHierarchicalTestExecutorService.submit(SameThreadHierarchicalTestExecutorService.java:35)
	at org.junit.platform.engine.support.hierarchical.HierarchicalTestExecutor.execute(HierarchicalTestExecutor.java:57)
	at org.junit.platform.engine.support.hierarchical.HierarchicalTestEngine.execute(HierarchicalTestEngine.java:54)
	at org.junit.platform.launcher.core.EngineExecutionOrchestrator.execute(EngineExecutionOrchestrator.java:201)
	at org.junit.platform.launcher.core.EngineExecutionOrchestrator.execute(EngineExecutionOrchestrator.java:170)
	at org.junit.platform.launcher.core.EngineExecutionOrchestrator.execute(EngineExecutionOrchestrator.java:94)
	at org.junit.platform.launcher.core.EngineExecutionOrchestrator.lambda$execute$0(EngineExecutionOrchestrator.java:59)
	at org.junit.platform.launcher.core.EngineExecutionOrchestrator.withInterceptedStreams(EngineExecutionOrchestrator.java:142)
	at org.junit.platform.launcher.core.EngineExecutionOrchestrator.execute(EngineExecutionOrchestrator.java:58)
	at org.junit.platform.launcher.core.DefaultLauncher.execute(DefaultLauncher.java:103)
	at org.junit.platform.launcher.core.DefaultLauncher.execute(DefaultLauncher.java:85)
	at org.junit.platform.launcher.core.DelegatingLauncher.execute(DelegatingLauncher.java:47)
	at org.junit.platform.launcher.core.InterceptingLauncher.lambda$execute$1(InterceptingLauncher.java:39)
	at org.junit.platform.launcher.core.ClasspathAlignmentCheckingLauncherInterceptor.intercept(ClasspathAlignmentCheckingLauncherInterceptor.java:25)
	at org.junit.platform.launcher.core.InterceptingLauncher.execute(InterceptingLauncher.java:38)
	at org.junit.platform.launcher.core.DelegatingLauncher.execute(DelegatingLauncher.java:47)
	at org.junit.platform.launcher.core.SessionPerRequestLauncher.execute(SessionPerRequestLauncher.java:63)
	at com.intellij.junit5.JUnit5IdeaTestRunner.startRunnerWithArgs(JUnit5IdeaTestRunner.java:66)
	at com.intellij.rt.junit.IdeaTestRunner$Repeater$1.execute(IdeaTestRunner.java:38)
	at com.intellij.rt.execution.junit.TestsRepeater.repeat(TestsRepeater.java:11)
	at com.intellij.rt.junit.IdeaTestRunner$Repeater.startRunnerWithArgs(IdeaTestRunner.java:35)
	at com.intellij.rt.junit.JUnitStarter.prepareStreamsAndStart(JUnitStarter.java:237)
	at com.intellij.rt.junit.JUnitStarter.main(JUnitStarter.java:58)
2026-02-20 21:33:01 WARN  [main] o.s.test.context.TestContextManager - Caught exception while allowing TestExecutionListener [org.springframework.test.context.support.DependencyInjectionTestExecutionListener] to prepare test instance [com.MFP.OrderService.repository.OrderRepositoryTest@3ba348ca]
java.lang.IllegalStateException: ApplicationContext failure threshold (1) exceeded: skipping repeated attempt to load context for [MergedContextConfiguration@2fd64b11 testClass = com.MFP.OrderService.repository.OrderRepositoryTest, locations = [], classes = [com.MFP.OrderService.OrderServiceApplication], contextInitializerClasses = [], activeProfiles = ["test"], propertySourceDescriptors = [], propertySourceProperties = ["org.springframework.boot.test.autoconfigure.orm.jpa.DataJpaTestContextBootstrapper=true"], contextCustomizers = [[ImportsContextCustomizer@949c598 key = [org.springframework.boot.autoconfigure.transaction.TransactionAutoConfiguration, org.springframework.boot.autoconfigure.data.jpa.JpaRepositoriesAutoConfiguration, org.springframework.boot.test.autoconfigure.orm.jpa.TestEntityManagerAutoConfiguration, org.springframework.boot.autoconfigure.cache.CacheAutoConfiguration, org.springframework.boot.autoconfigure.orm.jpa.HibernateJpaAutoConfiguration, org.springframework.boot.autoconfigure.sql.init.SqlInitializationAutoConfiguration, org.springframework.boot.test.autoconfigure.jdbc.TestDatabaseAutoConfiguration, org.springframework.boot.autoconfigure.flyway.FlywayAutoConfiguration, org.springframework.boot.autoconfigure.jdbc.DataSourceTransactionManagerAutoConfiguration, org.springframework.boot.autoconfigure.liquibase.LiquibaseAutoConfiguration, org.springframework.boot.autoconfigure.jdbc.JdbcClientAutoConfiguration, org.springframework.boot.autoconfigure.jdbc.DataSourceAutoConfiguration, org.springframework.boot.autoconfigure.jdbc.JdbcTemplateAutoConfiguration]], org.springframework.boot.test.context.filter.ExcludeFilterContextCustomizer@61fe30, org.springframework.boot.test.json.DuplicateJsonObjectContextCustomizerFactory$DuplicateJsonObjectContextCustomizer@3adcc812, org.springframework.boot.test.mock.mockito.MockitoContextCustomizer@0, org.springframework.boot.test.web.reactor.netty.DisableReactorResourceFactoryGlobalResourcesContextCustomizerFactory$DisableReactorResourceFactoryGlobalResourcesContextCustomizerCustomizer@484094a5, org.springframework.boot.test.autoconfigure.OnFailureConditionReportContextCustomizerFactory$OnFailureConditionReportContextCustomizer@602e0143, org.springframework.boot.test.autoconfigure.OverrideAutoConfigurationContextCustomizerFactory$DisableAutoConfigurationContextCustomizer@34c01041, org.springframework.boot.test.autoconfigure.actuate.observability.ObservabilityContextCustomizerFactory$DisableObservabilityContextCustomizer@1f, org.springframework.boot.test.autoconfigure.filter.TypeExcludeFiltersContextCustomizer@34be3d80, org.springframework.boot.test.autoconfigure.properties.PropertyMappingContextCustomizer@2e46382d, org.springframework.boot.test.autoconfigure.web.servlet.WebDriverContextCustomizer@27d4a09, org.springframework.test.context.support.DynamicPropertiesContextCustomizer@0, org.springframework.boot.test.context.SpringBootTestAnnotation@ad3deebc], contextLoader = org.springframework.boot.test.context.SpringBootContextLoader, parent = null]
	at org.springframework.test.context.cache.DefaultCacheAwareContextLoaderDelegate.loadContext(DefaultCacheAwareContextLoaderDelegate.java:145)
	at org.springframework.test.context.support.DefaultTestContext.getApplicationContext(DefaultTestContext.java:130)
	at org.springframework.test.context.support.DependencyInjectionTestExecutionListener.injectDependencies(DependencyInjectionTestExecutionListener.java:155)
	at org.springframework.test.context.support.DependencyInjectionTestExecutionListener.prepareTestInstance(DependencyInjectionTestExecutionListener.java:111)
	at org.springframework.test.context.TestContextManager.prepareTestInstance(TestContextManager.java:260)
	at org.springframework.test.context.junit.jupiter.SpringExtension.postProcessTestInstance(SpringExtension.java:159)
	at org.junit.jupiter.engine.descriptor.ClassBasedTestDescriptor.lambda$invokeTestInstancePostProcessors$10(ClassBasedTestDescriptor.java:383)
	at org.junit.jupiter.engine.descriptor.ClassBasedTestDescriptor.executeAndMaskThrowable(ClassBasedTestDescriptor.java:388)
	at org.junit.jupiter.engine.descriptor.ClassBasedTestDescriptor.lambda$invokeTestInstancePostProcessors$11(ClassBasedTestDescriptor.java:382)
	at java.base/java.util.stream.ForEachOps$ForEachOp$OfRef.accept(ForEachOps.java:184)
	at java.base/java.util.stream.ReferencePipeline$3$1.accept(ReferencePipeline.java:215)
	at java.base/java.util.stream.ReferencePipeline$2$1.accept(ReferencePipeline.java:197)
	at java.base/java.util.stream.ReferencePipeline$3$1.accept(ReferencePipeline.java:215)
	at java.base/java.util.ArrayList$ArrayListSpliterator.forEachRemaining(ArrayList.java:1709)
	at java.base/java.util.stream.AbstractPipeline.copyInto(AbstractPipeline.java:570)
	at java.base/java.util.stream.AbstractPipeline.wrapAndCopyInto(AbstractPipeline.java:560)
	at java.base/java.util.stream.ForEachOps$ForEachOp.evaluateSequential(ForEachOps.java:151)
	at java.base/java.util.stream.ForEachOps$ForEachOp$OfRef.evaluateSequential(ForEachOps.java:174)
	at java.base/java.util.stream.AbstractPipeline.evaluate(AbstractPipeline.java:265)
	at java.base/java.util.stream.ReferencePipeline.forEach(ReferencePipeline.java:636)
	at org.junit.jupiter.engine.descriptor.ClassBasedTestDescriptor.invokeTestInstancePostProcessors(ClassBasedTestDescriptor.java:382)
	at org.junit.jupiter.engine.descriptor.ClassBasedTestDescriptor.lambda$instantiateAndPostProcessTestInstance$6(ClassBasedTestDescriptor.java:293)
	at org.junit.platform.engine.support.hierarchical.ThrowableCollector.execute(ThrowableCollector.java:73)
	at org.junit.jupiter.engine.descriptor.ClassBasedTestDescriptor.instantiateAndPostProcessTestInstance(ClassBasedTestDescriptor.java:292)
	at org.junit.jupiter.engine.descriptor.ClassBasedTestDescriptor.lambda$testInstancesProvider$4(ClassBasedTestDescriptor.java:281)
	at java.base/java.util.Optional.orElseGet(Optional.java:364)
	at org.junit.jupiter.engine.descriptor.ClassBasedTestDescriptor.lambda$testInstancesProvider$5(ClassBasedTestDescriptor.java:280)
	at org.junit.jupiter.engine.execution.TestInstancesProvider.getTestInstances(TestInstancesProvider.java:27)
	at org.junit.jupiter.engine.descriptor.TestMethodTestDescriptor.lambda$prepare$0(TestMethodTestDescriptor.java:112)
	at org.junit.platform.engine.support.hierarchical.ThrowableCollector.execute(ThrowableCollector.java:73)
	at org.junit.jupiter.engine.descriptor.TestMethodTestDescriptor.prepare(TestMethodTestDescriptor.java:111)
	at org.junit.jupiter.engine.descriptor.TestMethodTestDescriptor.prepare(TestMethodTestDescriptor.java:69)
	at org.junit.platform.engine.support.hierarchical.NodeTestTask.lambda$prepare$2(NodeTestTask.java:128)
	at org.junit.platform.engine.support.hierarchical.ThrowableCollector.execute(ThrowableCollector.java:73)
	at org.junit.platform.engine.support.hierarchical.NodeTestTask.prepare(NodeTestTask.java:128)
	at org.junit.platform.engine.support.hierarchical.NodeTestTask.execute(NodeTestTask.java:95)
	at java.base/java.util.ArrayList.forEach(ArrayList.java:1597)
	at org.junit.platform.engine.support.hierarchical.SameThreadHierarchicalTestExecutorService.invokeAll(SameThreadHierarchicalTestExecutorService.java:41)
	at org.junit.platform.engine.support.hierarchical.NodeTestTask.lambda$executeRecursively$6(NodeTestTask.java:160)
	at org.junit.platform.engine.support.hierarchical.ThrowableCollector.execute(ThrowableCollector.java:73)
	at org.junit.platform.engine.support.hierarchical.NodeTestTask.lambda$executeRecursively$8(NodeTestTask.java:146)
	at org.junit.platform.engine.support.hierarchical.Node.around(Node.java:137)
	at org.junit.platform.engine.support.hierarchical.NodeTestTask.lambda$executeRecursively$9(NodeTestTask.java:144)
	at org.junit.platform.engine.support.hierarchical.ThrowableCollector.execute(ThrowableCollector.java:73)
	at org.junit.platform.engine.support.hierarchical.NodeTestTask.executeRecursively(NodeTestTask.java:143)
	at org.junit.platform.engine.support.hierarchical.NodeTestTask.execute(NodeTestTask.java:100)
	at java.base/java.util.ArrayList.forEach(ArrayList.java:1597)
	at org.junit.platform.engine.support.hierarchical.SameThreadHierarchicalTestExecutorService.invokeAll(SameThreadHierarchicalTestExecutorService.java:41)
	at org.junit.platform.engine.support.hierarchical.NodeTestTask.lambda$executeRecursively$6(NodeTestTask.java:160)
	at org.junit.platform.engine.support.hierarchical.ThrowableCollector.execute(ThrowableCollector.java:73)
	at org.junit.platform.engine.support.hierarchical.NodeTestTask.lambda$executeRecursively$8(NodeTestTask.java:146)
	at org.junit.platform.engine.support.hierarchical.Node.around(Node.java:137)
	at org.junit.platform.engine.support.hierarchical.NodeTestTask.lambda$executeRecursively$9(NodeTestTask.java:144)
	at org.junit.platform.engine.support.hierarchical.ThrowableCollector.execute(ThrowableCollector.java:73)
	at org.junit.platform.engine.support.hierarchical.NodeTestTask.executeRecursively(NodeTestTask.java:143)
	at org.junit.platform.engine.support.hierarchical.NodeTestTask.execute(NodeTestTask.java:100)
	at org.junit.platform.engine.support.hierarchical.SameThreadHierarchicalTestExecutorService.submit(SameThreadHierarchicalTestExecutorService.java:35)
	at org.junit.platform.engine.support.hierarchical.HierarchicalTestExecutor.execute(HierarchicalTestExecutor.java:57)
	at org.junit.platform.engine.support.hierarchical.HierarchicalTestEngine.execute(HierarchicalTestEngine.java:54)
	at org.junit.platform.launcher.core.EngineExecutionOrchestrator.execute(EngineExecutionOrchestrator.java:201)
	at org.junit.platform.launcher.core.EngineExecutionOrchestrator.execute(EngineExecutionOrchestrator.java:170)
	at org.junit.platform.launcher.core.EngineExecutionOrchestrator.execute(EngineExecutionOrchestrator.java:94)
	at org.junit.platform.launcher.core.EngineExecutionOrchestrator.lambda$execute$0(EngineExecutionOrchestrator.java:59)
	at org.junit.platform.launcher.core.EngineExecutionOrchestrator.withInterceptedStreams(EngineExecutionOrchestrator.java:142)
	at org.junit.platform.launcher.core.EngineExecutionOrchestrator.execute(EngineExecutionOrchestrator.java:58)
	at org.junit.platform.launcher.core.DefaultLauncher.execute(DefaultLauncher.java:103)
	at org.junit.platform.launcher.core.DefaultLauncher.execute(DefaultLauncher.java:85)
	at org.junit.platform.launcher.core.DelegatingLauncher.execute(DelegatingLauncher.java:47)
	at org.junit.platform.launcher.core.InterceptingLauncher.lambda$execute$1(InterceptingLauncher.java:39)
	at org.junit.platform.launcher.core.ClasspathAlignmentCheckingLauncherInterceptor.intercept(ClasspathAlignmentCheckingLauncherInterceptor.java:25)
	at org.junit.platform.launcher.core.InterceptingLauncher.execute(InterceptingLauncher.java:38)
	at org.junit.platform.launcher.core.DelegatingLauncher.execute(DelegatingLauncher.java:47)
	at org.junit.platform.launcher.core.SessionPerRequestLauncher.execute(SessionPerRequestLauncher.java:63)
	at com.intellij.junit5.JUnit5IdeaTestRunner.startRunnerWithArgs(JUnit5IdeaTestRunner.java:66)
	at com.intellij.rt.junit.IdeaTestRunner$Repeater$1.execute(IdeaTestRunner.java:38)
	at com.intellij.rt.execution.junit.TestsRepeater.repeat(TestsRepeater.java:11)
	at com.intellij.rt.junit.IdeaTestRunner$Repeater.startRunnerWithArgs(IdeaTestRunner.java:35)
	at com.intellij.rt.junit.JUnitStarter.prepareStreamsAndStart(JUnitStarter.java:237)
	at com.intellij.rt.junit.JUnitStarter.main(JUnitStarter.java:58)
2026-02-20 21:56:19 INFO  [main] c.M.O.repository.OrderRepositoryTest - Starting OrderRepositoryTest using Java 23.0.2 with PID 16952 (started by firoz in D:\Microservice projects\Microservices-First-Project\order-service)
2026-02-20 21:56:19 INFO  [main] c.M.O.repository.OrderRepositoryTest - No active profile set, falling back to 1 default profile: "default"
2026-02-20 21:56:22 INFO  [main] o.s.d.r.c.RepositoryConfigurationDelegate - Bootstrapping Spring Data JPA repositories in DEFAULT mode.
2026-02-20 21:56:22 INFO  [main] o.s.d.r.c.RepositoryConfigurationDelegate - Finished Spring Data repository scanning in 296 ms. Found 1 JPA repository interface.
2026-02-20 21:56:23 INFO  [main] o.s.b.t.a.j.TestDatabaseAutoConfiguration$EmbeddedDataSourceBeanFactoryPostProcessor - Replacing 'dataSource' DataSource bean with embedded version
2026-02-20 21:56:23 WARN  [main] o.s.c.a.AnnotationConfigApplicationContext - Exception encountered during context initialization - cancelling refresh attempt: org.springframework.beans.factory.BeanCreationException: Error creating bean with name 'entityManagerFactory' defined in class path resource [org/springframework/boot/autoconfigure/orm/jpa/HibernateJpaConfiguration.class]: Failed to initialize dependency 'dataSourceScriptDatabaseInitializer' of LoadTimeWeaverAware bean 'entityManagerFactory': Error creating bean with name 'dataSourceScriptDatabaseInitializer' defined in class path resource [org/springframework/boot/autoconfigure/sql/init/DataSourceInitializationConfiguration.class]: Unsatisfied dependency expressed through method 'dataSourceScriptDatabaseInitializer' parameter 0: Error creating bean with name 'dataSource': Failed to replace DataSource with an embedded database for tests. If you want an embedded database please put a supported one on the classpath or tune the replace attribute of @AutoConfigureTestDatabase.
2026-02-20 21:56:23 INFO  [main] o.s.b.a.l.ConditionEvaluationReportLogger - 

Error starting ApplicationContext. To display the condition evaluation report re-run your application with 'debug' enabled.
2026-02-20 21:56:23 ERROR [main] o.s.boot.SpringApplication - Application run failed
org.springframework.beans.factory.BeanCreationException: Error creating bean with name 'entityManagerFactory' defined in class path resource [org/springframework/boot/autoconfigure/orm/jpa/HibernateJpaConfiguration.class]: Failed to initialize dependency 'dataSourceScriptDatabaseInitializer' of LoadTimeWeaverAware bean 'entityManagerFactory': Error creating bean with name 'dataSourceScriptDatabaseInitializer' defined in class path resource [org/springframework/boot/autoconfigure/sql/init/DataSourceInitializationConfiguration.class]: Unsatisfied dependency expressed through method 'dataSourceScriptDatabaseInitializer' parameter 0: Error creating bean with name 'dataSource': Failed to replace DataSource with an embedded database for tests. If you want an embedded database please put a supported one on the classpath or tune the replace attribute of @AutoConfigureTestDatabase.
	at org.springframework.beans.factory.support.AbstractBeanFactory.doGetBean(AbstractBeanFactory.java:328)
	at org.springframework.beans.factory.support.AbstractBeanFactory.getBean(AbstractBeanFactory.java:207)
	at org.springframework.context.support.AbstractApplicationContext.finishBeanFactoryInitialization(AbstractApplicationContext.java:973)
	at org.springframework.context.support.AbstractApplicationContext.refresh(AbstractApplicationContext.java:627)
	at org.springframework.boot.SpringApplication.refresh(SpringApplication.java:752)
	at org.springframework.boot.SpringApplication.refreshContext(SpringApplication.java:439)
	at org.springframework.boot.SpringApplication.run(SpringApplication.java:318)
	at org.springframework.boot.test.context.SpringBootContextLoader.lambda$loadContext$3(SpringBootContextLoader.java:152)
	at org.springframework.util.function.ThrowingSupplier.get(ThrowingSupplier.java:58)
	at org.springframework.util.function.ThrowingSupplier.get(ThrowingSupplier.java:46)
	at org.springframework.boot.SpringApplication.withHook(SpringApplication.java:1461)
	at org.springframework.boot.test.context.SpringBootContextLoader$ContextLoaderHook.run(SpringBootContextLoader.java:595)
	at org.springframework.boot.test.context.SpringBootContextLoader.loadContext(SpringBootContextLoader.java:152)
	at org.springframework.boot.test.context.SpringBootContextLoader.loadContext(SpringBootContextLoader.java:111)
	at org.springframework.test.context.cache.DefaultCacheAwareContextLoaderDelegate.loadContextInternal(DefaultCacheAwareContextLoaderDelegate.java:225)
	at org.springframework.test.context.cache.DefaultCacheAwareContextLoaderDelegate.loadContext(DefaultCacheAwareContextLoaderDelegate.java:152)
	at org.springframework.test.context.support.DefaultTestContext.getApplicationContext(DefaultTestContext.java:130)
	at org.springframework.test.context.support.DependencyInjectionTestExecutionListener.injectDependencies(DependencyInjectionTestExecutionListener.java:155)
	at org.springframework.test.context.support.DependencyInjectionTestExecutionListener.prepareTestInstance(DependencyInjectionTestExecutionListener.java:111)
	at org.springframework.test.context.TestContextManager.prepareTestInstance(TestContextManager.java:260)
	at org.springframework.test.context.junit.jupiter.SpringExtension.postProcessTestInstance(SpringExtension.java:159)
	at org.junit.jupiter.engine.descriptor.ClassBasedTestDescriptor.lambda$invokeTestInstancePostProcessors$10(ClassBasedTestDescriptor.java:383)
	at org.junit.jupiter.engine.descriptor.ClassBasedTestDescriptor.executeAndMaskThrowable(ClassBasedTestDescriptor.java:388)
	at org.junit.jupiter.engine.descriptor.ClassBasedTestDescriptor.lambda$invokeTestInstancePostProcessors$11(ClassBasedTestDescriptor.java:382)
	at java.base/java.util.stream.ForEachOps$ForEachOp$OfRef.accept(ForEachOps.java:184)
	at java.base/java.util.stream.ReferencePipeline$3$1.accept(ReferencePipeline.java:215)
	at java.base/java.util.stream.ReferencePipeline$2$1.accept(ReferencePipeline.java:197)
	at java.base/java.util.stream.ReferencePipeline$3$1.accept(ReferencePipeline.java:215)
	at java.base/java.util.ArrayList$ArrayListSpliterator.forEachRemaining(ArrayList.java:1709)
	at java.base/java.util.stream.AbstractPipeline.copyInto(AbstractPipeline.java:570)
	at java.base/java.util.stream.AbstractPipeline.wrapAndCopyInto(AbstractPipeline.java:560)
	at java.base/java.util.stream.ForEachOps$ForEachOp.evaluateSequential(ForEachOps.java:151)
	at java.base/java.util.stream.ForEachOps$ForEachOp$OfRef.evaluateSequential(ForEachOps.java:174)
	at java.base/java.util.stream.AbstractPipeline.evaluate(AbstractPipeline.java:265)
	at java.base/java.util.stream.ReferencePipeline.forEach(ReferencePipeline.java:636)
	at org.junit.jupiter.engine.descriptor.ClassBasedTestDescriptor.invokeTestInstancePostProcessors(ClassBasedTestDescriptor.java:382)
	at org.junit.jupiter.engine.descriptor.ClassBasedTestDescriptor.lambda$instantiateAndPostProcessTestInstance$6(ClassBasedTestDescriptor.java:293)
	at org.junit.platform.engine.support.hierarchical.ThrowableCollector.execute(ThrowableCollector.java:73)
	at org.junit.jupiter.engine.descriptor.ClassBasedTestDescriptor.instantiateAndPostProcessTestInstance(ClassBasedTestDescriptor.java:292)
	at org.junit.jupiter.engine.descriptor.ClassBasedTestDescriptor.lambda$testInstancesProvider$4(ClassBasedTestDescriptor.java:281)
	at java.base/java.util.Optional.orElseGet(Optional.java:364)
	at org.junit.jupiter.engine.descriptor.ClassBasedTestDescriptor.lambda$testInstancesProvider$5(ClassBasedTestDescriptor.java:280)
	at org.junit.jupiter.engine.execution.TestInstancesProvider.getTestInstances(TestInstancesProvider.java:27)
	at org.junit.jupiter.engine.descriptor.TestMethodTestDescriptor.lambda$prepare$0(TestMethodTestDescriptor.java:112)
	at org.junit.platform.engine.support.hierarchical.ThrowableCollector.execute(ThrowableCollector.java:73)
	at org.junit.jupiter.engine.descriptor.TestMethodTestDescriptor.prepare(TestMethodTestDescriptor.java:111)
	at org.junit.jupiter.engine.descriptor.TestMethodTestDescriptor.prepare(TestMethodTestDescriptor.java:69)
	at org.junit.platform.engine.support.hierarchical.NodeTestTask.lambda$prepare$2(NodeTestTask.java:128)
	at org.junit.platform.engine.support.hierarchical.ThrowableCollector.execute(ThrowableCollector.java:73)
	at org.junit.platform.engine.support.hierarchical.NodeTestTask.prepare(NodeTestTask.java:128)
	at org.junit.platform.engine.support.hierarchical.NodeTestTask.execute(NodeTestTask.java:95)
	at java.base/java.util.ArrayList.forEach(ArrayList.java:1597)
	at org.junit.platform.engine.support.hierarchical.SameThreadHierarchicalTestExecutorService.invokeAll(SameThreadHierarchicalTestExecutorService.java:41)
	at org.junit.platform.engine.support.hierarchical.NodeTestTask.lambda$executeRecursively$6(NodeTestTask.java:160)
	at org.junit.platform.engine.support.hierarchical.ThrowableCollector.execute(ThrowableCollector.java:73)
	at org.junit.platform.engine.support.hierarchical.NodeTestTask.lambda$executeRecursively$8(NodeTestTask.java:146)
	at org.junit.platform.engine.support.hierarchical.Node.around(Node.java:137)
	at org.junit.platform.engine.support.hierarchical.NodeTestTask.lambda$executeRecursively$9(NodeTestTask.java:144)
	at org.junit.platform.engine.support.hierarchical.ThrowableCollector.execute(ThrowableCollector.java:73)
	at org.junit.platform.engine.support.hierarchical.NodeTestTask.executeRecursively(NodeTestTask.java:143)
	at org.junit.platform.engine.support.hierarchical.NodeTestTask.execute(NodeTestTask.java:100)
	at java.base/java.util.ArrayList.forEach(ArrayList.java:1597)
	at org.junit.platform.engine.support.hierarchical.SameThreadHierarchicalTestExecutorService.invokeAll(SameThreadHierarchicalTestExecutorService.java:41)
	at org.junit.platform.engine.support.hierarchical.NodeTestTask.lambda$executeRecursively$6(NodeTestTask.java:160)
	at org.junit.platform.engine.support.hierarchical.ThrowableCollector.execute(ThrowableCollector.java:73)
	at org.junit.platform.engine.support.hierarchical.NodeTestTask.lambda$executeRecursively$8(NodeTestTask.java:146)
	at org.junit.platform.engine.support.hierarchical.Node.around(Node.java:137)
	at org.junit.platform.engine.support.hierarchical.NodeTestTask.lambda$executeRecursively$9(NodeTestTask.java:144)
	at org.junit.platform.engine.support.hierarchical.ThrowableCollector.execute(ThrowableCollector.java:73)
	at org.junit.platform.engine.support.hierarchical.NodeTestTask.executeRecursively(NodeTestTask.java:143)
	at org.junit.platform.engine.support.hierarchical.NodeTestTask.execute(NodeTestTask.java:100)
	at org.junit.platform.engine.support.hierarchical.SameThreadHierarchicalTestExecutorService.submit(SameThreadHierarchicalTestExecutorService.java:35)
	at org.junit.platform.engine.support.hierarchical.HierarchicalTestExecutor.execute(HierarchicalTestExecutor.java:57)
	at org.junit.platform.engine.support.hierarchical.HierarchicalTestEngine.execute(HierarchicalTestEngine.java:54)
	at org.junit.platform.launcher.core.EngineExecutionOrchestrator.execute(EngineExecutionOrchestrator.java:201)
	at org.junit.platform.launcher.core.EngineExecutionOrchestrator.execute(EngineExecutionOrchestrator.java:170)
	at org.junit.platform.launcher.core.EngineExecutionOrchestrator.execute(EngineExecutionOrchestrator.java:94)
	at org.junit.platform.launcher.core.EngineExecutionOrchestrator.lambda$execute$0(EngineExecutionOrchestrator.java:59)
	at org.junit.platform.launcher.core.EngineExecutionOrchestrator.withInterceptedStreams(EngineExecutionOrchestrator.java:142)
	at org.junit.platform.launcher.core.EngineExecutionOrchestrator.execute(EngineExecutionOrchestrator.java:58)
	at org.junit.platform.launcher.core.DefaultLauncher.execute(DefaultLauncher.java:103)
	at org.junit.platform.launcher.core.DefaultLauncher.execute(DefaultLauncher.java:85)
	at org.junit.platform.launcher.core.DelegatingLauncher.execute(DelegatingLauncher.java:47)
	at org.junit.platform.launcher.core.InterceptingLauncher.lambda$execute$1(InterceptingLauncher.java:39)
	at org.junit.platform.launcher.core.ClasspathAlignmentCheckingLauncherInterceptor.intercept(ClasspathAlignmentCheckingLauncherInterceptor.java:25)
	at org.junit.platform.launcher.core.InterceptingLauncher.execute(InterceptingLauncher.java:38)
	at org.junit.platform.launcher.core.DelegatingLauncher.execute(DelegatingLauncher.java:47)
	at org.junit.platform.launcher.core.SessionPerRequestLauncher.execute(SessionPerRequestLauncher.java:63)
	at com.intellij.junit5.JUnit5IdeaTestRunner.startRunnerWithArgs(JUnit5IdeaTestRunner.java:66)
	at com.intellij.rt.junit.IdeaTestRunner$Repeater$1.execute(IdeaTestRunner.java:38)
	at com.intellij.rt.execution.junit.TestsRepeater.repeat(TestsRepeater.java:11)
	at com.intellij.rt.junit.IdeaTestRunner$Repeater.startRunnerWithArgs(IdeaTestRunner.java:35)
	at com.intellij.rt.junit.JUnitStarter.prepareStreamsAndStart(JUnitStarter.java:237)
	at com.intellij.rt.junit.JUnitStarter.main(JUnitStarter.java:58)
Caused by: org.springframework.beans.factory.UnsatisfiedDependencyException: Error creating bean with name 'dataSourceScriptDatabaseInitializer' defined in class path resource [org/springframework/boot/autoconfigure/sql/init/DataSourceInitializationConfiguration.class]: Unsatisfied dependency expressed through method 'dataSourceScriptDatabaseInitializer' parameter 0: Error creating bean with name 'dataSource': Failed to replace DataSource with an embedded database for tests. If you want an embedded database please put a supported one on the classpath or tune the replace attribute of @AutoConfigureTestDatabase.
	at org.springframework.beans.factory.support.ConstructorResolver.createArgumentArray(ConstructorResolver.java:804)
	at org.springframework.beans.factory.support.ConstructorResolver.instantiateUsingFactoryMethod(ConstructorResolver.java:546)
	at org.springframework.beans.factory.support.AbstractAutowireCapableBeanFactory.instantiateUsingFactoryMethod(AbstractAutowireCapableBeanFactory.java:1375)
	at org.springframework.beans.factory.support.AbstractAutowireCapableBeanFactory.createBeanInstance(AbstractAutowireCapableBeanFactory.java:1205)
	at org.springframework.beans.factory.support.AbstractAutowireCapableBeanFactory.doCreateBean(AbstractAutowireCapableBeanFactory.java:569)
	at org.springframework.beans.factory.support.AbstractAutowireCapableBeanFactory.createBean(AbstractAutowireCapableBeanFactory.java:529)
	at org.springframework.beans.factory.support.AbstractBeanFactory.lambda$doGetBean$0(AbstractBeanFactory.java:339)
	at org.springframework.beans.factory.support.DefaultSingletonBeanRegistry.getSingleton(DefaultSingletonBeanRegistry.java:373)
	at org.springframework.beans.factory.support.AbstractBeanFactory.doGetBean(AbstractBeanFactory.java:337)
	at org.springframework.beans.factory.support.AbstractBeanFactory.getBean(AbstractBeanFactory.java:202)
	at org.springframework.beans.factory.support.AbstractBeanFactory.doGetBean(AbstractBeanFactory.java:315)
	... 93 common frames omitted
Caused by: org.springframework.beans.factory.BeanCreationException: Error creating bean with name 'dataSource': Failed to replace DataSource with an embedded database for tests. If you want an embedded database please put a supported one on the classpath or tune the replace attribute of @AutoConfigureTestDatabase.
	at org.springframework.beans.factory.support.AbstractAutowireCapableBeanFactory.initializeBean(AbstractAutowireCapableBeanFactory.java:1826)
	at org.springframework.beans.factory.support.AbstractAutowireCapableBeanFactory.doCreateBean(AbstractAutowireCapableBeanFactory.java:607)
	at org.springframework.beans.factory.support.AbstractAutowireCapableBeanFactory.createBean(AbstractAutowireCapableBeanFactory.java:529)
	at org.springframework.beans.factory.support.AbstractBeanFactory.lambda$doGetBean$0(AbstractBeanFactory.java:339)
	at org.springframework.beans.factory.support.DefaultSingletonBeanRegistry.getSingleton(DefaultSingletonBeanRegistry.java:373)
	at org.springframework.beans.factory.support.AbstractBeanFactory.doGetBean(AbstractBeanFactory.java:337)
	at org.springframework.beans.factory.support.AbstractBeanFactory.getBean(AbstractBeanFactory.java:202)
	at org.springframework.beans.factory.support.DefaultListableBeanFactory.doResolveDependency(DefaultListableBeanFactory.java:1708)
	at org.springframework.beans.factory.support.DefaultListableBeanFactory.resolveDependency(DefaultListableBeanFactory.java:1653)
	at org.springframework.beans.factory.support.ConstructorResolver.resolveAutowiredArgument(ConstructorResolver.java:913)
	at org.springframework.beans.factory.support.ConstructorResolver.createArgumentArray(ConstructorResolver.java:791)
	... 103 common frames omitted
Caused by: java.lang.IllegalStateException: Failed to replace DataSource with an embedded database for tests. If you want an embedded database please put a supported one on the classpath or tune the replace attribute of @AutoConfigureTestDatabase.
	at org.springframework.util.Assert.state(Assert.java:79)
	at org.springframework.boot.test.autoconfigure.jdbc.TestDatabaseAutoConfiguration$EmbeddedDataSourceFactory.getEmbeddedDatabase(TestDatabaseAutoConfiguration.java:291)
	at org.springframework.boot.test.autoconfigure.jdbc.TestDatabaseAutoConfiguration$EmbeddedDataSourceFactoryBean.afterPropertiesSet(TestDatabaseAutoConfiguration.java:256)
	at org.springframework.beans.factory.support.AbstractAutowireCapableBeanFactory.invokeInitMethods(AbstractAutowireCapableBeanFactory.java:1873)
	at org.springframework.beans.factory.support.AbstractAutowireCapableBeanFactory.initializeBean(AbstractAutowireCapableBeanFactory.java:1822)
	... 113 common frames omitted
2026-02-20 21:56:24 WARN  [main] o.s.test.context.TestContextManager - Caught exception while allowing TestExecutionListener [org.springframework.test.context.support.DependencyInjectionTestExecutionListener] to prepare test instance [com.MFP.OrderService.repository.OrderRepositoryTest@28369db0]
java.lang.IllegalStateException: Failed to load ApplicationContext for [MergedContextConfiguration@655f69da testClass = com.MFP.OrderService.repository.OrderRepositoryTest, locations = [], classes = [com.MFP.OrderService.OrderServiceApplication], contextInitializerClasses = [], activeProfiles = [], propertySourceDescriptors = [], propertySourceProperties = ["org.springframework.boot.test.autoconfigure.orm.jpa.DataJpaTestContextBootstrapper=true"], contextCustomizers = [[ImportsContextCustomizer@43b5021c key = [org.springframework.boot.autoconfigure.transaction.TransactionAutoConfiguration, org.springframework.boot.autoconfigure.data.jpa.JpaRepositoriesAutoConfiguration, org.springframework.boot.test.autoconfigure.orm.jpa.TestEntityManagerAutoConfiguration, org.springframework.boot.autoconfigure.cache.CacheAutoConfiguration, org.springframework.boot.autoconfigure.orm.jpa.HibernateJpaAutoConfiguration, org.springframework.boot.autoconfigure.sql.init.SqlInitializationAutoConfiguration, org.springframework.boot.test.autoconfigure.jdbc.TestDatabaseAutoConfiguration, org.springframework.boot.autoconfigure.flyway.FlywayAutoConfiguration, org.springframework.boot.autoconfigure.jdbc.DataSourceTransactionManagerAutoConfiguration, org.springframework.boot.autoconfigure.liquibase.LiquibaseAutoConfiguration, org.springframework.boot.autoconfigure.jdbc.JdbcClientAutoConfiguration, org.springframework.boot.autoconfigure.jdbc.DataSourceAutoConfiguration, org.springframework.boot.autoconfigure.jdbc.JdbcTemplateAutoConfiguration]], org.springframework.boot.test.context.filter.ExcludeFilterContextCustomizer@1800a575, org.springframework.boot.test.json.DuplicateJsonObjectContextCustomizerFactory$DuplicateJsonObjectContextCustomizer@130e116b, org.springframework.boot.test.mock.mockito.MockitoContextCustomizer@0, org.springframework.boot.test.web.reactor.netty.DisableReactorResourceFactoryGlobalResourcesContextCustomizerFactory$DisableReactorResourceFactoryGlobalResourcesContextCustomizerCustomizer@39de3d36, org.springframework.boot.test.autoconfigure.OnFailureConditionReportContextCustomizerFactory$OnFailureConditionReportContextCustomizer@3fed2870, org.springframework.boot.test.autoconfigure.OverrideAutoConfigurationContextCustomizerFactory$DisableAutoConfigurationContextCustomizer@764faa6, org.springframework.boot.test.autoconfigure.actuate.observability.ObservabilityContextCustomizerFactory$DisableObservabilityContextCustomizer@1f, org.springframework.boot.test.autoconfigure.filter.TypeExcludeFiltersContextCustomizer@34be3d80, org.springframework.boot.test.autoconfigure.properties.PropertyMappingContextCustomizer@904f5b80, org.springframework.boot.test.autoconfigure.web.servlet.WebDriverContextCustomizer@2f16c6b3, org.springframework.test.context.support.DynamicPropertiesContextCustomizer@0, org.springframework.boot.test.context.SpringBootTestAnnotation@9c1a6371], contextLoader = org.springframework.boot.test.context.SpringBootContextLoader, parent = null]
	at org.springframework.test.context.cache.DefaultCacheAwareContextLoaderDelegate.loadContext(DefaultCacheAwareContextLoaderDelegate.java:180)
	at org.springframework.test.context.support.DefaultTestContext.getApplicationContext(DefaultTestContext.java:130)
	at org.springframework.test.context.support.DependencyInjectionTestExecutionListener.injectDependencies(DependencyInjectionTestExecutionListener.java:155)
	at org.springframework.test.context.support.DependencyInjectionTestExecutionListener.prepareTestInstance(DependencyInjectionTestExecutionListener.java:111)
	at org.springframework.test.context.TestContextManager.prepareTestInstance(TestContextManager.java:260)
	at org.springframework.test.context.junit.jupiter.SpringExtension.postProcessTestInstance(SpringExtension.java:159)
	at org.junit.jupiter.engine.descriptor.ClassBasedTestDescriptor.lambda$invokeTestInstancePostProcessors$10(ClassBasedTestDescriptor.java:383)
	at org.junit.jupiter.engine.descriptor.ClassBasedTestDescriptor.executeAndMaskThrowable(ClassBasedTestDescriptor.java:388)
	at org.junit.jupiter.engine.descriptor.ClassBasedTestDescriptor.lambda$invokeTestInstancePostProcessors$11(ClassBasedTestDescriptor.java:382)
	at java.base/java.util.stream.ForEachOps$ForEachOp$OfRef.accept(ForEachOps.java:184)
	at java.base/java.util.stream.ReferencePipeline$3$1.accept(ReferencePipeline.java:215)
	at java.base/java.util.stream.ReferencePipeline$2$1.accept(ReferencePipeline.java:197)
	at java.base/java.util.stream.ReferencePipeline$3$1.accept(ReferencePipeline.java:215)
	at java.base/java.util.ArrayList$ArrayListSpliterator.forEachRemaining(ArrayList.java:1709)
	at java.base/java.util.stream.AbstractPipeline.copyInto(AbstractPipeline.java:570)
	at java.base/java.util.stream.AbstractPipeline.wrapAndCopyInto(AbstractPipeline.java:560)
	at java.base/java.util.stream.ForEachOps$ForEachOp.evaluateSequential(ForEachOps.java:151)
	at java.base/java.util.stream.ForEachOps$ForEachOp$OfRef.evaluateSequential(ForEachOps.java:174)
	at java.base/java.util.stream.AbstractPipeline.evaluate(AbstractPipeline.java:265)
	at java.base/java.util.stream.ReferencePipeline.forEach(ReferencePipeline.java:636)
	at org.junit.jupiter.engine.descriptor.ClassBasedTestDescriptor.invokeTestInstancePostProcessors(ClassBasedTestDescriptor.java:382)
	at org.junit.jupiter.engine.descriptor.ClassBasedTestDescriptor.lambda$instantiateAndPostProcessTestInstance$6(ClassBasedTestDescriptor.java:293)
	at org.junit.platform.engine.support.hierarchical.ThrowableCollector.execute(ThrowableCollector.java:73)
	at org.junit.jupiter.engine.descriptor.ClassBasedTestDescriptor.instantiateAndPostProcessTestInstance(ClassBasedTestDescriptor.java:292)
	at org.junit.jupiter.engine.descriptor.ClassBasedTestDescriptor.lambda$testInstancesProvider$4(ClassBasedTestDescriptor.java:281)
	at java.base/java.util.Optional.orElseGet(Optional.java:364)
	at org.junit.jupiter.engine.descriptor.ClassBasedTestDescriptor.lambda$testInstancesProvider$5(ClassBasedTestDescriptor.java:280)
	at org.junit.jupiter.engine.execution.TestInstancesProvider.getTestInstances(TestInstancesProvider.java:27)
	at org.junit.jupiter.engine.descriptor.TestMethodTestDescriptor.lambda$prepare$0(TestMethodTestDescriptor.java:112)
	at org.junit.platform.engine.support.hierarchical.ThrowableCollector.execute(ThrowableCollector.java:73)
	at org.junit.jupiter.engine.descriptor.TestMethodTestDescriptor.prepare(TestMethodTestDescriptor.java:111)
	at org.junit.jupiter.engine.descriptor.TestMethodTestDescriptor.prepare(TestMethodTestDescriptor.java:69)
	at org.junit.platform.engine.support.hierarchical.NodeTestTask.lambda$prepare$2(NodeTestTask.java:128)
	at org.junit.platform.engine.support.hierarchical.ThrowableCollector.execute(ThrowableCollector.java:73)
	at org.junit.platform.engine.support.hierarchical.NodeTestTask.prepare(NodeTestTask.java:128)
	at org.junit.platform.engine.support.hierarchical.NodeTestTask.execute(NodeTestTask.java:95)
	at java.base/java.util.ArrayList.forEach(ArrayList.java:1597)
	at org.junit.platform.engine.support.hierarchical.SameThreadHierarchicalTestExecutorService.invokeAll(SameThreadHierarchicalTestExecutorService.java:41)
	at org.junit.platform.engine.support.hierarchical.NodeTestTask.lambda$executeRecursively$6(NodeTestTask.java:160)
	at org.junit.platform.engine.support.hierarchical.ThrowableCollector.execute(ThrowableCollector.java:73)
	at org.junit.platform.engine.support.hierarchical.NodeTestTask.lambda$executeRecursively$8(NodeTestTask.java:146)
	at org.junit.platform.engine.support.hierarchical.Node.around(Node.java:137)
	at org.junit.platform.engine.support.hierarchical.NodeTestTask.lambda$executeRecursively$9(NodeTestTask.java:144)
	at org.junit.platform.engine.support.hierarchical.ThrowableCollector.execute(ThrowableCollector.java:73)
	at org.junit.platform.engine.support.hierarchical.NodeTestTask.executeRecursively(NodeTestTask.java:143)
	at org.junit.platform.engine.support.hierarchical.NodeTestTask.execute(NodeTestTask.java:100)
	at java.base/java.util.ArrayList.forEach(ArrayList.java:1597)
	at org.junit.platform.engine.support.hierarchical.SameThreadHierarchicalTestExecutorService.invokeAll(SameThreadHierarchicalTestExecutorService.java:41)
	at org.junit.platform.engine.support.hierarchical.NodeTestTask.lambda$executeRecursively$6(NodeTestTask.java:160)
	at org.junit.platform.engine.support.hierarchical.ThrowableCollector.execute(ThrowableCollector.java:73)
	at org.junit.platform.engine.support.hierarchical.NodeTestTask.lambda$executeRecursively$8(NodeTestTask.java:146)
	at org.junit.platform.engine.support.hierarchical.Node.around(Node.java:137)
	at org.junit.platform.engine.support.hierarchical.NodeTestTask.lambda$executeRecursively$9(NodeTestTask.java:144)
	at org.junit.platform.engine.support.hierarchical.ThrowableCollector.execute(ThrowableCollector.java:73)
	at org.junit.platform.engine.support.hierarchical.NodeTestTask.executeRecursively(NodeTestTask.java:143)
	at org.junit.platform.engine.support.hierarchical.NodeTestTask.execute(NodeTestTask.java:100)
	at org.junit.platform.engine.support.hierarchical.SameThreadHierarchicalTestExecutorService.submit(SameThreadHierarchicalTestExecutorService.java:35)
	at org.junit.platform.engine.support.hierarchical.HierarchicalTestExecutor.execute(HierarchicalTestExecutor.java:57)
	at org.junit.platform.engine.support.hierarchical.HierarchicalTestEngine.execute(HierarchicalTestEngine.java:54)
	at org.junit.platform.launcher.core.EngineExecutionOrchestrator.execute(EngineExecutionOrchestrator.java:201)
	at org.junit.platform.launcher.core.EngineExecutionOrchestrator.execute(EngineExecutionOrchestrator.java:170)
	at org.junit.platform.launcher.core.EngineExecutionOrchestrator.execute(EngineExecutionOrchestrator.java:94)
	at org.junit.platform.launcher.core.EngineExecutionOrchestrator.lambda$execute$0(EngineExecutionOrchestrator.java:59)
	at org.junit.platform.launcher.core.EngineExecutionOrchestrator.withInterceptedStreams(EngineExecutionOrchestrator.java:142)
	at org.junit.platform.launcher.core.EngineExecutionOrchestrator.execute(EngineExecutionOrchestrator.java:58)
	at org.junit.platform.launcher.core.DefaultLauncher.execute(DefaultLauncher.java:103)
	at org.junit.platform.launcher.core.DefaultLauncher.execute(DefaultLauncher.java:85)
	at org.junit.platform.launcher.core.DelegatingLauncher.execute(DelegatingLauncher.java:47)
	at org.junit.platform.launcher.core.InterceptingLauncher.lambda$execute$1(InterceptingLauncher.java:39)
	at org.junit.platform.launcher.core.ClasspathAlignmentCheckingLauncherInterceptor.intercept(ClasspathAlignmentCheckingLauncherInterceptor.java:25)
	at org.junit.platform.launcher.core.InterceptingLauncher.execute(InterceptingLauncher.java:38)
	at org.junit.platform.launcher.core.DelegatingLauncher.execute(DelegatingLauncher.java:47)
	at org.junit.platform.launcher.core.SessionPerRequestLauncher.execute(SessionPerRequestLauncher.java:63)
	at com.intellij.junit5.JUnit5IdeaTestRunner.startRunnerWithArgs(JUnit5IdeaTestRunner.java:66)
	at com.intellij.rt.junit.IdeaTestRunner$Repeater$1.execute(IdeaTestRunner.java:38)
	at com.intellij.rt.execution.junit.TestsRepeater.repeat(TestsRepeater.java:11)
	at com.intellij.rt.junit.IdeaTestRunner$Repeater.startRunnerWithArgs(IdeaTestRunner.java:35)
	at com.intellij.rt.junit.JUnitStarter.prepareStreamsAndStart(JUnitStarter.java:237)
	at com.intellij.rt.junit.JUnitStarter.main(JUnitStarter.java:58)
Caused by: org.springframework.beans.factory.BeanCreationException: Error creating bean with name 'entityManagerFactory' defined in class path resource [org/springframework/boot/autoconfigure/orm/jpa/HibernateJpaConfiguration.class]: Failed to initialize dependency 'dataSourceScriptDatabaseInitializer' of LoadTimeWeaverAware bean 'entityManagerFactory': Error creating bean with name 'dataSourceScriptDatabaseInitializer' defined in class path resource [org/springframework/boot/autoconfigure/sql/init/DataSourceInitializationConfiguration.class]: Unsatisfied dependency expressed through method 'dataSourceScriptDatabaseInitializer' parameter 0: Error creating bean with name 'dataSource': Failed to replace DataSource with an embedded database for tests. If you want an embedded database please put a supported one on the classpath or tune the replace attribute of @AutoConfigureTestDatabase.
	at org.springframework.beans.factory.support.AbstractBeanFactory.doGetBean(AbstractBeanFactory.java:328)
	at org.springframework.beans.factory.support.AbstractBeanFactory.getBean(AbstractBeanFactory.java:207)
	at org.springframework.context.support.AbstractApplicationContext.finishBeanFactoryInitialization(AbstractApplicationContext.java:973)
	at org.springframework.context.support.AbstractApplicationContext.refresh(AbstractApplicationContext.java:627)
	at org.springframework.boot.SpringApplication.refresh(SpringApplication.java:752)
	at org.springframework.boot.SpringApplication.refreshContext(SpringApplication.java:439)
	at org.springframework.boot.SpringApplication.run(SpringApplication.java:318)
	at org.springframework.boot.test.context.SpringBootContextLoader.lambda$loadContext$3(SpringBootContextLoader.java:152)
	at org.springframework.util.function.ThrowingSupplier.get(ThrowingSupplier.java:58)
	at org.springframework.util.function.ThrowingSupplier.get(ThrowingSupplier.java:46)
	at org.springframework.boot.SpringApplication.withHook(SpringApplication.java:1461)
	at org.springframework.boot.test.context.SpringBootContextLoader$ContextLoaderHook.run(SpringBootContextLoader.java:595)
	at org.springframework.boot.test.context.SpringBootContextLoader.loadContext(SpringBootContextLoader.java:152)
	at org.springframework.boot.test.context.SpringBootContextLoader.loadContext(SpringBootContextLoader.java:111)
	at org.springframework.test.context.cache.DefaultCacheAwareContextLoaderDelegate.loadContextInternal(DefaultCacheAwareContextLoaderDelegate.java:225)
	at org.springframework.test.context.cache.DefaultCacheAwareContextLoaderDelegate.loadContext(DefaultCacheAwareContextLoaderDelegate.java:152)
	... 78 common frames omitted
Caused by: org.springframework.beans.factory.UnsatisfiedDependencyException: Error creating bean with name 'dataSourceScriptDatabaseInitializer' defined in class path resource [org/springframework/boot/autoconfigure/sql/init/DataSourceInitializationConfiguration.class]: Unsatisfied dependency expressed through method 'dataSourceScriptDatabaseInitializer' parameter 0: Error creating bean with name 'dataSource': Failed to replace DataSource with an embedded database for tests. If you want an embedded database please put a supported one on the classpath or tune the replace attribute of @AutoConfigureTestDatabase.
	at org.springframework.beans.factory.support.ConstructorResolver.createArgumentArray(ConstructorResolver.java:804)
	at org.springframework.beans.factory.support.ConstructorResolver.instantiateUsingFactoryMethod(ConstructorResolver.java:546)
	at org.springframework.beans.factory.support.AbstractAutowireCapableBeanFactory.instantiateUsingFactoryMethod(AbstractAutowireCapableBeanFactory.java:1375)
	at org.springframework.beans.factory.support.AbstractAutowireCapableBeanFactory.createBeanInstance(AbstractAutowireCapableBeanFactory.java:1205)
	at org.springframework.beans.factory.support.AbstractAutowireCapableBeanFactory.doCreateBean(AbstractAutowireCapableBeanFactory.java:569)
	at org.springframework.beans.factory.support.AbstractAutowireCapableBeanFactory.createBean(AbstractAutowireCapableBeanFactory.java:529)
	at org.springframework.beans.factory.support.AbstractBeanFactory.lambda$doGetBean$0(AbstractBeanFactory.java:339)
	at org.springframework.beans.factory.support.DefaultSingletonBeanRegistry.getSingleton(DefaultSingletonBeanRegistry.java:373)
	at org.springframework.beans.factory.support.AbstractBeanFactory.doGetBean(AbstractBeanFactory.java:337)
	at org.springframework.beans.factory.support.AbstractBeanFactory.getBean(AbstractBeanFactory.java:202)
	at org.springframework.beans.factory.support.AbstractBeanFactory.doGetBean(AbstractBeanFactory.java:315)
	... 93 common frames omitted
Caused by: org.springframework.beans.factory.BeanCreationException: Error creating bean with name 'dataSource': Failed to replace DataSource with an embedded database for tests. If you want an embedded database please put a supported one on the classpath or tune the replace attribute of @AutoConfigureTestDatabase.
	at org.springframework.beans.factory.support.AbstractAutowireCapableBeanFactory.initializeBean(AbstractAutowireCapableBeanFactory.java:1826)
	at org.springframework.beans.factory.support.AbstractAutowireCapableBeanFactory.doCreateBean(AbstractAutowireCapableBeanFactory.java:607)
	at org.springframework.beans.factory.support.AbstractAutowireCapableBeanFactory.createBean(AbstractAutowireCapableBeanFactory.java:529)
	at org.springframework.beans.factory.support.AbstractBeanFactory.lambda$doGetBean$0(AbstractBeanFactory.java:339)
	at org.springframework.beans.factory.support.DefaultSingletonBeanRegistry.getSingleton(DefaultSingletonBeanRegistry.java:373)
	at org.springframework.beans.factory.support.AbstractBeanFactory.doGetBean(AbstractBeanFactory.java:337)
	at org.springframework.beans.factory.support.AbstractBeanFactory.getBean(AbstractBeanFactory.java:202)
	at org.springframework.beans.factory.support.DefaultListableBeanFactory.doResolveDependency(DefaultListableBeanFactory.java:1708)
	at org.springframework.beans.factory.support.DefaultListableBeanFactory.resolveDependency(DefaultListableBeanFactory.java:1653)
	at org.springframework.beans.factory.support.ConstructorResolver.resolveAutowiredArgument(ConstructorResolver.java:913)
	at org.springframework.beans.factory.support.ConstructorResolver.createArgumentArray(ConstructorResolver.java:791)
	... 103 common frames omitted
Caused by: java.lang.IllegalStateException: Failed to replace DataSource with an embedded database for tests. If you want an embedded database please put a supported one on the classpath or tune the replace attribute of @AutoConfigureTestDatabase.
	at org.springframework.util.Assert.state(Assert.java:79)
	at org.springframework.boot.test.autoconfigure.jdbc.TestDatabaseAutoConfiguration$EmbeddedDataSourceFactory.getEmbeddedDatabase(TestDatabaseAutoConfiguration.java:291)
	at org.springframework.boot.test.autoconfigure.jdbc.TestDatabaseAutoConfiguration$EmbeddedDataSourceFactoryBean.afterPropertiesSet(TestDatabaseAutoConfiguration.java:256)
	at org.springframework.beans.factory.support.AbstractAutowireCapableBeanFactory.invokeInitMethods(AbstractAutowireCapableBeanFactory.java:1873)
	at org.springframework.beans.factory.support.AbstractAutowireCapableBeanFactory.initializeBean(AbstractAutowireCapableBeanFactory.java:1822)
	... 113 common frames omitted
2026-02-20 21:56:24 WARN  [main] o.s.test.context.TestContextManager - Caught exception while allowing TestExecutionListener [org.springframework.test.context.support.DependencyInjectionTestExecutionListener] to prepare test instance [com.MFP.OrderService.repository.OrderRepositoryTest@40729f01]
java.lang.IllegalStateException: ApplicationContext failure threshold (1) exceeded: skipping repeated attempt to load context for [MergedContextConfiguration@655f69da testClass = com.MFP.OrderService.repository.OrderRepositoryTest, locations = [], classes = [com.MFP.OrderService.OrderServiceApplication], contextInitializerClasses = [], activeProfiles = [], propertySourceDescriptors = [], propertySourceProperties = ["org.springframework.boot.test.autoconfigure.orm.jpa.DataJpaTestContextBootstrapper=true"], contextCustomizers = [[ImportsContextCustomizer@43b5021c key = [org.springframework.boot.autoconfigure.transaction.TransactionAutoConfiguration, org.springframework.boot.autoconfigure.data.jpa.JpaRepositoriesAutoConfiguration, org.springframework.boot.test.autoconfigure.orm.jpa.TestEntityManagerAutoConfiguration, org.springframework.boot.autoconfigure.cache.CacheAutoConfiguration, org.springframework.boot.autoconfigure.orm.jpa.HibernateJpaAutoConfiguration, org.springframework.boot.autoconfigure.sql.init.SqlInitializationAutoConfiguration, org.springframework.boot.test.autoconfigure.jdbc.TestDatabaseAutoConfiguration, org.springframework.boot.autoconfigure.flyway.FlywayAutoConfiguration, org.springframework.boot.autoconfigure.jdbc.DataSourceTransactionManagerAutoConfiguration, org.springframework.boot.autoconfigure.liquibase.LiquibaseAutoConfiguration, org.springframework.boot.autoconfigure.jdbc.JdbcClientAutoConfiguration, org.springframework.boot.autoconfigure.jdbc.DataSourceAutoConfiguration, org.springframework.boot.autoconfigure.jdbc.JdbcTemplateAutoConfiguration]], org.springframework.boot.test.context.filter.ExcludeFilterContextCustomizer@1800a575, org.springframework.boot.test.json.DuplicateJsonObjectContextCustomizerFactory$DuplicateJsonObjectContextCustomizer@130e116b, org.springframework.boot.test.mock.mockito.MockitoContextCustomizer@0, org.springframework.boot.test.web.reactor.netty.DisableReactorResourceFactoryGlobalResourcesContextCustomizerFactory$DisableReactorResourceFactoryGlobalResourcesContextCustomizerCustomizer@39de3d36, org.springframework.boot.test.autoconfigure.OnFailureConditionReportContextCustomizerFactory$OnFailureConditionReportContextCustomizer@3fed2870, org.springframework.boot.test.autoconfigure.OverrideAutoConfigurationContextCustomizerFactory$DisableAutoConfigurationContextCustomizer@764faa6, org.springframework.boot.test.autoconfigure.actuate.observability.ObservabilityContextCustomizerFactory$DisableObservabilityContextCustomizer@1f, org.springframework.boot.test.autoconfigure.filter.TypeExcludeFiltersContextCustomizer@34be3d80, org.springframework.boot.test.autoconfigure.properties.PropertyMappingContextCustomizer@904f5b80, org.springframework.boot.test.autoconfigure.web.servlet.WebDriverContextCustomizer@2f16c6b3, org.springframework.test.context.support.DynamicPropertiesContextCustomizer@0, org.springframework.boot.test.context.SpringBootTestAnnotation@9c1a6371], contextLoader = org.springframework.boot.test.context.SpringBootContextLoader, parent = null]
	at org.springframework.test.context.cache.DefaultCacheAwareContextLoaderDelegate.loadContext(DefaultCacheAwareContextLoaderDelegate.java:145)
	at org.springframework.test.context.support.DefaultTestContext.getApplicationContext(DefaultTestContext.java:130)
	at org.springframework.test.context.support.DependencyInjectionTestExecutionListener.injectDependencies(DependencyInjectionTestExecutionListener.java:155)
	at org.springframework.test.context.support.DependencyInjectionTestExecutionListener.prepareTestInstance(DependencyInjectionTestExecutionListener.java:111)
	at org.springframework.test.context.TestContextManager.prepareTestInstance(TestContextManager.java:260)
	at org.springframework.test.context.junit.jupiter.SpringExtension.postProcessTestInstance(SpringExtension.java:159)
	at org.junit.jupiter.engine.descriptor.ClassBasedTestDescriptor.lambda$invokeTestInstancePostProcessors$10(ClassBasedTestDescriptor.java:383)
	at org.junit.jupiter.engine.descriptor.ClassBasedTestDescriptor.executeAndMaskThrowable(ClassBasedTestDescriptor.java:388)
	at org.junit.jupiter.engine.descriptor.ClassBasedTestDescriptor.lambda$invokeTestInstancePostProcessors$11(ClassBasedTestDescriptor.java:382)
	at java.base/java.util.stream.ForEachOps$ForEachOp$OfRef.accept(ForEachOps.java:184)
	at java.base/java.util.stream.ReferencePipeline$3$1.accept(ReferencePipeline.java:215)
	at java.base/java.util.stream.ReferencePipeline$2$1.accept(ReferencePipeline.java:197)
	at java.base/java.util.stream.ReferencePipeline$3$1.accept(ReferencePipeline.java:215)
	at java.base/java.util.ArrayList$ArrayListSpliterator.forEachRemaining(ArrayList.java:1709)
	at java.base/java.util.stream.AbstractPipeline.copyInto(AbstractPipeline.java:570)
	at java.base/java.util.stream.AbstractPipeline.wrapAndCopyInto(AbstractPipeline.java:560)
	at java.base/java.util.stream.ForEachOps$ForEachOp.evaluateSequential(ForEachOps.java:151)
	at java.base/java.util.stream.ForEachOps$ForEachOp$OfRef.evaluateSequential(ForEachOps.java:174)
	at java.base/java.util.stream.AbstractPipeline.evaluate(AbstractPipeline.java:265)
	at java.base/java.util.stream.ReferencePipeline.forEach(ReferencePipeline.java:636)
	at org.junit.jupiter.engine.descriptor.ClassBasedTestDescriptor.invokeTestInstancePostProcessors(ClassBasedTestDescriptor.java:382)
	at org.junit.jupiter.engine.descriptor.ClassBasedTestDescriptor.lambda$instantiateAndPostProcessTestInstance$6(ClassBasedTestDescriptor.java:293)
	at org.junit.platform.engine.support.hierarchical.ThrowableCollector.execute(ThrowableCollector.java:73)
	at org.junit.jupiter.engine.descriptor.ClassBasedTestDescriptor.instantiateAndPostProcessTestInstance(ClassBasedTestDescriptor.java:292)
	at org.junit.jupiter.engine.descriptor.ClassBasedTestDescriptor.lambda$testInstancesProvider$4(ClassBasedTestDescriptor.java:281)
	at java.base/java.util.Optional.orElseGet(Optional.java:364)
	at org.junit.jupiter.engine.descriptor.ClassBasedTestDescriptor.lambda$testInstancesProvider$5(ClassBasedTestDescriptor.java:280)
	at org.junit.jupiter.engine.execution.TestInstancesProvider.getTestInstances(TestInstancesProvider.java:27)
	at org.junit.jupiter.engine.descriptor.TestMethodTestDescriptor.lambda$prepare$0(TestMethodTestDescriptor.java:112)
	at org.junit.platform.engine.support.hierarchical.ThrowableCollector.execute(ThrowableCollector.java:73)
	at org.junit.jupiter.engine.descriptor.TestMethodTestDescriptor.prepare(TestMethodTestDescriptor.java:111)
	at org.junit.jupiter.engine.descriptor.TestMethodTestDescriptor.prepare(TestMethodTestDescriptor.java:69)
	at org.junit.platform.engine.support.hierarchical.NodeTestTask.lambda$prepare$2(NodeTestTask.java:128)
	at org.junit.platform.engine.support.hierarchical.ThrowableCollector.execute(ThrowableCollector.java:73)
	at org.junit.platform.engine.support.hierarchical.NodeTestTask.prepare(NodeTestTask.java:128)
	at org.junit.platform.engine.support.hierarchical.NodeTestTask.execute(NodeTestTask.java:95)
	at java.base/java.util.ArrayList.forEach(ArrayList.java:1597)
	at org.junit.platform.engine.support.hierarchical.SameThreadHierarchicalTestExecutorService.invokeAll(SameThreadHierarchicalTestExecutorService.java:41)
	at org.junit.platform.engine.support.hierarchical.NodeTestTask.lambda$executeRecursively$6(NodeTestTask.java:160)
	at org.junit.platform.engine.support.hierarchical.ThrowableCollector.execute(ThrowableCollector.java:73)
	at org.junit.platform.engine.support.hierarchical.NodeTestTask.lambda$executeRecursively$8(NodeTestTask.java:146)
	at org.junit.platform.engine.support.hierarchical.Node.around(Node.java:137)
	at org.junit.platform.engine.support.hierarchical.NodeTestTask.lambda$executeRecursively$9(NodeTestTask.java:144)
	at org.junit.platform.engine.support.hierarchical.ThrowableCollector.execute(ThrowableCollector.java:73)
	at org.junit.platform.engine.support.hierarchical.NodeTestTask.executeRecursively(NodeTestTask.java:143)
	at org.junit.platform.engine.support.hierarchical.NodeTestTask.execute(NodeTestTask.java:100)
	at java.base/java.util.ArrayList.forEach(ArrayList.java:1597)
	at org.junit.platform.engine.support.hierarchical.SameThreadHierarchicalTestExecutorService.invokeAll(SameThreadHierarchicalTestExecutorService.java:41)
	at org.junit.platform.engine.support.hierarchical.NodeTestTask.lambda$executeRecursively$6(NodeTestTask.java:160)
	at org.junit.platform.engine.support.hierarchical.ThrowableCollector.execute(ThrowableCollector.java:73)
	at org.junit.platform.engine.support.hierarchical.NodeTestTask.lambda$executeRecursively$8(NodeTestTask.java:146)
	at org.junit.platform.engine.support.hierarchical.Node.around(Node.java:137)
	at org.junit.platform.engine.support.hierarchical.NodeTestTask.lambda$executeRecursively$9(NodeTestTask.java:144)
	at org.junit.platform.engine.support.hierarchical.ThrowableCollector.execute(ThrowableCollector.java:73)
	at org.junit.platform.engine.support.hierarchical.NodeTestTask.executeRecursively(NodeTestTask.java:143)
	at org.junit.platform.engine.support.hierarchical.NodeTestTask.execute(NodeTestTask.java:100)
	at org.junit.platform.engine.support.hierarchical.SameThreadHierarchicalTestExecutorService.submit(SameThreadHierarchicalTestExecutorService.java:35)
	at org.junit.platform.engine.support.hierarchical.HierarchicalTestExecutor.execute(HierarchicalTestExecutor.java:57)
	at org.junit.platform.engine.support.hierarchical.HierarchicalTestEngine.execute(HierarchicalTestEngine.java:54)
	at org.junit.platform.launcher.core.EngineExecutionOrchestrator.execute(EngineExecutionOrchestrator.java:201)
	at org.junit.platform.launcher.core.EngineExecutionOrchestrator.execute(EngineExecutionOrchestrator.java:170)
	at org.junit.platform.launcher.core.EngineExecutionOrchestrator.execute(EngineExecutionOrchestrator.java:94)
	at org.junit.platform.launcher.core.EngineExecutionOrchestrator.lambda$execute$0(EngineExecutionOrchestrator.java:59)
	at org.junit.platform.launcher.core.EngineExecutionOrchestrator.withInterceptedStreams(EngineExecutionOrchestrator.java:142)
	at org.junit.platform.launcher.core.EngineExecutionOrchestrator.execute(EngineExecutionOrchestrator.java:58)
	at org.junit.platform.launcher.core.DefaultLauncher.execute(DefaultLauncher.java:103)
	at org.junit.platform.launcher.core.DefaultLauncher.execute(DefaultLauncher.java:85)
	at org.junit.platform.launcher.core.DelegatingLauncher.execute(DelegatingLauncher.java:47)
	at org.junit.platform.launcher.core.InterceptingLauncher.lambda$execute$1(InterceptingLauncher.java:39)
	at org.junit.platform.launcher.core.ClasspathAlignmentCheckingLauncherInterceptor.intercept(ClasspathAlignmentCheckingLauncherInterceptor.java:25)
	at org.junit.platform.launcher.core.InterceptingLauncher.execute(InterceptingLauncher.java:38)
	at org.junit.platform.launcher.core.DelegatingLauncher.execute(DelegatingLauncher.java:47)
	at org.junit.platform.launcher.core.SessionPerRequestLauncher.execute(SessionPerRequestLauncher.java:63)
	at com.intellij.junit5.JUnit5IdeaTestRunner.startRunnerWithArgs(JUnit5IdeaTestRunner.java:66)
	at com.intellij.rt.junit.IdeaTestRunner$Repeater$1.execute(IdeaTestRunner.java:38)
	at com.intellij.rt.execution.junit.TestsRepeater.repeat(TestsRepeater.java:11)
	at com.intellij.rt.junit.IdeaTestRunner$Repeater.startRunnerWithArgs(IdeaTestRunner.java:35)
	at com.intellij.rt.junit.JUnitStarter.prepareStreamsAndStart(JUnitStarter.java:237)
	at com.intellij.rt.junit.JUnitStarter.main(JUnitStarter.java:58)
2026-02-20 21:56:24 WARN  [main] o.s.test.context.TestContextManager - Caught exception while allowing TestExecutionListener [org.springframework.test.context.support.DependencyInjectionTestExecutionListener] to prepare test instance [com.MFP.OrderService.repository.OrderRepositoryTest@2d760326]
java.lang.IllegalStateException: ApplicationContext failure threshold (1) exceeded: skipping repeated attempt to load context for [MergedContextConfiguration@655f69da testClass = com.MFP.OrderService.repository.OrderRepositoryTest, locations = [], classes = [com.MFP.OrderService.OrderServiceApplication], contextInitializerClasses = [], activeProfiles = [], propertySourceDescriptors = [], propertySourceProperties = ["org.springframework.boot.test.autoconfigure.orm.jpa.DataJpaTestContextBootstrapper=true"], contextCustomizers = [[ImportsContextCustomizer@43b5021c key = [org.springframework.boot.autoconfigure.transaction.TransactionAutoConfiguration, org.springframework.boot.autoconfigure.data.jpa.JpaRepositoriesAutoConfiguration, org.springframework.boot.test.autoconfigure.orm.jpa.TestEntityManagerAutoConfiguration, org.springframework.boot.autoconfigure.cache.CacheAutoConfiguration, org.springframework.boot.autoconfigure.orm.jpa.HibernateJpaAutoConfiguration, org.springframework.boot.autoconfigure.sql.init.SqlInitializationAutoConfiguration, org.springframework.boot.test.autoconfigure.jdbc.TestDatabaseAutoConfiguration, org.springframework.boot.autoconfigure.flyway.FlywayAutoConfiguration, org.springframework.boot.autoconfigure.jdbc.DataSourceTransactionManagerAutoConfiguration, org.springframework.boot.autoconfigure.liquibase.LiquibaseAutoConfiguration, org.springframework.boot.autoconfigure.jdbc.JdbcClientAutoConfiguration, org.springframework.boot.autoconfigure.jdbc.DataSourceAutoConfiguration, org.springframework.boot.autoconfigure.jdbc.JdbcTemplateAutoConfiguration]], org.springframework.boot.test.context.filter.ExcludeFilterContextCustomizer@1800a575, org.springframework.boot.test.json.DuplicateJsonObjectContextCustomizerFactory$DuplicateJsonObjectContextCustomizer@130e116b, org.springframework.boot.test.mock.mockito.MockitoContextCustomizer@0, org.springframework.boot.test.web.reactor.netty.DisableReactorResourceFactoryGlobalResourcesContextCustomizerFactory$DisableReactorResourceFactoryGlobalResourcesContextCustomizerCustomizer@39de3d36, org.springframework.boot.test.autoconfigure.OnFailureConditionReportContextCustomizerFactory$OnFailureConditionReportContextCustomizer@3fed2870, org.springframework.boot.test.autoconfigure.OverrideAutoConfigurationContextCustomizerFactory$DisableAutoConfigurationContextCustomizer@764faa6, org.springframework.boot.test.autoconfigure.actuate.observability.ObservabilityContextCustomizerFactory$DisableObservabilityContextCustomizer@1f, org.springframework.boot.test.autoconfigure.filter.TypeExcludeFiltersContextCustomizer@34be3d80, org.springframework.boot.test.autoconfigure.properties.PropertyMappingContextCustomizer@904f5b80, org.springframework.boot.test.autoconfigure.web.servlet.WebDriverContextCustomizer@2f16c6b3, org.springframework.test.context.support.DynamicPropertiesContextCustomizer@0, org.springframework.boot.test.context.SpringBootTestAnnotation@9c1a6371], contextLoader = org.springframework.boot.test.context.SpringBootContextLoader, parent = null]
	at org.springframework.test.context.cache.DefaultCacheAwareContextLoaderDelegate.loadContext(DefaultCacheAwareContextLoaderDelegate.java:145)
	at org.springframework.test.context.support.DefaultTestContext.getApplicationContext(DefaultTestContext.java:130)
	at org.springframework.test.context.support.DependencyInjectionTestExecutionListener.injectDependencies(DependencyInjectionTestExecutionListener.java:155)
	at org.springframework.test.context.support.DependencyInjectionTestExecutionListener.prepareTestInstance(DependencyInjectionTestExecutionListener.java:111)
	at org.springframework.test.context.TestContextManager.prepareTestInstance(TestContextManager.java:260)
	at org.springframework.test.context.junit.jupiter.SpringExtension.postProcessTestInstance(SpringExtension.java:159)
	at org.junit.jupiter.engine.descriptor.ClassBasedTestDescriptor.lambda$invokeTestInstancePostProcessors$10(ClassBasedTestDescriptor.java:383)
	at org.junit.jupiter.engine.descriptor.ClassBasedTestDescriptor.executeAndMaskThrowable(ClassBasedTestDescriptor.java:388)
	at org.junit.jupiter.engine.descriptor.ClassBasedTestDescriptor.lambda$invokeTestInstancePostProcessors$11(ClassBasedTestDescriptor.java:382)
	at java.base/java.util.stream.ForEachOps$ForEachOp$OfRef.accept(ForEachOps.java:184)
	at java.base/java.util.stream.ReferencePipeline$3$1.accept(ReferencePipeline.java:215)
	at java.base/java.util.stream.ReferencePipeline$2$1.accept(ReferencePipeline.java:197)
	at java.base/java.util.stream.ReferencePipeline$3$1.accept(ReferencePipeline.java:215)
	at java.base/java.util.ArrayList$ArrayListSpliterator.forEachRemaining(ArrayList.java:1709)
	at java.base/java.util.stream.AbstractPipeline.copyInto(AbstractPipeline.java:570)
	at java.base/java.util.stream.AbstractPipeline.wrapAndCopyInto(AbstractPipeline.java:560)
	at java.base/java.util.stream.ForEachOps$ForEachOp.evaluateSequential(ForEachOps.java:151)
	at java.base/java.util.stream.ForEachOps$ForEachOp$OfRef.evaluateSequential(ForEachOps.java:174)
	at java.base/java.util.stream.AbstractPipeline.evaluate(AbstractPipeline.java:265)
	at java.base/java.util.stream.ReferencePipeline.forEach(ReferencePipeline.java:636)
	at org.junit.jupiter.engine.descriptor.ClassBasedTestDescriptor.invokeTestInstancePostProcessors(ClassBasedTestDescriptor.java:382)
	at org.junit.jupiter.engine.descriptor.ClassBasedTestDescriptor.lambda$instantiateAndPostProcessTestInstance$6(ClassBasedTestDescriptor.java:293)
	at org.junit.platform.engine.support.hierarchical.ThrowableCollector.execute(ThrowableCollector.java:73)
	at org.junit.jupiter.engine.descriptor.ClassBasedTestDescriptor.instantiateAndPostProcessTestInstance(ClassBasedTestDescriptor.java:292)
	at org.junit.jupiter.engine.descriptor.ClassBasedTestDescriptor.lambda$testInstancesProvider$4(ClassBasedTestDescriptor.java:281)
	at java.base/java.util.Optional.orElseGet(Optional.java:364)
	at org.junit.jupiter.engine.descriptor.ClassBasedTestDescriptor.lambda$testInstancesProvider$5(ClassBasedTestDescriptor.java:280)
	at org.junit.jupiter.engine.execution.TestInstancesProvider.getTestInstances(TestInstancesProvider.java:27)
	at org.junit.jupiter.engine.descriptor.TestMethodTestDescriptor.lambda$prepare$0(TestMethodTestDescriptor.java:112)
	at org.junit.platform.engine.support.hierarchical.ThrowableCollector.execute(ThrowableCollector.java:73)
	at org.junit.jupiter.engine.descriptor.TestMethodTestDescriptor.prepare(TestMethodTestDescriptor.java:111)
	at org.junit.jupiter.engine.descriptor.TestMethodTestDescriptor.prepare(TestMethodTestDescriptor.java:69)
	at org.junit.platform.engine.support.hierarchical.NodeTestTask.lambda$prepare$2(NodeTestTask.java:128)
	at org.junit.platform.engine.support.hierarchical.ThrowableCollector.execute(ThrowableCollector.java:73)
	at org.junit.platform.engine.support.hierarchical.NodeTestTask.prepare(NodeTestTask.java:128)
	at org.junit.platform.engine.support.hierarchical.NodeTestTask.execute(NodeTestTask.java:95)
	at java.base/java.util.ArrayList.forEach(ArrayList.java:1597)
	at org.junit.platform.engine.support.hierarchical.SameThreadHierarchicalTestExecutorService.invokeAll(SameThreadHierarchicalTestExecutorService.java:41)
	at org.junit.platform.engine.support.hierarchical.NodeTestTask.lambda$executeRecursively$6(NodeTestTask.java:160)
	at org.junit.platform.engine.support.hierarchical.ThrowableCollector.execute(ThrowableCollector.java:73)
	at org.junit.platform.engine.support.hierarchical.NodeTestTask.lambda$executeRecursively$8(NodeTestTask.java:146)
	at org.junit.platform.engine.support.hierarchical.Node.around(Node.java:137)
	at org.junit.platform.engine.support.hierarchical.NodeTestTask.lambda$executeRecursively$9(NodeTestTask.java:144)
	at org.junit.platform.engine.support.hierarchical.ThrowableCollector.execute(ThrowableCollector.java:73)
	at org.junit.platform.engine.support.hierarchical.NodeTestTask.executeRecursively(NodeTestTask.java:143)
	at org.junit.platform.engine.support.hierarchical.NodeTestTask.execute(NodeTestTask.java:100)
	at java.base/java.util.ArrayList.forEach(ArrayList.java:1597)
	at org.junit.platform.engine.support.hierarchical.SameThreadHierarchicalTestExecutorService.invokeAll(SameThreadHierarchicalTestExecutorService.java:41)
	at org.junit.platform.engine.support.hierarchical.NodeTestTask.lambda$executeRecursively$6(NodeTestTask.java:160)
	at org.junit.platform.engine.support.hierarchical.ThrowableCollector.execute(ThrowableCollector.java:73)
	at org.junit.platform.engine.support.hierarchical.NodeTestTask.lambda$executeRecursively$8(NodeTestTask.java:146)
	at org.junit.platform.engine.support.hierarchical.Node.around(Node.java:137)
	at org.junit.platform.engine.support.hierarchical.NodeTestTask.lambda$executeRecursively$9(NodeTestTask.java:144)
	at org.junit.platform.engine.support.hierarchical.ThrowableCollector.execute(ThrowableCollector.java:73)
	at org.junit.platform.engine.support.hierarchical.NodeTestTask.executeRecursively(NodeTestTask.java:143)
	at org.junit.platform.engine.support.hierarchical.NodeTestTask.execute(NodeTestTask.java:100)
	at org.junit.platform.engine.support.hierarchical.SameThreadHierarchicalTestExecutorService.submit(SameThreadHierarchicalTestExecutorService.java:35)
	at org.junit.platform.engine.support.hierarchical.HierarchicalTestExecutor.execute(HierarchicalTestExecutor.java:57)
	at org.junit.platform.engine.support.hierarchical.HierarchicalTestEngine.execute(HierarchicalTestEngine.java:54)
	at org.junit.platform.launcher.core.EngineExecutionOrchestrator.execute(EngineExecutionOrchestrator.java:201)
	at org.junit.platform.launcher.core.EngineExecutionOrchestrator.execute(EngineExecutionOrchestrator.java:170)
	at org.junit.platform.launcher.core.EngineExecutionOrchestrator.execute(EngineExecutionOrchestrator.java:94)
	at org.junit.platform.launcher.core.EngineExecutionOrchestrator.lambda$execute$0(EngineExecutionOrchestrator.java:59)
	at org.junit.platform.launcher.core.EngineExecutionOrchestrator.withInterceptedStreams(EngineExecutionOrchestrator.java:142)
	at org.junit.platform.launcher.core.EngineExecutionOrchestrator.execute(EngineExecutionOrchestrator.java:58)
	at org.junit.platform.launcher.core.DefaultLauncher.execute(DefaultLauncher.java:103)
	at org.junit.platform.launcher.core.DefaultLauncher.execute(DefaultLauncher.java:85)
	at org.junit.platform.launcher.core.DelegatingLauncher.execute(DelegatingLauncher.java:47)
	at org.junit.platform.launcher.core.InterceptingLauncher.lambda$execute$1(InterceptingLauncher.java:39)
	at org.junit.platform.launcher.core.ClasspathAlignmentCheckingLauncherInterceptor.intercept(ClasspathAlignmentCheckingLauncherInterceptor.java:25)
	at org.junit.platform.launcher.core.InterceptingLauncher.execute(InterceptingLauncher.java:38)
	at org.junit.platform.launcher.core.DelegatingLauncher.execute(DelegatingLauncher.java:47)
	at org.junit.platform.launcher.core.SessionPerRequestLauncher.execute(SessionPerRequestLauncher.java:63)
	at com.intellij.junit5.JUnit5IdeaTestRunner.startRunnerWithArgs(JUnit5IdeaTestRunner.java:66)
	at com.intellij.rt.junit.IdeaTestRunner$Repeater$1.execute(IdeaTestRunner.java:38)
	at com.intellij.rt.execution.junit.TestsRepeater.repeat(TestsRepeater.java:11)
	at com.intellij.rt.junit.IdeaTestRunner$Repeater.startRunnerWithArgs(IdeaTestRunner.java:35)
	at com.intellij.rt.junit.JUnitStarter.prepareStreamsAndStart(JUnitStarter.java:237)
	at com.intellij.rt.junit.JUnitStarter.main(JUnitStarter.java:58)
2026-02-20 21:56:24 WARN  [main] o.s.test.context.TestContextManager - Caught exception while allowing TestExecutionListener [org.springframework.test.context.support.DependencyInjectionTestExecutionListener] to prepare test instance [com.MFP.OrderService.repository.OrderRepositoryTest@5dbb50f3]
java.lang.IllegalStateException: ApplicationContext failure threshold (1) exceeded: skipping repeated attempt to load context for [MergedContextConfiguration@655f69da testClass = com.MFP.OrderService.repository.OrderRepositoryTest, locations = [], classes = [com.MFP.OrderService.OrderServiceApplication], contextInitializerClasses = [], activeProfiles = [], propertySourceDescriptors = [], propertySourceProperties = ["org.springframework.boot.test.autoconfigure.orm.jpa.DataJpaTestContextBootstrapper=true"], contextCustomizers = [[ImportsContextCustomizer@43b5021c key = [org.springframework.boot.autoconfigure.transaction.TransactionAutoConfiguration, org.springframework.boot.autoconfigure.data.jpa.JpaRepositoriesAutoConfiguration, org.springframework.boot.test.autoconfigure.orm.jpa.TestEntityManagerAutoConfiguration, org.springframework.boot.autoconfigure.cache.CacheAutoConfiguration, org.springframework.boot.autoconfigure.orm.jpa.HibernateJpaAutoConfiguration, org.springframework.boot.autoconfigure.sql.init.SqlInitializationAutoConfiguration, org.springframework.boot.test.autoconfigure.jdbc.TestDatabaseAutoConfiguration, org.springframework.boot.autoconfigure.flyway.FlywayAutoConfiguration, org.springframework.boot.autoconfigure.jdbc.DataSourceTransactionManagerAutoConfiguration, org.springframework.boot.autoconfigure.liquibase.LiquibaseAutoConfiguration, org.springframework.boot.autoconfigure.jdbc.JdbcClientAutoConfiguration, org.springframework.boot.autoconfigure.jdbc.DataSourceAutoConfiguration, org.springframework.boot.autoconfigure.jdbc.JdbcTemplateAutoConfiguration]], org.springframework.boot.test.context.filter.ExcludeFilterContextCustomizer@1800a575, org.springframework.boot.test.json.DuplicateJsonObjectContextCustomizerFactory$DuplicateJsonObjectContextCustomizer@130e116b, org.springframework.boot.test.mock.mockito.MockitoContextCustomizer@0, org.springframework.boot.test.web.reactor.netty.DisableReactorResourceFactoryGlobalResourcesContextCustomizerFactory$DisableReactorResourceFactoryGlobalResourcesContextCustomizerCustomizer@39de3d36, org.springframework.boot.test.autoconfigure.OnFailureConditionReportContextCustomizerFactory$OnFailureConditionReportContextCustomizer@3fed2870, org.springframework.boot.test.autoconfigure.OverrideAutoConfigurationContextCustomizerFactory$DisableAutoConfigurationContextCustomizer@764faa6, org.springframework.boot.test.autoconfigure.actuate.observability.ObservabilityContextCustomizerFactory$DisableObservabilityContextCustomizer@1f, org.springframework.boot.test.autoconfigure.filter.TypeExcludeFiltersContextCustomizer@34be3d80, org.springframework.boot.test.autoconfigure.properties.PropertyMappingContextCustomizer@904f5b80, org.springframework.boot.test.autoconfigure.web.servlet.WebDriverContextCustomizer@2f16c6b3, org.springframework.test.context.support.DynamicPropertiesContextCustomizer@0, org.springframework.boot.test.context.SpringBootTestAnnotation@9c1a6371], contextLoader = org.springframework.boot.test.context.SpringBootContextLoader, parent = null]
	at org.springframework.test.context.cache.DefaultCacheAwareContextLoaderDelegate.loadContext(DefaultCacheAwareContextLoaderDelegate.java:145)
	at org.springframework.test.context.support.DefaultTestContext.getApplicationContext(DefaultTestContext.java:130)
	at org.springframework.test.context.support.DependencyInjectionTestExecutionListener.injectDependencies(DependencyInjectionTestExecutionListener.java:155)
	at org.springframework.test.context.support.DependencyInjectionTestExecutionListener.prepareTestInstance(DependencyInjectionTestExecutionListener.java:111)
	at org.springframework.test.context.TestContextManager.prepareTestInstance(TestContextManager.java:260)
	at org.springframework.test.context.junit.jupiter.SpringExtension.postProcessTestInstance(SpringExtension.java:159)
	at org.junit.jupiter.engine.descriptor.ClassBasedTestDescriptor.lambda$invokeTestInstancePostProcessors$10(ClassBasedTestDescriptor.java:383)
	at org.junit.jupiter.engine.descriptor.ClassBasedTestDescriptor.executeAndMaskThrowable(ClassBasedTestDescriptor.java:388)
	at org.junit.jupiter.engine.descriptor.ClassBasedTestDescriptor.lambda$invokeTestInstancePostProcessors$11(ClassBasedTestDescriptor.java:382)
	at java.base/java.util.stream.ForEachOps$ForEachOp$OfRef.accept(ForEachOps.java:184)
	at java.base/java.util.stream.ReferencePipeline$3$1.accept(ReferencePipeline.java:215)
	at java.base/java.util.stream.ReferencePipeline$2$1.accept(ReferencePipeline.java:197)
	at java.base/java.util.stream.ReferencePipeline$3$1.accept(ReferencePipeline.java:215)
	at java.base/java.util.ArrayList$ArrayListSpliterator.forEachRemaining(ArrayList.java:1709)
	at java.base/java.util.stream.AbstractPipeline.copyInto(AbstractPipeline.java:570)
	at java.base/java.util.stream.AbstractPipeline.wrapAndCopyInto(AbstractPipeline.java:560)
	at java.base/java.util.stream.ForEachOps$ForEachOp.evaluateSequential(ForEachOps.java:151)
	at java.base/java.util.stream.ForEachOps$ForEachOp$OfRef.evaluateSequential(ForEachOps.java:174)
	at java.base/java.util.stream.AbstractPipeline.evaluate(AbstractPipeline.java:265)
	at java.base/java.util.stream.ReferencePipeline.forEach(ReferencePipeline.java:636)
	at org.junit.jupiter.engine.descriptor.ClassBasedTestDescriptor.invokeTestInstancePostProcessors(ClassBasedTestDescriptor.java:382)
	at org.junit.jupiter.engine.descriptor.ClassBasedTestDescriptor.lambda$instantiateAndPostProcessTestInstance$6(ClassBasedTestDescriptor.java:293)
	at org.junit.platform.engine.support.hierarchical.ThrowableCollector.execute(ThrowableCollector.java:73)
	at org.junit.jupiter.engine.descriptor.ClassBasedTestDescriptor.instantiateAndPostProcessTestInstance(ClassBasedTestDescriptor.java:292)
	at org.junit.jupiter.engine.descriptor.ClassBasedTestDescriptor.lambda$testInstancesProvider$4(ClassBasedTestDescriptor.java:281)
	at java.base/java.util.Optional.orElseGet(Optional.java:364)
	at org.junit.jupiter.engine.descriptor.ClassBasedTestDescriptor.lambda$testInstancesProvider$5(ClassBasedTestDescriptor.java:280)
	at org.junit.jupiter.engine.execution.TestInstancesProvider.getTestInstances(TestInstancesProvider.java:27)
	at org.junit.jupiter.engine.descriptor.TestMethodTestDescriptor.lambda$prepare$0(TestMethodTestDescriptor.java:112)
	at org.junit.platform.engine.support.hierarchical.ThrowableCollector.execute(ThrowableCollector.java:73)
	at org.junit.jupiter.engine.descriptor.TestMethodTestDescriptor.prepare(TestMethodTestDescriptor.java:111)
	at org.junit.jupiter.engine.descriptor.TestMethodTestDescriptor.prepare(TestMethodTestDescriptor.java:69)
	at org.junit.platform.engine.support.hierarchical.NodeTestTask.lambda$prepare$2(NodeTestTask.java:128)
	at org.junit.platform.engine.support.hierarchical.ThrowableCollector.execute(ThrowableCollector.java:73)
	at org.junit.platform.engine.support.hierarchical.NodeTestTask.prepare(NodeTestTask.java:128)
	at org.junit.platform.engine.support.hierarchical.NodeTestTask.execute(NodeTestTask.java:95)
	at java.base/java.util.ArrayList.forEach(ArrayList.java:1597)
	at org.junit.platform.engine.support.hierarchical.SameThreadHierarchicalTestExecutorService.invokeAll(SameThreadHierarchicalTestExecutorService.java:41)
	at org.junit.platform.engine.support.hierarchical.NodeTestTask.lambda$executeRecursively$6(NodeTestTask.java:160)
	at org.junit.platform.engine.support.hierarchical.ThrowableCollector.execute(ThrowableCollector.java:73)
	at org.junit.platform.engine.support.hierarchical.NodeTestTask.lambda$executeRecursively$8(NodeTestTask.java:146)
	at org.junit.platform.engine.support.hierarchical.Node.around(Node.java:137)
	at org.junit.platform.engine.support.hierarchical.NodeTestTask.lambda$executeRecursively$9(NodeTestTask.java:144)
	at org.junit.platform.engine.support.hierarchical.ThrowableCollector.execute(ThrowableCollector.java:73)
	at org.junit.platform.engine.support.hierarchical.NodeTestTask.executeRecursively(NodeTestTask.java:143)
	at org.junit.platform.engine.support.hierarchical.NodeTestTask.execute(NodeTestTask.java:100)
	at java.base/java.util.ArrayList.forEach(ArrayList.java:1597)
	at org.junit.platform.engine.support.hierarchical.SameThreadHierarchicalTestExecutorService.invokeAll(SameThreadHierarchicalTestExecutorService.java:41)
	at org.junit.platform.engine.support.hierarchical.NodeTestTask.lambda$executeRecursively$6(NodeTestTask.java:160)
	at org.junit.platform.engine.support.hierarchical.ThrowableCollector.execute(ThrowableCollector.java:73)
	at org.junit.platform.engine.support.hierarchical.NodeTestTask.lambda$executeRecursively$8(NodeTestTask.java:146)
	at org.junit.platform.engine.support.hierarchical.Node.around(Node.java:137)
	at org.junit.platform.engine.support.hierarchical.NodeTestTask.lambda$executeRecursively$9(NodeTestTask.java:144)
	at org.junit.platform.engine.support.hierarchical.ThrowableCollector.execute(ThrowableCollector.java:73)
	at org.junit.platform.engine.support.hierarchical.NodeTestTask.executeRecursively(NodeTestTask.java:143)
	at org.junit.platform.engine.support.hierarchical.NodeTestTask.execute(NodeTestTask.java:100)
	at org.junit.platform.engine.support.hierarchical.SameThreadHierarchicalTestExecutorService.submit(SameThreadHierarchicalTestExecutorService.java:35)
	at org.junit.platform.engine.support.hierarchical.HierarchicalTestExecutor.execute(HierarchicalTestExecutor.java:57)
	at org.junit.platform.engine.support.hierarchical.HierarchicalTestEngine.execute(HierarchicalTestEngine.java:54)
	at org.junit.platform.launcher.core.EngineExecutionOrchestrator.execute(EngineExecutionOrchestrator.java:201)
	at org.junit.platform.launcher.core.EngineExecutionOrchestrator.execute(EngineExecutionOrchestrator.java:170)
	at org.junit.platform.launcher.core.EngineExecutionOrchestrator.execute(EngineExecutionOrchestrator.java:94)
	at org.junit.platform.launcher.core.EngineExecutionOrchestrator.lambda$execute$0(EngineExecutionOrchestrator.java:59)
	at org.junit.platform.launcher.core.EngineExecutionOrchestrator.withInterceptedStreams(EngineExecutionOrchestrator.java:142)
	at org.junit.platform.launcher.core.EngineExecutionOrchestrator.execute(EngineExecutionOrchestrator.java:58)
	at org.junit.platform.launcher.core.DefaultLauncher.execute(DefaultLauncher.java:103)
	at org.junit.platform.launcher.core.DefaultLauncher.execute(DefaultLauncher.java:85)
	at org.junit.platform.launcher.core.DelegatingLauncher.execute(DelegatingLauncher.java:47)
	at org.junit.platform.launcher.core.InterceptingLauncher.lambda$execute$1(InterceptingLauncher.java:39)
	at org.junit.platform.launcher.core.ClasspathAlignmentCheckingLauncherInterceptor.intercept(ClasspathAlignmentCheckingLauncherInterceptor.java:25)
	at org.junit.platform.launcher.core.InterceptingLauncher.execute(InterceptingLauncher.java:38)
	at org.junit.platform.launcher.core.DelegatingLauncher.execute(DelegatingLauncher.java:47)
	at org.junit.platform.launcher.core.SessionPerRequestLauncher.execute(SessionPerRequestLauncher.java:63)
	at com.intellij.junit5.JUnit5IdeaTestRunner.startRunnerWithArgs(JUnit5IdeaTestRunner.java:66)
	at com.intellij.rt.junit.IdeaTestRunner$Repeater$1.execute(IdeaTestRunner.java:38)
	at com.intellij.rt.execution.junit.TestsRepeater.repeat(TestsRepeater.java:11)
	at com.intellij.rt.junit.IdeaTestRunner$Repeater.startRunnerWithArgs(IdeaTestRunner.java:35)
	at com.intellij.rt.junit.JUnitStarter.prepareStreamsAndStart(JUnitStarter.java:237)
	at com.intellij.rt.junit.JUnitStarter.main(JUnitStarter.java:58)
2026-02-20 21:56:24 WARN  [main] o.s.test.context.TestContextManager - Caught exception while allowing TestExecutionListener [org.springframework.test.context.support.DependencyInjectionTestExecutionListener] to prepare test instance [com.MFP.OrderService.repository.OrderRepositoryTest@575c3e9b]
java.lang.IllegalStateException: ApplicationContext failure threshold (1) exceeded: skipping repeated attempt to load context for [MergedContextConfiguration@655f69da testClass = com.MFP.OrderService.repository.OrderRepositoryTest, locations = [], classes = [com.MFP.OrderService.OrderServiceApplication], contextInitializerClasses = [], activeProfiles = [], propertySourceDescriptors = [], propertySourceProperties = ["org.springframework.boot.test.autoconfigure.orm.jpa.DataJpaTestContextBootstrapper=true"], contextCustomizers = [[ImportsContextCustomizer@43b5021c key = [org.springframework.boot.autoconfigure.transaction.TransactionAutoConfiguration, org.springframework.boot.autoconfigure.data.jpa.JpaRepositoriesAutoConfiguration, org.springframework.boot.test.autoconfigure.orm.jpa.TestEntityManagerAutoConfiguration, org.springframework.boot.autoconfigure.cache.CacheAutoConfiguration, org.springframework.boot.autoconfigure.orm.jpa.HibernateJpaAutoConfiguration, org.springframework.boot.autoconfigure.sql.init.SqlInitializationAutoConfiguration, org.springframework.boot.test.autoconfigure.jdbc.TestDatabaseAutoConfiguration, org.springframework.boot.autoconfigure.flyway.FlywayAutoConfiguration, org.springframework.boot.autoconfigure.jdbc.DataSourceTransactionManagerAutoConfiguration, org.springframework.boot.autoconfigure.liquibase.LiquibaseAutoConfiguration, org.springframework.boot.autoconfigure.jdbc.JdbcClientAutoConfiguration, org.springframework.boot.autoconfigure.jdbc.DataSourceAutoConfiguration, org.springframework.boot.autoconfigure.jdbc.JdbcTemplateAutoConfiguration]], org.springframework.boot.test.context.filter.ExcludeFilterContextCustomizer@1800a575, org.springframework.boot.test.json.DuplicateJsonObjectContextCustomizerFactory$DuplicateJsonObjectContextCustomizer@130e116b, org.springframework.boot.test.mock.mockito.MockitoContextCustomizer@0, org.springframework.boot.test.web.reactor.netty.DisableReactorResourceFactoryGlobalResourcesContextCustomizerFactory$DisableReactorResourceFactoryGlobalResourcesContextCustomizerCustomizer@39de3d36, org.springframework.boot.test.autoconfigure.OnFailureConditionReportContextCustomizerFactory$OnFailureConditionReportContextCustomizer@3fed2870, org.springframework.boot.test.autoconfigure.OverrideAutoConfigurationContextCustomizerFactory$DisableAutoConfigurationContextCustomizer@764faa6, org.springframework.boot.test.autoconfigure.actuate.observability.ObservabilityContextCustomizerFactory$DisableObservabilityContextCustomizer@1f, org.springframework.boot.test.autoconfigure.filter.TypeExcludeFiltersContextCustomizer@34be3d80, org.springframework.boot.test.autoconfigure.properties.PropertyMappingContextCustomizer@904f5b80, org.springframework.boot.test.autoconfigure.web.servlet.WebDriverContextCustomizer@2f16c6b3, org.springframework.test.context.support.DynamicPropertiesContextCustomizer@0, org.springframework.boot.test.context.SpringBootTestAnnotation@9c1a6371], contextLoader = org.springframework.boot.test.context.SpringBootContextLoader, parent = null]
	at org.springframework.test.context.cache.DefaultCacheAwareContextLoaderDelegate.loadContext(DefaultCacheAwareContextLoaderDelegate.java:145)
	at org.springframework.test.context.support.DefaultTestContext.getApplicationContext(DefaultTestContext.java:130)
	at org.springframework.test.context.support.DependencyInjectionTestExecutionListener.injectDependencies(DependencyInjectionTestExecutionListener.java:155)
	at org.springframework.test.context.support.DependencyInjectionTestExecutionListener.prepareTestInstance(DependencyInjectionTestExecutionListener.java:111)
	at org.springframework.test.context.TestContextManager.prepareTestInstance(TestContextManager.java:260)
	at org.springframework.test.context.junit.jupiter.SpringExtension.postProcessTestInstance(SpringExtension.java:159)
	at org.junit.jupiter.engine.descriptor.ClassBasedTestDescriptor.lambda$invokeTestInstancePostProcessors$10(ClassBasedTestDescriptor.java:383)
	at org.junit.jupiter.engine.descriptor.ClassBasedTestDescriptor.executeAndMaskThrowable(ClassBasedTestDescriptor.java:388)
	at org.junit.jupiter.engine.descriptor.ClassBasedTestDescriptor.lambda$invokeTestInstancePostProcessors$11(ClassBasedTestDescriptor.java:382)
	at java.base/java.util.stream.ForEachOps$ForEachOp$OfRef.accept(ForEachOps.java:184)
	at java.base/java.util.stream.ReferencePipeline$3$1.accept(ReferencePipeline.java:215)
	at java.base/java.util.stream.ReferencePipeline$2$1.accept(ReferencePipeline.java:197)
	at java.base/java.util.stream.ReferencePipeline$3$1.accept(ReferencePipeline.java:215)
	at java.base/java.util.ArrayList$ArrayListSpliterator.forEachRemaining(ArrayList.java:1709)
	at java.base/java.util.stream.AbstractPipeline.copyInto(AbstractPipeline.java:570)
	at java.base/java.util.stream.AbstractPipeline.wrapAndCopyInto(AbstractPipeline.java:560)
	at java.base/java.util.stream.ForEachOps$ForEachOp.evaluateSequential(ForEachOps.java:151)
	at java.base/java.util.stream.ForEachOps$ForEachOp$OfRef.evaluateSequential(ForEachOps.java:174)
	at java.base/java.util.stream.AbstractPipeline.evaluate(AbstractPipeline.java:265)
	at java.base/java.util.stream.ReferencePipeline.forEach(ReferencePipeline.java:636)
	at org.junit.jupiter.engine.descriptor.ClassBasedTestDescriptor.invokeTestInstancePostProcessors(ClassBasedTestDescriptor.java:382)
	at org.junit.jupiter.engine.descriptor.ClassBasedTestDescriptor.lambda$instantiateAndPostProcessTestInstance$6(ClassBasedTestDescriptor.java:293)
	at org.junit.platform.engine.support.hierarchical.ThrowableCollector.execute(ThrowableCollector.java:73)
	at org.junit.jupiter.engine.descriptor.ClassBasedTestDescriptor.instantiateAndPostProcessTestInstance(ClassBasedTestDescriptor.java:292)
	at org.junit.jupiter.engine.descriptor.ClassBasedTestDescriptor.lambda$testInstancesProvider$4(ClassBasedTestDescriptor.java:281)
	at java.base/java.util.Optional.orElseGet(Optional.java:364)
	at org.junit.jupiter.engine.descriptor.ClassBasedTestDescriptor.lambda$testInstancesProvider$5(ClassBasedTestDescriptor.java:280)
	at org.junit.jupiter.engine.execution.TestInstancesProvider.getTestInstances(TestInstancesProvider.java:27)
	at org.junit.jupiter.engine.descriptor.TestMethodTestDescriptor.lambda$prepare$0(TestMethodTestDescriptor.java:112)
	at org.junit.platform.engine.support.hierarchical.ThrowableCollector.execute(ThrowableCollector.java:73)
	at org.junit.jupiter.engine.descriptor.TestMethodTestDescriptor.prepare(TestMethodTestDescriptor.java:111)
	at org.junit.jupiter.engine.descriptor.TestMethodTestDescriptor.prepare(TestMethodTestDescriptor.java:69)
	at org.junit.platform.engine.support.hierarchical.NodeTestTask.lambda$prepare$2(NodeTestTask.java:128)
	at org.junit.platform.engine.support.hierarchical.ThrowableCollector.execute(ThrowableCollector.java:73)
	at org.junit.platform.engine.support.hierarchical.NodeTestTask.prepare(NodeTestTask.java:128)
	at org.junit.platform.engine.support.hierarchical.NodeTestTask.execute(NodeTestTask.java:95)
	at java.base/java.util.ArrayList.forEach(ArrayList.java:1597)
	at org.junit.platform.engine.support.hierarchical.SameThreadHierarchicalTestExecutorService.invokeAll(SameThreadHierarchicalTestExecutorService.java:41)
	at org.junit.platform.engine.support.hierarchical.NodeTestTask.lambda$executeRecursively$6(NodeTestTask.java:160)
	at org.junit.platform.engine.support.hierarchical.ThrowableCollector.execute(ThrowableCollector.java:73)
	at org.junit.platform.engine.support.hierarchical.NodeTestTask.lambda$executeRecursively$8(NodeTestTask.java:146)
	at org.junit.platform.engine.support.hierarchical.Node.around(Node.java:137)
	at org.junit.platform.engine.support.hierarchical.NodeTestTask.lambda$executeRecursively$9(NodeTestTask.java:144)
	at org.junit.platform.engine.support.hierarchical.ThrowableCollector.execute(ThrowableCollector.java:73)
	at org.junit.platform.engine.support.hierarchical.NodeTestTask.executeRecursively(NodeTestTask.java:143)
	at org.junit.platform.engine.support.hierarchical.NodeTestTask.execute(NodeTestTask.java:100)
	at java.base/java.util.ArrayList.forEach(ArrayList.java:1597)
	at org.junit.platform.engine.support.hierarchical.SameThreadHierarchicalTestExecutorService.invokeAll(SameThreadHierarchicalTestExecutorService.java:41)
	at org.junit.platform.engine.support.hierarchical.NodeTestTask.lambda$executeRecursively$6(NodeTestTask.java:160)
	at org.junit.platform.engine.support.hierarchical.ThrowableCollector.execute(ThrowableCollector.java:73)
	at org.junit.platform.engine.support.hierarchical.NodeTestTask.lambda$executeRecursively$8(NodeTestTask.java:146)
	at org.junit.platform.engine.support.hierarchical.Node.around(Node.java:137)
	at org.junit.platform.engine.support.hierarchical.NodeTestTask.lambda$executeRecursively$9(NodeTestTask.java:144)
	at org.junit.platform.engine.support.hierarchical.ThrowableCollector.execute(ThrowableCollector.java:73)
	at org.junit.platform.engine.support.hierarchical.NodeTestTask.executeRecursively(NodeTestTask.java:143)
	at org.junit.platform.engine.support.hierarchical.NodeTestTask.execute(NodeTestTask.java:100)
	at org.junit.platform.engine.support.hierarchical.SameThreadHierarchicalTestExecutorService.submit(SameThreadHierarchicalTestExecutorService.java:35)
	at org.junit.platform.engine.support.hierarchical.HierarchicalTestExecutor.execute(HierarchicalTestExecutor.java:57)
	at org.junit.platform.engine.support.hierarchical.HierarchicalTestEngine.execute(HierarchicalTestEngine.java:54)
	at org.junit.platform.launcher.core.EngineExecutionOrchestrator.execute(EngineExecutionOrchestrator.java:201)
	at org.junit.platform.launcher.core.EngineExecutionOrchestrator.execute(EngineExecutionOrchestrator.java:170)
	at org.junit.platform.launcher.core.EngineExecutionOrchestrator.execute(EngineExecutionOrchestrator.java:94)
	at org.junit.platform.launcher.core.EngineExecutionOrchestrator.lambda$execute$0(EngineExecutionOrchestrator.java:59)
	at org.junit.platform.launcher.core.EngineExecutionOrchestrator.withInterceptedStreams(EngineExecutionOrchestrator.java:142)
	at org.junit.platform.launcher.core.EngineExecutionOrchestrator.execute(EngineExecutionOrchestrator.java:58)
	at org.junit.platform.launcher.core.DefaultLauncher.execute(DefaultLauncher.java:103)
	at org.junit.platform.launcher.core.DefaultLauncher.execute(DefaultLauncher.java:85)
	at org.junit.platform.launcher.core.DelegatingLauncher.execute(DelegatingLauncher.java:47)
	at org.junit.platform.launcher.core.InterceptingLauncher.lambda$execute$1(InterceptingLauncher.java:39)
	at org.junit.platform.launcher.core.ClasspathAlignmentCheckingLauncherInterceptor.intercept(ClasspathAlignmentCheckingLauncherInterceptor.java:25)
	at org.junit.platform.launcher.core.InterceptingLauncher.execute(InterceptingLauncher.java:38)
	at org.junit.platform.launcher.core.DelegatingLauncher.execute(DelegatingLauncher.java:47)
	at org.junit.platform.launcher.core.SessionPerRequestLauncher.execute(SessionPerRequestLauncher.java:63)
	at com.intellij.junit5.JUnit5IdeaTestRunner.startRunnerWithArgs(JUnit5IdeaTestRunner.java:66)
	at com.intellij.rt.junit.IdeaTestRunner$Repeater$1.execute(IdeaTestRunner.java:38)
	at com.intellij.rt.execution.junit.TestsRepeater.repeat(TestsRepeater.java:11)
	at com.intellij.rt.junit.IdeaTestRunner$Repeater.startRunnerWithArgs(IdeaTestRunner.java:35)
	at com.intellij.rt.junit.JUnitStarter.prepareStreamsAndStart(JUnitStarter.java:237)
	at com.intellij.rt.junit.JUnitStarter.main(JUnitStarter.java:58)
2026-02-20 22:00:09 INFO  [main] c.M.O.repository.OrderRepositoryTest - Starting OrderRepositoryTest using Java 23.0.2 with PID 11404 (started by firoz in D:\Microservice projects\Microservices-First-Project\order-service)
2026-02-20 22:00:09 INFO  [main] c.M.O.repository.OrderRepositoryTest - No active profile set, falling back to 1 default profile: "default"
2026-02-20 22:00:11 INFO  [main] o.s.d.r.c.RepositoryConfigurationDelegate - Bootstrapping Spring Data JPA repositories in DEFAULT mode.
2026-02-20 22:00:12 INFO  [main] o.s.d.r.c.RepositoryConfigurationDelegate - Finished Spring Data repository scanning in 269 ms. Found 1 JPA repository interface.
2026-02-20 22:00:13 INFO  [main] o.h.jpa.internal.util.LogHelper - HHH000204: Processing PersistenceUnitInfo [name: default]
2026-02-20 22:00:13 INFO  [main] org.hibernate.Version - HHH000412: Hibernate ORM core version 6.6.41.Final
2026-02-20 22:00:14 INFO  [main] o.h.c.i.RegionFactoryInitiator - HHH000026: Second-level cache disabled
2026-02-20 22:00:15 INFO  [main] o.s.o.j.p.SpringPersistenceUnitInfo - No LoadTimeWeaver setup: ignoring JPA class transformer
2026-02-20 22:00:15 INFO  [main] com.zaxxer.hikari.HikariDataSource - HikariPool-1 - Starting...
2026-02-20 22:00:16 INFO  [main] com.zaxxer.hikari.pool.HikariPool - HikariPool-1 - Added connection com.mysql.cj.jdbc.ConnectionImpl@838e109
2026-02-20 22:00:16 INFO  [main] com.zaxxer.hikari.HikariDataSource - HikariPool-1 - Start completed.
2026-02-20 22:00:16 INFO  [main] o.hibernate.orm.connections.pooling - HHH10001005: Database info:
	Database JDBC URL [Connecting through datasource 'HikariDataSource (HikariPool-1)']
	Database driver: undefined/unknown
	Database version: 8.4.8
	Autocommit mode: undefined/unknown
	Isolation level: undefined/unknown
	Minimum pool size: undefined/unknown
	Maximum pool size: undefined/unknown
2026-02-20 22:00:19 INFO  [main] o.h.e.t.j.p.i.JtaPlatformInitiator - HHH000489: No JTA platform available (set 'hibernate.transaction.jta.platform' to enable JTA platform integration)
2026-02-20 22:00:20 INFO  [main] o.s.o.j.LocalContainerEntityManagerFactoryBean - Initialized JPA EntityManagerFactory for persistence unit 'default'
2026-02-20 22:00:20 INFO  [main] c.M.O.OrderServiceApplication - Order Service Application started successfully
2026-02-20 22:00:21 INFO  [main] c.M.O.repository.OrderRepositoryTest - Started OrderRepositoryTest in 14.235 seconds (process running for 83.125)
2026-02-20 22:00:26 INFO  [SpringApplicationShutdownHook] o.s.o.j.LocalContainerEntityManagerFactoryBean - Closing JPA EntityManagerFactory for persistence unit 'default'
2026-02-20 22:00:26 INFO  [SpringApplicationShutdownHook] com.zaxxer.hikari.HikariDataSource - HikariPool-1 - Shutdown initiated...
2026-02-20 22:00:26 INFO  [SpringApplicationShutdownHook] com.zaxxer.hikari.HikariDataSource - HikariPool-1 - Shutdown completed.
2026-02-20 22:01:53 INFO  [main] c.M.O.controller.OrderControllerTest - Starting OrderControllerTest using Java 23.0.2 with PID 20152 (started by firoz in D:\Microservice projects\Microservices-First-Project\order-service)
2026-02-20 22:01:53 INFO  [main] c.M.O.controller.OrderControllerTest - No active profile set, falling back to 1 default profile: "default"
2026-02-20 22:02:09 INFO  [main] c.M.O.OrderServiceApplication - Order Service Application started successfully
2026-02-20 22:02:14 INFO  [main] o.s.b.t.m.w.SpringBootMockServletContext - Initializing Spring TestDispatcherServlet ''
2026-02-20 22:02:14 INFO  [main] o.s.t.w.s.TestDispatcherServlet - Initializing Servlet ''
2026-02-20 22:02:14 INFO  [main] o.s.t.w.s.TestDispatcherServlet - Completed initialization in 7 ms
2026-02-20 22:02:14 INFO  [main] c.M.O.controller.OrderControllerTest - Started OrderControllerTest in 33.343 seconds (process running for 50.89)
2026-02-20 22:02:16 WARN  [main] c.M.O.e.GlobalExceptionHandler - Validation Error: [userId: User Id must not be null]
2026-02-20 22:02:17 INFO  [main] c.M.O.controller.OrderController - GET /All Orders fetched
2026-02-20 22:02:17 INFO  [main] c.M.O.controller.OrderController - GET /2 Orders successfully fetched
2026-02-20 22:02:17 INFO  [main] c.M.O.controller.OrderController - POST /order request received 
2026-02-20 22:02:17 INFO  [main] c.M.O.controller.OrderController - POST / Create order successfully with orderId=1 
2026-02-20 22:02:17 INFO  [main] c.M.O.controller.OrderController - DELETE /order request Delete with id 1
2026-02-20 22:02:17 INFO  [main] c.M.O.controller.OrderController - DELETE /Delete order successfully with id=Deleted successfully 
2026-02-20 22:02:18 INFO  [main] c.M.O.controller.OrderController - PUT /order request Updated with id 1
2026-02-20 22:02:18 INFO  [main] c.M.O.controller.OrderController - PUT /Update order successfully with id=1 
2026-02-20 22:02:18 INFO  [main] c.M.O.controller.OrderController - GET /order request fetch by id=1
2026-02-20 22:02:18 WARN  [main] c.M.O.e.GlobalExceptionHandler - Order Not Found Exception: Order with id=1 not found
2026-02-20 22:02:18 INFO  [main] c.M.O.controller.OrderController - GET /order request fetch by id=1
2026-02-20 22:02:18 INFO  [main] c.M.O.controller.OrderController - GET /Order successfully fetched with id=1 
2026-02-20 22:02:18 INFO  [main] c.M.O.controller.OrderController - PUT /order request Updated with id 1
2026-02-20 22:02:18 WARN  [main] c.M.O.e.GlobalExceptionHandler - Order Not Found Exception: Order with id=1 not found
2026-02-20 22:02:18 INFO  [main] o.s.t.c.s.AnnotationConfigContextLoaderUtils - Could not detect default configuration classes for test class [com.MFP.OrderService.integration.OrderIntegrationTest]: OrderIntegrationTest does not declare any static, non-private, non-final, nested classes annotated with @Configuration.
2026-02-20 22:02:19 INFO  [main] o.s.b.t.c.SpringBootTestContextBootstrapper - Found @SpringBootConfiguration com.MFP.OrderService.OrderServiceApplication for test class com.MFP.OrderService.integration.OrderIntegrationTest
2026-02-20 22:02:19 INFO  [main] o.testcontainers.images.PullPolicy - Image pull policy will be performed by: DefaultPullPolicy()
2026-02-20 22:02:19 INFO  [main] o.t.utility.ImageNameSubstitutor - Image name substitution will be performed by: DefaultImageNameSubstitutor (composite of 'ConfigurationFileImageNameSubstitutor' and 'PrefixingImageNameSubstitutor')
2026-02-20 22:02:19 INFO  [main] o.testcontainers.DockerClientFactory - Testcontainers version: 1.21.4
2026-02-20 22:02:22 INFO  [main] o.t.d.DockerClientProviderStrategy - Loaded org.testcontainers.dockerclient.NpipeSocketClientProviderStrategy from ~/.testcontainers.properties, will try it first
2026-02-20 22:02:25 INFO  [main] o.t.d.DockerClientProviderStrategy - Found Docker environment with local Npipe socket (npipe:////./pipe/docker_engine)
2026-02-20 22:02:25 INFO  [main] o.testcontainers.DockerClientFactory - Docker host IP address is localhost
2026-02-20 22:02:25 INFO  [main] o.testcontainers.DockerClientFactory - Connected to docker: 
  Server Version: 29.2.0
  API Version: 1.53
  Operating System: Docker Desktop
  Total Memory: 6905 MB
  Labels: 
    com.docker.desktop.address=npipe://\\.\pipe\docker_cli
2026-02-20 22:02:26 INFO  [main] tc.testcontainers/ryuk:0.12.0 - Creating container for image: testcontainers/ryuk:0.12.0
2026-02-20 22:02:28 INFO  [main] tc.testcontainers/ryuk:0.12.0 - Container testcontainers/ryuk:0.12.0 is starting: 70f1b06a72d47596f5d963f2739c661b26bee177dc4546c9fb359d84d0106a33
2026-02-20 22:02:31 INFO  [main] tc.testcontainers/ryuk:0.12.0 - Container testcontainers/ryuk:0.12.0 started in PT4.893236S
2026-02-20 22:02:31 INFO  [main] o.t.utility.RyukResourceReaper - Ryuk started - will monitor and terminate Testcontainers containers on JVM exit
2026-02-20 22:02:31 INFO  [main] o.testcontainers.DockerClientFactory - Checking the system...
2026-02-20 22:02:31 INFO  [main] o.testcontainers.DockerClientFactory - ?? Docker server version should be at least 1.6.0
2026-02-20 22:02:31 INFO  [main] tc.mysql:8.0 - Creating container for image: mysql:8.0
2026-02-20 22:02:32 INFO  [main] tc.mysql:8.0 - Container mysql:8.0 is starting: 2561e8ad6c5bcacd8b28d846bf6d50216d878df40788597fa0b54f9a80c6bb41
2026-02-20 22:02:34 INFO  [main] tc.mysql:8.0 - Waiting for database connection to become available at jdbc:mysql://localhost:59375/testdb using query 'SELECT 1'
2026-02-20 22:03:42 INFO  [main] tc.mysql:8.0 - Container mysql:8.0 started in PT1M11.3589621S
2026-02-20 22:03:42 INFO  [main] tc.mysql:8.0 - Container is started (JDBC URL: jdbc:mysql://localhost:59375/testdb)
2026-02-20 22:03:42 INFO  [main] o.s.b.d.r.RestartApplicationListener - Restart disabled due to context in which it is running
2026-02-20 22:03:43 INFO  [main] c.M.O.i.OrderIntegrationTest - Starting OrderIntegrationTest using Java 23.0.2 with PID 20152 (started by firoz in D:\Microservice projects\Microservices-First-Project\order-service)
2026-02-20 22:03:43 INFO  [main] c.M.O.i.OrderIntegrationTest - No active profile set, falling back to 1 default profile: "default"
2026-02-20 22:03:46 INFO  [main] o.s.d.r.c.RepositoryConfigurationDelegate - Bootstrapping Spring Data JPA repositories in DEFAULT mode.
2026-02-20 22:03:46 INFO  [main] o.s.d.r.c.RepositoryConfigurationDelegate - Finished Spring Data repository scanning in 176 ms. Found 1 JPA repository interface.
2026-02-20 22:03:48 INFO  [main] o.h.jpa.internal.util.LogHelper - HHH000204: Processing PersistenceUnitInfo [name: default]
2026-02-20 22:03:48 INFO  [main] org.hibernate.Version - HHH000412: Hibernate ORM core version 6.6.41.Final
2026-02-20 22:03:49 INFO  [main] o.h.c.i.RegionFactoryInitiator - HHH000026: Second-level cache disabled
2026-02-20 22:03:50 INFO  [main] o.s.o.j.p.SpringPersistenceUnitInfo - No LoadTimeWeaver setup: ignoring JPA class transformer
2026-02-20 22:03:50 INFO  [main] com.zaxxer.hikari.HikariDataSource - HikariPool-1 - Starting...
2026-02-20 22:03:51 INFO  [main] com.zaxxer.hikari.pool.HikariPool - HikariPool-1 - Added connection com.mysql.cj.jdbc.ConnectionImpl@1260e71c
2026-02-20 22:03:51 INFO  [main] com.zaxxer.hikari.HikariDataSource - HikariPool-1 - Start completed.
2026-02-20 22:03:52 INFO  [main] o.hibernate.orm.connections.pooling - HHH10001005: Database info:
	Database JDBC URL [Connecting through datasource 'HikariDataSource (HikariPool-1)']
	Database driver: undefined/unknown
	Database version: 8.0.45
	Autocommit mode: undefined/unknown
	Isolation level: undefined/unknown
	Minimum pool size: undefined/unknown
	Maximum pool size: undefined/unknown
2026-02-20 22:03:57 INFO  [main] o.h.e.t.j.p.i.JtaPlatformInitiator - HHH000489: No JTA platform available (set 'hibernate.transaction.jta.platform' to enable JTA platform integration)
2026-02-20 22:03:57 INFO  [main] o.s.o.j.LocalContainerEntityManagerFactoryBean - Initialized JPA EntityManagerFactory for persistence unit 'default'
2026-02-20 22:03:57 INFO  [main] c.M.O.OrderServiceApplication - Order Service Application started successfully
2026-02-20 22:03:59 WARN  [main] o.s.b.a.o.j.JpaBaseConfiguration$JpaWebConfiguration - spring.jpa.open-in-view is enabled by default. Therefore, database queries may be performed during view rendering. Explicitly configure spring.jpa.open-in-view to disable this warning
2026-02-20 22:04:00 INFO  [main] o.s.b.t.m.w.SpringBootMockServletContext - Initializing Spring TestDispatcherServlet ''
2026-02-20 22:04:00 INFO  [main] o.s.t.w.s.TestDispatcherServlet - Initializing Servlet ''
2026-02-20 22:04:00 INFO  [main] o.s.t.w.s.TestDispatcherServlet - Completed initialization in 2 ms
2026-02-20 22:04:00 INFO  [main] c.M.O.i.OrderIntegrationTest - Started OrderIntegrationTest in 17.873 seconds (process running for 156.761)
2026-02-20 22:04:00 INFO  [main] c.M.O.controller.OrderController - GET /order request fetch by id=2
2026-02-20 22:04:01 WARN  [main] c.M.O.service.OrderService - Order with id=2 not found
2026-02-20 22:04:01 WARN  [main] c.M.O.e.GlobalExceptionHandler - Order Not Found Exception: Order with id=2 not found
2026-02-20 22:04:01 INFO  [main] c.M.O.controller.OrderController - POST /order request received 
2026-02-20 22:04:01 INFO  [main] c.M.O.service.OrderService - Create order request was received for user id=1, and amount=2522 
2026-02-20 22:04:01 INFO  [main] c.M.O.service.OrderService - Order Cerated successfully with userId=1, and amount=2522
2026-02-20 22:04:01 INFO  [main] c.M.O.controller.OrderController - POST / Create order successfully with orderId=1 
2026-02-20 22:04:01 INFO  [main] c.M.O.controller.OrderController - POST /order request received 
2026-02-20 22:04:01 INFO  [main] c.M.O.service.OrderService - Create order request was received for user id=2, and amount=2586 
2026-02-20 22:04:01 INFO  [main] c.M.O.service.OrderService - Order Cerated successfully with userId=2, and amount=2586
2026-02-20 22:04:01 INFO  [main] c.M.O.controller.OrderController - POST / Create order successfully with orderId=2 
2026-02-20 22:04:01 INFO  [main] c.M.O.controller.OrderController - GET /order request fetch by id=2
2026-02-20 22:04:01 INFO  [main] c.M.O.controller.OrderController - GET /Order successfully fetched with id=2 
2026-02-20 22:04:02 WARN  [main] c.M.O.e.GlobalExceptionHandler - Validation Error: [amount: Amount must Not be null]
2026-02-20 22:04:03 INFO  [main] tc.mysql:8.4 - Creating container for image: mysql:8.4
2026-02-20 22:04:04 INFO  [main] tc.mysql:8.4 - Container mysql:8.4 is starting: a1f1823ca64c3a253e353bf2fa36b69da367602cf2b816a48bd598f55c450eaa
2026-02-20 22:04:06 INFO  [main] tc.mysql:8.4 - Waiting for database connection to become available at jdbc:mysql://localhost:62601/orderdb using query 'SELECT 1'
2026-02-20 22:04:16 WARN  [HikariPool-1:housekeeper] com.zaxxer.hikari.pool.PoolBase - HikariPool-1 - Failed to validate connection com.mysql.cj.jdbc.ConnectionImpl@1260e71c (No operations allowed after connection closed.). Possibly consider using a shorter maxLifetime value.
2026-02-20 22:04:19 WARN  [HikariPool-1:housekeeper] com.zaxxer.hikari.pool.PoolBase - HikariPool-1 - Failed to validate connection com.mysql.cj.jdbc.ConnectionImpl@2839387f (No operations allowed after connection closed.). Possibly consider using a shorter maxLifetime value.
2026-02-20 22:04:21 WARN  [HikariPool-1:housekeeper] com.zaxxer.hikari.pool.PoolBase - HikariPool-1 - Failed to validate connection com.mysql.cj.jdbc.ConnectionImpl@7d6f0dc4 (No operations allowed after connection closed.). Possibly consider using a shorter maxLifetime value.
2026-02-20 22:04:58 INFO  [main] tc.mysql:8.4 - Container mysql:8.4 started in PT55.0467306S
2026-02-20 22:04:58 INFO  [main] tc.mysql:8.4 - Container is started (JDBC URL: jdbc:mysql://localhost:62601/orderdb)
2026-02-20 22:04:58 INFO  [main] o.s.t.c.s.AnnotationConfigContextLoaderUtils - Could not detect default configuration classes for test class [com.MFP.OrderService.repository.OrderRepositoryTest]: OrderRepositoryTest does not declare any static, non-private, non-final, nested classes annotated with @Configuration.
2026-02-20 22:04:58 INFO  [main] o.s.b.t.c.SpringBootTestContextBootstrapper - Found @SpringBootConfiguration com.MFP.OrderService.OrderServiceApplication for test class com.MFP.OrderService.repository.OrderRepositoryTest
2026-02-20 22:04:58 INFO  [main] o.s.b.d.r.RestartApplicationListener - Restart disabled due to context in which it is running
2026-02-20 22:04:58 INFO  [main] c.M.O.repository.OrderRepositoryTest - Starting OrderRepositoryTest using Java 23.0.2 with PID 20152 (started by firoz in D:\Microservice projects\Microservices-First-Project\order-service)
2026-02-20 22:04:58 INFO  [main] c.M.O.repository.OrderRepositoryTest - No active profile set, falling back to 1 default profile: "default"
2026-02-20 22:04:59 INFO  [main] o.s.d.r.c.RepositoryConfigurationDelegate - Bootstrapping Spring Data JPA repositories in DEFAULT mode.
2026-02-20 22:04:59 INFO  [main] o.s.d.r.c.RepositoryConfigurationDelegate - Finished Spring Data repository scanning in 52 ms. Found 1 JPA repository interface.
2026-02-20 22:04:59 INFO  [main] o.h.jpa.internal.util.LogHelper - HHH000204: Processing PersistenceUnitInfo [name: default]
2026-02-20 22:04:59 INFO  [main] o.h.c.i.RegionFactoryInitiator - HHH000026: Second-level cache disabled
2026-02-20 22:05:00 INFO  [main] o.s.o.j.p.SpringPersistenceUnitInfo - No LoadTimeWeaver setup: ignoring JPA class transformer
2026-02-20 22:05:00 INFO  [main] com.zaxxer.hikari.HikariDataSource - HikariPool-2 - Starting...
2026-02-20 22:05:00 INFO  [main] com.zaxxer.hikari.pool.HikariPool - HikariPool-2 - Added connection com.mysql.cj.jdbc.ConnectionImpl@76b9e546
2026-02-20 22:05:00 INFO  [main] com.zaxxer.hikari.HikariDataSource - HikariPool-2 - Start completed.
2026-02-20 22:05:00 INFO  [main] o.hibernate.orm.connections.pooling - HHH10001005: Database info:
	Database JDBC URL [Connecting through datasource 'HikariDataSource (HikariPool-2)']
	Database driver: undefined/unknown
	Database version: 8.4.8
	Autocommit mode: undefined/unknown
	Isolation level: undefined/unknown
	Minimum pool size: undefined/unknown
	Maximum pool size: undefined/unknown
2026-02-20 22:05:00 INFO  [main] o.h.e.t.j.p.i.JtaPlatformInitiator - HHH000489: No JTA platform available (set 'hibernate.transaction.jta.platform' to enable JTA platform integration)
2026-02-20 22:05:00 INFO  [main] o.s.o.j.LocalContainerEntityManagerFactoryBean - Initialized JPA EntityManagerFactory for persistence unit 'default'
2026-02-20 22:05:00 INFO  [main] c.M.O.OrderServiceApplication - Order Service Application started successfully
2026-02-20 22:05:01 INFO  [main] c.M.O.repository.OrderRepositoryTest - Started OrderRepositoryTest in 2.585 seconds (process running for 217.325)
2026-02-20 22:05:07 INFO  [main] c.M.O.service.OrderService - Delete order with id=1
2026-02-20 22:05:07 INFO  [main] c.M.O.service.OrderService - Order deleted successfully with orderId=1
2026-02-20 22:05:08 INFO  [main] c.M.O.service.OrderService - Delete order with id=1
2026-02-20 22:05:08 WARN  [main] c.M.O.service.OrderService - For deleting Order with id=1 not found
2026-02-20 22:05:08 WARN  [main] c.M.O.service.OrderService - Order with id=1 not found
2026-02-20 22:05:08 INFO  [main] c.M.O.service.OrderService - Fetched 2 Orders successfully
2026-02-20 22:05:08 INFO  [main] c.M.O.service.OrderService - Updating order with id=1
2026-02-20 22:05:08 WARN  [main] c.M.O.service.OrderService - Attempt to update cancelled order with status=Cancelled
2026-02-20 22:05:08 INFO  [main] c.M.O.service.OrderService - Updating order with id=1
2026-02-20 22:05:08 INFO  [main] c.M.O.service.OrderService - Order updated successfully with orderId= 1, new status= Created
2026-02-20 22:05:08 INFO  [main] c.M.O.service.OrderService - Updating order with id=1
2026-02-20 22:05:08 WARN  [main] c.M.O.service.OrderService -  For update Order with id=1 not found
2026-02-20 22:05:08 INFO  [main] c.M.O.service.OrderService - Updating order with id=1
2026-02-20 22:05:08 WARN  [main] c.M.O.service.OrderService - Trying to update the amount with zero 
2026-02-20 22:05:08 INFO  [main] c.M.O.service.OrderService - Create order request was received for user id=1, and amount=3000 
2026-02-20 22:05:08 INFO  [main] c.M.O.service.OrderService - Order Cerated successfully with userId=100, and amount=3000
2026-02-20 22:05:08 INFO  [SpringApplicationShutdownHook] o.s.o.j.LocalContainerEntityManagerFactoryBean - Closing JPA EntityManagerFactory for persistence unit 'default'
2026-02-20 22:05:10 INFO  [SpringApplicationShutdownHook] com.zaxxer.hikari.HikariDataSource - HikariPool-1 - Shutdown initiated...
2026-02-20 22:05:14 INFO  [SpringApplicationShutdownHook] com.zaxxer.hikari.HikariDataSource - HikariPool-1 - Shutdown completed.
2026-02-20 22:05:14 INFO  [SpringApplicationShutdownHook] o.s.o.j.LocalContainerEntityManagerFactoryBean - Closing JPA EntityManagerFactory for persistence unit 'default'
2026-02-20 22:05:14 INFO  [SpringApplicationShutdownHook] com.zaxxer.hikari.HikariDataSource - HikariPool-2 - Shutdown initiated...
2026-02-20 22:05:14 INFO  [SpringApplicationShutdownHook] com.zaxxer.hikari.HikariDataSource - HikariPool-2 - Shutdown completed.
